<?xml version="1.0" encoding="UTF-8" standalone="no" ?><gpx xmlns="http://www.topografix.com/GPX/1/1" creator="xplovaLib" version="1.1" xmlns:xsi="http://www.w3.org/2001/XMLSchema-instance" xsi:schemaLocation="http://www.topografix.com/GPX/1/1 http://www.topografix.com/GPX/1/1/gpx.xsd"><trk><name>2026-10-02 09:24</name><trkseg><trkpt lat="25.050243" lon="121.507969"><time>2026-10-02T01:24:50Z</time><ele>11</ele><speed>2.7</speed></trkpt><trkpt lat="25.050247" lon="121.50796"><time>2026-10-02T01:24:51Z</time><ele>11</ele><speed>2.7</speed></trkpt><trkpt lat="25.050262" lon="121.507951"><time>2026-10-02T01:24:56Z</time><ele>0</ele><speed>0.0</speed></trkpt><trkpt lat="25.050281" lon="121.507932"><time>2026-10-02T01:25:07Z</time><ele>14</ele><speed>4.824</speed></trkpt><trkpt lat="25.050307" lon="121.507905"><time>2026-10-02T01:25:08Z</time><ele>13</ele><speed>4.824</speed></trkpt><trkpt lat="25.050327" lon="121.507876"><time>2026-10-02T01:25:09Z</time><ele>13</ele><speed>14.04</speed></trkpt><trkpt lat="25.050363" lon="121.507823"><time>2026-10-02T01:25:10Z</time><ele>12</ele><speed>14.04</speed></trkpt><trkpt lat="25.0504" lon="121.50777"><time>2026-10-02T01:25:11Z</time><ele>12</ele><speed>13.499</speed></trkpt><trkpt lat="25.050439" lon="121.507736"><time>2026-10-02T01:25:12Z</time><ele>12</ele><speed>13.499</speed></trkpt><trkpt lat="25.050468" lon="121.507703"><time>2026-10-02T01:25:13Z</time><ele>12</ele><speed>13.499</speed></trkpt><trkpt lat="25.050493" lon="121.507668"><time>2026-10-02T01:25:14Z</time><ele>12</ele><speed>15.912</speed></trkpt><trkpt lat="25.050509" lon="121.507631"><time>2026-10-02T01:25:15Z</time><ele>12</ele><speed>16.163</speed></trkpt><trkpt lat="25.050528" lon="121.507599"><time>2026-10-02T01:25:16Z</time><ele>12</ele><speed>15.047</speed></trkpt><trkpt lat="25.050548" lon="121.507565"><time>2026-10-02T01:25:17Z</time><ele>12</ele><speed>17.568</speed></trkpt><trkpt lat="25.050551" lon="121.507506"><time>2026-10-02T01:25:18Z</time><ele>12</ele><speed>17.568</speed></trkpt><trkpt lat="25.050551" lon="121.507444"><time>2026-10-02T01:25:19Z</time><ele>12</ele><speed>18.936</speed></trkpt><trkpt lat="25.050554" lon="121.507385"><time>2026-10-02T01:25:20Z</time><ele>12</ele><speed>19.799</speed></trkpt><trkpt lat="25.050564" lon="121.507327"><time>2026-10-02T01:25:21Z</time><ele>12</ele><speed>21.275</speed></trkpt><trkpt lat="25.050566" lon="121.507265"><time>2026-10-02T01:25:22Z</time><ele>11</ele><speed>21.275</speed></trkpt><trkpt lat="25.050555" lon="121.507213"><time>2026-10-02T01:25:23Z</time><ele>10</ele><speed>15.521</speed></trkpt><trkpt lat="25.050551" lon="121.507167"><time>2026-10-02T01:25:24Z</time><ele>9</ele><speed>15.491</speed></trkpt><trkpt lat="25.05055" lon="121.50713"><time>2026-10-02T01:25:25Z</time><ele>10</ele><speed>14.184</speed></trkpt><trkpt lat="25.05054" lon="121.507094"><time>2026-10-02T01:25:26Z</time><ele>10</ele><speed>14.574</speed></trkpt><trkpt lat="25.050529" lon="121.507067"><time>2026-10-02T01:25:27Z</time><ele>10</ele><speed>12.17</speed></trkpt><trkpt lat="25.050526" lon="121.507039"><time>2026-10-02T01:25:28Z</time><ele>10</ele><speed>11.401</speed></trkpt><trkpt lat="25.05053" lon="121.507004"><time>2026-10-02T01:25:29Z</time><ele>10</ele><speed>9.642</speed></trkpt><trkpt lat="25.050533" lon="121.506969"><time>2026-10-02T01:25:30Z</time><ele>10</ele><speed>6.99</speed></trkpt><trkpt lat="25.050533" lon="121.506936"><time>2026-10-02T01:25:31Z</time><ele>10</ele><speed>3.619</speed></trkpt><trkpt lat="25.050537" lon="121.506911"><time>2026-10-02T01:25:32Z</time><ele>9</ele><speed>2.536</speed></trkpt><trkpt lat="25.050543" lon="121.506893"><time>2026-10-02T01:25:33Z</time><ele>9</ele><speed>2.789</speed></trkpt><trkpt lat="25.050566" lon="121.50689"><time>2026-10-02T01:25:42Z</time><ele>9</ele><speed>11.254</speed></trkpt><trkpt lat="25.050597" lon="121.506895"><time>2026-10-02T01:25:43Z</time><ele>9</ele><speed>12.058</speed></trkpt><trkpt lat="25.050634" lon="121.50691"><time>2026-10-02T01:25:44Z</time><ele>9</ele><speed>12.711</speed></trkpt><trkpt lat="25.050676" lon="121.506929"><time>2026-10-02T01:25:45Z</time><ele>9</ele><speed>12.679</speed></trkpt><trkpt lat="25.050708" lon="121.506946"><time>2026-10-02T01:25:46Z</time><ele>9</ele><speed>8.102</speed></trkpt><trkpt lat="25.05074" lon="121.506964"><time>2026-10-02T01:25:47Z</time><ele>8</ele><speed>7.199</speed></trkpt><trkpt lat="25.050751" lon="121.506984"><time>2026-10-02T01:25:49Z</time><ele>9</ele><speed>8.203</speed></trkpt><trkpt lat="25.050783" lon="121.506979"><time>2026-10-02T01:27:11Z</time><ele>9</ele><speed>2.742</speed></trkpt><trkpt lat="25.050809" lon="121.506973"><time>2026-10-02T01:27:13Z</time><ele>9</ele><speed>0.0</speed></trkpt><trkpt lat="25.050833" lon="121.506939"><time>2026-10-02T01:27:30Z</time><ele>8</ele><speed>3.419</speed></trkpt><trkpt lat="25.050863" lon="121.506906"><time>2026-10-02T01:27:31Z</time><ele>8</ele><speed>3.083</speed></trkpt><trkpt lat="25.050891" lon="121.506868"><time>2026-10-02T01:27:32Z</time><ele>8</ele><speed>2.543</speed></trkpt><trkpt lat="25.050917" lon="121.50682"><time>2026-10-02T01:27:33Z</time><ele>8</ele><speed>1.318</speed></trkpt><trkpt lat="25.050911" lon="121.506791"><time>2026-10-02T01:27:37Z</time><ele>9</ele><speed>3.47</speed></trkpt><trkpt lat="25.0509" lon="121.506761"><time>2026-10-02T01:27:38Z</time><ele>8</ele><speed>4.972</speed></trkpt><trkpt lat="25.050886" lon="121.506748"><time>2026-10-02T01:27:43Z</time><ele>9</ele><speed>3.028</speed></trkpt><trkpt lat="25.05089" lon="121.506717"><time>2026-10-02T01:27:48Z</time><ele>8</ele><speed>2.1</speed></trkpt><trkpt lat="25.050894" lon="121.506678"><time>2026-10-02T01:27:49Z</time><ele>8</ele><speed>3.832</speed></trkpt><trkpt lat="25.050898" lon="121.506634"><time>2026-10-02T01:27:50Z</time><ele>8</ele><speed>3.924</speed></trkpt><trkpt lat="25.0509" lon="121.506599"><time>2026-10-02T01:27:51Z</time><ele>8</ele><speed>4.383</speed></trkpt><trkpt lat="25.050907" lon="121.506552"><time>2026-10-02T01:27:52Z</time><ele>8</ele><speed>5.548</speed></trkpt><trkpt lat="25.05091" lon="121.506519"><time>2026-10-02T01:27:53Z</time><ele>9</ele><speed>8.422</speed></trkpt><trkpt lat="25.050892" lon="121.506505"><time>2026-10-02T01:27:54Z</time><ele>8</ele><speed>11.045</speed></trkpt><trkpt lat="25.05087" lon="121.506492"><time>2026-10-02T01:27:55Z</time><ele>8</ele><speed>13.034</speed></trkpt><trkpt lat="25.050844" lon="121.506481"><time>2026-10-02T01:27:56Z</time><ele>8</ele><speed>12.326</speed></trkpt><trkpt lat="25.050824" lon="121.506459"><time>2026-10-02T01:27:57Z</time><ele>8</ele><speed>11.064</speed></trkpt><trkpt lat="25.050808" lon="121.506441"><time>2026-10-02T01:27:58Z</time><ele>8</ele><speed>10.53</speed></trkpt><trkpt lat="25.050804" lon="121.506406"><time>2026-10-02T01:27:59Z</time><ele>8</ele><speed>12.879</speed></trkpt><trkpt lat="25.050806" lon="121.506366"><time>2026-10-02T01:28:00Z</time><ele>8</ele><speed>13.053</speed></trkpt><trkpt lat="25.050816" lon="121.506328"><time>2026-10-02T01:28:01Z</time><ele>7</ele><speed>12.864</speed></trkpt><trkpt lat="25.050836" lon="121.50629"><time>2026-10-02T01:28:02Z</time><ele>7</ele><speed>13.05</speed></trkpt><trkpt lat="25.050863" lon="121.506252"><time>2026-10-02T01:28:03Z</time><ele>7</ele><speed>14.154</speed></trkpt><trkpt lat="25.050889" lon="121.506217"><time>2026-10-02T01:28:04Z</time><ele>7</ele><speed>14.305</speed></trkpt><trkpt lat="25.050915" lon="121.506192"><time>2026-10-02T01:28:05Z</time><ele>7</ele><speed>14.202</speed></trkpt><trkpt lat="25.050949" lon="121.506165"><time>2026-10-02T01:28:06Z</time><ele>7</ele><speed>15.977</speed></trkpt><trkpt lat="25.050986" lon="121.506135"><time>2026-10-02T01:28:07Z</time><ele>7</ele><speed>17.202</speed></trkpt><trkpt lat="25.051017" lon="121.5061"><time>2026-10-02T01:28:08Z</time><ele>6</ele><speed>17.507</speed></trkpt><trkpt lat="25.051044" lon="121.506063"><time>2026-10-02T01:28:09Z</time><ele>7</ele><speed>17.449</speed></trkpt><trkpt lat="25.051069" lon="121.50602"><time>2026-10-02T01:28:10Z</time><ele>7</ele><speed>17.591</speed></trkpt><trkpt lat="25.051092" lon="121.505976"><time>2026-10-02T01:28:11Z</time><ele>6</ele><speed>17.946</speed></trkpt><trkpt lat="25.051104" lon="121.50593"><time>2026-10-02T01:28:12Z</time><ele>6</ele><speed>17.914</speed></trkpt><trkpt lat="25.051115" lon="121.505882"><time>2026-10-02T01:28:13Z</time><ele>6</ele><speed>18.606</speed></trkpt><trkpt lat="25.051125" lon="121.505836"><time>2026-10-02T01:28:14Z</time><ele>6</ele><speed>17.838</speed></trkpt><trkpt lat="25.051137" lon="121.505789"><time>2026-10-02T01:28:15Z</time><ele>5</ele><speed>18.289</speed></trkpt><trkpt lat="25.051152" lon="121.505746"><time>2026-10-02T01:28:16Z</time><ele>6</ele><speed>17.771</speed></trkpt><trkpt lat="25.05117" lon="121.505699"><time>2026-10-02T01:28:17Z</time><ele>5</ele><speed>15.995</speed></trkpt><trkpt lat="25.051194" lon="121.50566"><time>2026-10-02T01:28:18Z</time><ele>5</ele><speed>14.237</speed></trkpt><trkpt lat="25.05122" lon="121.505633"><time>2026-10-02T01:28:19Z</time><ele>5</ele><speed>12.596</speed></trkpt><trkpt lat="25.051252" lon="121.505613"><time>2026-10-02T01:28:20Z</time><ele>5</ele><speed>13.372</speed></trkpt><trkpt lat="25.051291" lon="121.505606"><time>2026-10-02T01:28:21Z</time><ele>4</ele><speed>16.034</speed></trkpt><trkpt lat="25.051333" lon="121.505608"><time>2026-10-02T01:28:22Z</time><ele>5</ele><speed>16.549</speed></trkpt><trkpt lat="25.051377" lon="121.505622"><time>2026-10-02T01:28:23Z</time><ele>5</ele><speed>16.854</speed></trkpt><trkpt lat="25.051421" lon="121.505641"><time>2026-10-02T01:28:24Z</time><ele>5</ele><speed>16.809</speed></trkpt><trkpt lat="25.051466" lon="121.505659"><time>2026-10-02T01:28:25Z</time><ele>4</ele><speed>16.707</speed></trkpt><trkpt lat="25.05151" lon="121.505681"><time>2026-10-02T01:28:26Z</time><ele>4</ele><speed>16.192</speed></trkpt><trkpt lat="25.051549" lon="121.505703"><time>2026-10-02T01:28:27Z</time><ele>5</ele><speed>16.297</speed></trkpt><trkpt lat="25.051588" lon="121.505724"><time>2026-10-02T01:28:28Z</time><ele>6</ele><speed>17.242</speed></trkpt><trkpt lat="25.051629" lon="121.505744"><time>2026-10-02T01:28:29Z</time><ele>5</ele><speed>17.182</speed></trkpt><trkpt lat="25.051668" lon="121.505763"><time>2026-10-02T01:28:30Z</time><ele>4</ele><speed>15.422</speed></trkpt><trkpt lat="25.051705" lon="121.505781"><time>2026-10-02T01:28:31Z</time><ele>5</ele><speed>13.12</speed></trkpt><trkpt lat="25.05174" lon="121.505795"><time>2026-10-02T01:28:32Z</time><ele>3</ele><speed>10.686</speed></trkpt><trkpt lat="25.051773" lon="121.505805"><time>2026-10-02T01:28:33Z</time><ele>5</ele><speed>6.451</speed></trkpt><trkpt lat="25.051802" lon="121.505813"><time>2026-10-02T01:28:34Z</time><ele>5</ele><speed>6.968</speed></trkpt><trkpt lat="25.051829" lon="121.505821"><time>2026-10-02T01:28:35Z</time><ele>5</ele><speed>8.941</speed></trkpt><trkpt lat="25.051862" lon="121.50583"><time>2026-10-02T01:28:36Z</time><ele>5</ele><speed>13.668</speed></trkpt><trkpt lat="25.051903" lon="121.505842"><time>2026-10-02T01:28:37Z</time><ele>5</ele><speed>19.663</speed></trkpt><trkpt lat="25.051949" lon="121.505855"><time>2026-10-02T01:28:38Z</time><ele>4</ele><speed>21.54</speed></trkpt><trkpt lat="25.052001" lon="121.505874"><time>2026-10-02T01:28:39Z</time><ele>5</ele><speed>22.46</speed></trkpt><trkpt lat="25.052057" lon="121.505894"><time>2026-10-02T01:28:40Z</time><ele>5</ele><speed>21.934</speed></trkpt><trkpt lat="25.052103" lon="121.505906"><time>2026-10-02T01:28:41Z</time><ele>5</ele><speed>5.761</speed></trkpt><trkpt lat="25.052142" lon="121.505918"><time>2026-10-02T01:28:42Z</time><ele>5</ele><speed>7.435</speed></trkpt><trkpt lat="25.052172" lon="121.505928"><time>2026-10-02T01:28:43Z</time><ele>5</ele><speed>6.023</speed></trkpt><trkpt lat="25.052199" lon="121.505931"><time>2026-10-02T01:28:44Z</time><ele>6</ele><speed>8.795</speed></trkpt><trkpt lat="25.052222" lon="121.505929"><time>2026-10-02T01:28:45Z</time><ele>5</ele><speed>11.14</speed></trkpt><trkpt lat="25.052244" lon="121.505921"><time>2026-10-02T01:28:46Z</time><ele>6</ele><speed>12.55</speed></trkpt><trkpt lat="25.052276" lon="121.505912"><time>2026-10-02T01:28:47Z</time><ele>6</ele><speed>15.545</speed></trkpt><trkpt lat="25.052307" lon="121.505891"><time>2026-10-02T01:28:48Z</time><ele>5</ele><speed>18.28</speed></trkpt><trkpt lat="25.052342" lon="121.505864"><time>2026-10-02T01:28:49Z</time><ele>5</ele><speed>21.271</speed></trkpt><trkpt lat="25.052382" lon="121.505838"><time>2026-10-02T01:28:50Z</time><ele>4</ele><speed>23.058</speed></trkpt><trkpt lat="25.052427" lon="121.505819"><time>2026-10-02T01:28:51Z</time><ele>4</ele><speed>23.823</speed></trkpt><trkpt lat="25.052472" lon="121.505804"><time>2026-10-02T01:28:52Z</time><ele>4</ele><speed>20.378</speed></trkpt><trkpt lat="25.052519" lon="121.5058"><time>2026-10-02T01:28:53Z</time><ele>4</ele><speed>18.77</speed></trkpt><trkpt lat="25.052571" lon="121.50581"><time>2026-10-02T01:28:54Z</time><ele>5</ele><speed>18.332</speed></trkpt><trkpt lat="25.05262" lon="121.50583"><time>2026-10-02T01:28:55Z</time><ele>4</ele><speed>16.963</speed></trkpt><trkpt lat="25.05267" lon="121.505854"><time>2026-10-02T01:28:56Z</time><ele>4</ele><speed>17.337</speed></trkpt><trkpt lat="25.052716" lon="121.505877"><time>2026-10-02T01:28:57Z</time><ele>4</ele><speed>18.506</speed></trkpt><trkpt lat="25.052765" lon="121.5059"><time>2026-10-02T01:28:58Z</time><ele>4</ele><speed>19.277</speed></trkpt><trkpt lat="25.052817" lon="121.505922"><time>2026-10-02T01:28:59Z</time><ele>3</ele><speed>18.39</speed></trkpt><trkpt lat="25.052869" lon="121.505941"><time>2026-10-02T01:29:00Z</time><ele>5</ele><speed>19.683</speed></trkpt><trkpt lat="25.052926" lon="121.505958"><time>2026-10-02T01:29:01Z</time><ele>4</ele><speed>19.6</speed></trkpt><trkpt lat="25.052981" lon="121.505974"><time>2026-10-02T01:29:02Z</time><ele>4</ele><speed>18.441</speed></trkpt><trkpt lat="25.053041" lon="121.505987"><time>2026-10-02T01:29:03Z</time><ele>4</ele><speed>20.336</speed></trkpt><trkpt lat="25.053098" lon="121.505999"><time>2026-10-02T01:29:04Z</time><ele>3</ele><speed>18.826</speed></trkpt><trkpt lat="25.053153" lon="121.506011"><time>2026-10-02T01:29:05Z</time><ele>5</ele><speed>19.278</speed></trkpt><trkpt lat="25.053208" lon="121.506022"><time>2026-10-02T01:29:06Z</time><ele>4</ele><speed>20.328</speed></trkpt><trkpt lat="25.053261" lon="121.506033"><time>2026-10-02T01:29:07Z</time><ele>4</ele><speed>19.802</speed></trkpt><trkpt lat="25.053313" lon="121.506046"><time>2026-10-02T01:29:08Z</time><ele>4</ele><speed>19.16</speed></trkpt><trkpt lat="25.053359" lon="121.50606"><time>2026-10-02T01:29:09Z</time><ele>4</ele><speed>18.769</speed></trkpt><trkpt lat="25.053406" lon="121.506076"><time>2026-10-02T01:29:10Z</time><ele>3</ele><speed>18.611</speed></trkpt><trkpt lat="25.053453" lon="121.506091"><time>2026-10-02T01:29:11Z</time><ele>2</ele><speed>18.476</speed></trkpt><trkpt lat="25.053497" lon="121.506102"><time>2026-10-02T01:29:12Z</time><ele>4</ele><speed>17.167</speed></trkpt><trkpt lat="25.053541" lon="121.506113"><time>2026-10-02T01:29:13Z</time><ele>3</ele><speed>17.641</speed></trkpt><trkpt lat="25.053586" lon="121.506123"><time>2026-10-02T01:29:14Z</time><ele>2</ele><speed>18.606</speed></trkpt><trkpt lat="25.05363" lon="121.506133"><time>2026-10-02T01:29:15Z</time><ele>1</ele><speed>18.701</speed></trkpt><trkpt lat="25.053674" lon="121.506143"><time>2026-10-02T01:29:16Z</time><ele>0</ele><speed>18.863</speed></trkpt><trkpt lat="25.053719" lon="121.506153"><time>2026-10-02T01:29:17Z</time><ele>1</ele><speed>19.02</speed></trkpt><trkpt lat="25.053764" lon="121.506165"><time>2026-10-02T01:29:18Z</time><ele>2</ele><speed>18.603</speed></trkpt><trkpt lat="25.053809" lon="121.50618"><time>2026-10-02T01:29:19Z</time><ele>3</ele><speed>18.897</speed></trkpt><trkpt lat="25.053853" lon="121.506195"><time>2026-10-02T01:29:20Z</time><ele>3</ele><speed>19.06</speed></trkpt><trkpt lat="25.053898" lon="121.506209"><time>2026-10-02T01:29:21Z</time><ele>2</ele><speed>19.056</speed></trkpt><trkpt lat="25.053943" lon="121.506223"><time>2026-10-02T01:29:22Z</time><ele>3</ele><speed>18.358</speed></trkpt><trkpt lat="25.053987" lon="121.506237"><time>2026-10-02T01:29:23Z</time><ele>3</ele><speed>17.881</speed></trkpt><trkpt lat="25.054031" lon="121.506252"><time>2026-10-02T01:29:24Z</time><ele>3</ele><speed>17.953</speed></trkpt><trkpt lat="25.054075" lon="121.506265"><time>2026-10-02T01:29:25Z</time><ele>3</ele><speed>18.919</speed></trkpt><trkpt lat="25.054121" lon="121.506278"><time>2026-10-02T01:29:26Z</time><ele>3</ele><speed>20.241</speed></trkpt><trkpt lat="25.054167" lon="121.506293"><time>2026-10-02T01:29:27Z</time><ele>3</ele><speed>19.908</speed></trkpt><trkpt lat="25.054212" lon="121.506309"><time>2026-10-02T01:29:28Z</time><ele>3</ele><speed>19.554</speed></trkpt><trkpt lat="25.054258" lon="121.506324"><time>2026-10-02T01:29:29Z</time><ele>5</ele><speed>18.288</speed></trkpt><trkpt lat="25.054303" lon="121.50634"><time>2026-10-02T01:29:30Z</time><ele>4</ele><speed>17.971</speed></trkpt><trkpt lat="25.054347" lon="121.506358"><time>2026-10-02T01:29:31Z</time><ele>3</ele><speed>17.919</speed></trkpt><trkpt lat="25.054388" lon="121.506379"><time>2026-10-02T01:29:32Z</time><ele>3</ele><speed>17.665</speed></trkpt><trkpt lat="25.054427" lon="121.506402"><time>2026-10-02T01:29:33Z</time><ele>2</ele><speed>17.776</speed></trkpt><trkpt lat="25.054465" lon="121.506424"><time>2026-10-02T01:29:34Z</time><ele>5</ele><speed>16.126</speed></trkpt><trkpt lat="25.054502" lon="121.506448"><time>2026-10-02T01:29:35Z</time><ele>3</ele><speed>17.184</speed></trkpt><trkpt lat="25.054539" lon="121.506471"><time>2026-10-02T01:29:36Z</time><ele>4</ele><speed>16.984</speed></trkpt><trkpt lat="25.054575" lon="121.506493"><time>2026-10-02T01:29:37Z</time><ele>4</ele><speed>16.575</speed></trkpt><trkpt lat="25.054612" lon="121.506515"><time>2026-10-02T01:29:38Z</time><ele>4</ele><speed>16.809</speed></trkpt><trkpt lat="25.05465" lon="121.506534"><time>2026-10-02T01:29:39Z</time><ele>3</ele><speed>17.337</speed></trkpt><trkpt lat="25.054688" lon="121.506555"><time>2026-10-02T01:29:40Z</time><ele>5</ele><speed>17.391</speed></trkpt><trkpt lat="25.054727" lon="121.506575"><time>2026-10-02T01:29:41Z</time><ele>5</ele><speed>17.846</speed></trkpt><trkpt lat="25.054766" lon="121.506597"><time>2026-10-02T01:29:42Z</time><ele>4</ele><speed>17.737</speed></trkpt><trkpt lat="25.054805" lon="121.506619"><time>2026-10-02T01:29:43Z</time><ele>4</ele><speed>17.578</speed></trkpt><trkpt lat="25.054844" lon="121.506642"><time>2026-10-02T01:29:44Z</time><ele>4</ele><speed>17.945</speed></trkpt><trkpt lat="25.054884" lon="121.506664"><time>2026-10-02T01:29:45Z</time><ele>4</ele><speed>18.668</speed></trkpt><trkpt lat="25.054925" lon="121.506688"><time>2026-10-02T01:29:46Z</time><ele>4</ele><speed>18.855</speed></trkpt><trkpt lat="25.054967" lon="121.506712"><time>2026-10-02T01:29:47Z</time><ele>4</ele><speed>18.727</speed></trkpt><trkpt lat="25.055009" lon="121.506736"><time>2026-10-02T01:29:48Z</time><ele>4</ele><speed>18.903</speed></trkpt><trkpt lat="25.055051" lon="121.506761"><time>2026-10-02T01:29:49Z</time><ele>4</ele><speed>18.307</speed></trkpt><trkpt lat="25.055093" lon="121.506784"><time>2026-10-02T01:29:50Z</time><ele>4</ele><speed>17.813</speed></trkpt><trkpt lat="25.055135" lon="121.506807"><time>2026-10-02T01:29:51Z</time><ele>4</ele><speed>17.758</speed></trkpt><trkpt lat="25.055177" lon="121.506829"><time>2026-10-02T01:29:52Z</time><ele>4</ele><speed>17.688</speed></trkpt><trkpt lat="25.055218" lon="121.50685"><time>2026-10-02T01:29:53Z</time><ele>5</ele><speed>17.647</speed></trkpt><trkpt lat="25.055259" lon="121.506869"><time>2026-10-02T01:29:54Z</time><ele>5</ele><speed>17.647</speed></trkpt><trkpt lat="25.055301" lon="121.506888"><time>2026-10-02T01:29:55Z</time><ele>5</ele><speed>18.153</speed></trkpt><trkpt lat="25.055343" lon="121.506908"><time>2026-10-02T01:29:56Z</time><ele>5</ele><speed>18.885</speed></trkpt><trkpt lat="25.055385" lon="121.506929"><time>2026-10-02T01:29:57Z</time><ele>4</ele><speed>18.6</speed></trkpt><trkpt lat="25.055427" lon="121.506952"><time>2026-10-02T01:29:58Z</time><ele>4</ele><speed>18.38</speed></trkpt><trkpt lat="25.055469" lon="121.506975"><time>2026-10-02T01:29:59Z</time><ele>4</ele><speed>18.651</speed></trkpt><trkpt lat="25.055511" lon="121.506999"><time>2026-10-02T01:30:00Z</time><ele>4</ele><speed>18.013</speed></trkpt><trkpt lat="25.055553" lon="121.50702"><time>2026-10-02T01:30:01Z</time><ele>5</ele><speed>17.137</speed></trkpt><trkpt lat="25.055592" lon="121.507039"><time>2026-10-02T01:30:02Z</time><ele>5</ele><speed>16.28</speed></trkpt><trkpt lat="25.055633" lon="121.507055"><time>2026-10-02T01:30:03Z</time><ele>5</ele><speed>16.492</speed></trkpt><trkpt lat="25.055674" lon="121.50707"><time>2026-10-02T01:30:04Z</time><ele>6</ele><speed>16.641</speed></trkpt><trkpt lat="25.055715" lon="121.507084"><time>2026-10-02T01:30:05Z</time><ele>5</ele><speed>16.565</speed></trkpt><trkpt lat="25.055757" lon="121.507099"><time>2026-10-02T01:30:06Z</time><ele>4</ele><speed>16.757</speed></trkpt><trkpt lat="25.055799" lon="121.507116"><time>2026-10-02T01:30:07Z</time><ele>5</ele><speed>16.123</speed></trkpt><trkpt lat="25.055838" lon="121.507138"><time>2026-10-02T01:30:08Z</time><ele>4</ele><speed>15.941</speed></trkpt><trkpt lat="25.055874" lon="121.507166"><time>2026-10-02T01:30:09Z</time><ele>4</ele><speed>17.008</speed></trkpt><trkpt lat="25.055901" lon="121.507199"><time>2026-10-02T01:30:10Z</time><ele>5</ele><speed>16.673</speed></trkpt><trkpt lat="25.055926" lon="121.507237"><time>2026-10-02T01:30:11Z</time><ele>6</ele><speed>17.687</speed></trkpt><trkpt lat="25.055946" lon="121.507277"><time>2026-10-02T01:30:12Z</time><ele>6</ele><speed>17.39</speed></trkpt><trkpt lat="25.055963" lon="121.507321"><time>2026-10-02T01:30:13Z</time><ele>6</ele><speed>17.672</speed></trkpt><trkpt lat="25.055979" lon="121.507366"><time>2026-10-02T01:30:14Z</time><ele>6</ele><speed>17.26</speed></trkpt><trkpt lat="25.055995" lon="121.507409"><time>2026-10-02T01:30:15Z</time><ele>8</ele><speed>17.191</speed></trkpt><trkpt lat="25.056015" lon="121.507452"><time>2026-10-02T01:30:16Z</time><ele>7</ele><speed>17.002</speed></trkpt><trkpt lat="25.056033" lon="121.507493"><time>2026-10-02T01:30:17Z</time><ele>6</ele><speed>16.492</speed></trkpt><trkpt lat="25.056053" lon="121.50753"><time>2026-10-02T01:30:18Z</time><ele>5</ele><speed>14.782</speed></trkpt><trkpt lat="25.056078" lon="121.507562"><time>2026-10-02T01:30:19Z</time><ele>5</ele><speed>16.039</speed></trkpt><trkpt lat="25.056109" lon="121.50759"><time>2026-10-02T01:30:20Z</time><ele>6</ele><speed>16.88</speed></trkpt><trkpt lat="25.056143" lon="121.507614"><time>2026-10-02T01:30:21Z</time><ele>6</ele><speed>17.226</speed></trkpt><trkpt lat="25.056181" lon="121.507633"><time>2026-10-02T01:30:22Z</time><ele>7</ele><speed>16.99</speed></trkpt><trkpt lat="25.056222" lon="121.507648"><time>2026-10-02T01:30:23Z</time><ele>7</ele><speed>17.141</speed></trkpt><trkpt lat="25.056265" lon="121.507662"><time>2026-10-02T01:30:24Z</time><ele>7</ele><speed>16.319</speed></trkpt><trkpt lat="25.056308" lon="121.507674"><time>2026-10-02T01:30:25Z</time><ele>6</ele><speed>16.544</speed></trkpt><trkpt lat="25.056346" lon="121.507685"><time>2026-10-02T01:30:26Z</time><ele>7</ele><speed>14.253</speed></trkpt><trkpt lat="25.056385" lon="121.507696"><time>2026-10-02T01:30:27Z</time><ele>7</ele><speed>15.202</speed></trkpt><trkpt lat="25.056424" lon="121.507706"><time>2026-10-02T01:30:28Z</time><ele>6</ele><speed>16.174</speed></trkpt><trkpt lat="25.056463" lon="121.507716"><time>2026-10-02T01:30:29Z</time><ele>6</ele><speed>15.833</speed></trkpt><trkpt lat="25.056504" lon="121.507727"><time>2026-10-02T01:30:30Z</time><ele>6</ele><speed>15.688</speed></trkpt><trkpt lat="25.056542" lon="121.507738"><time>2026-10-02T01:30:31Z</time><ele>5</ele><speed>15.652</speed></trkpt><trkpt lat="25.056581" lon="121.507749"><time>2026-10-02T01:30:32Z</time><ele>7</ele><speed>14.617</speed></trkpt><trkpt lat="25.056617" lon="121.507763"><time>2026-10-02T01:30:33Z</time><ele>8</ele><speed>14.521</speed></trkpt><trkpt lat="25.056648" lon="121.507781"><time>2026-10-02T01:30:34Z</time><ele>7</ele><speed>14.33</speed></trkpt><trkpt lat="25.056675" lon="121.507803"><time>2026-10-02T01:30:35Z</time><ele>7</ele><speed>13.846</speed></trkpt><trkpt lat="25.056699" lon="121.507828"><time>2026-10-02T01:30:36Z</time><ele>6</ele><speed>14.366</speed></trkpt><trkpt lat="25.056722" lon="121.507856"><time>2026-10-02T01:30:37Z</time><ele>6</ele><speed>13.778</speed></trkpt><trkpt lat="25.056745" lon="121.507887"><time>2026-10-02T01:30:38Z</time><ele>6</ele><speed>14.218</speed></trkpt><trkpt lat="25.056769" lon="121.507917"><time>2026-10-02T01:30:39Z</time><ele>5</ele><speed>14.002</speed></trkpt><trkpt lat="25.056795" lon="121.507944"><time>2026-10-02T01:30:40Z</time><ele>5</ele><speed>13.614</speed></trkpt><trkpt lat="25.056825" lon="121.507969"><time>2026-10-02T01:30:41Z</time><ele>5</ele><speed>13.071</speed></trkpt><trkpt lat="25.056853" lon="121.507987"><time>2026-10-02T01:30:42Z</time><ele>7</ele><speed>10.318</speed></trkpt><trkpt lat="25.056884" lon="121.508004"><time>2026-10-02T01:30:43Z</time><ele>8</ele><speed>9.627</speed></trkpt><trkpt lat="25.056915" lon="121.508019"><time>2026-10-02T01:30:44Z</time><ele>8</ele><speed>10.576</speed></trkpt><trkpt lat="25.056946" lon="121.508033"><time>2026-10-02T01:30:45Z</time><ele>8</ele><speed>11.383</speed></trkpt><trkpt lat="25.056977" lon="121.508047"><time>2026-10-02T01:30:46Z</time><ele>7</ele><speed>11.727</speed></trkpt><trkpt lat="25.057004" lon="121.50806"><time>2026-10-02T01:30:47Z</time><ele>7</ele><speed>10.86</speed></trkpt><trkpt lat="25.057029" lon="121.508077"><time>2026-10-02T01:30:48Z</time><ele>7</ele><speed>8.849</speed></trkpt><trkpt lat="25.057041" lon="121.508095"><time>2026-10-02T01:30:49Z</time><ele>7</ele><speed>6.797</speed></trkpt><trkpt lat="25.057049" lon="121.508077"><time>2026-10-02T01:32:06Z</time><ele>9</ele><speed>5.462</speed></trkpt><trkpt lat="25.057051" lon="121.508054"><time>2026-10-02T01:32:07Z</time><ele>9</ele><speed>5.487</speed></trkpt><trkpt lat="25.057049" lon="121.508026"><time>2026-10-02T01:32:08Z</time><ele>9</ele><speed>5.462</speed></trkpt><trkpt lat="25.057043" lon="121.507991"><time>2026-10-02T01:32:09Z</time><ele>9</ele><speed>6.155</speed></trkpt><trkpt lat="25.057036" lon="121.50795"><time>2026-10-02T01:32:10Z</time><ele>9</ele><speed>5.513</speed></trkpt><trkpt lat="25.057035" lon="121.507904"><time>2026-10-02T01:32:11Z</time><ele>9</ele><speed>5.383</speed></trkpt><trkpt lat="25.057032" lon="121.507884"><time>2026-10-02T01:32:14Z</time><ele>9</ele><speed>4.499</speed></trkpt><trkpt lat="25.057028" lon="121.507863"><time>2026-10-02T01:32:15Z</time><ele>9</ele><speed>4.244</speed></trkpt><trkpt lat="25.057022" lon="121.507844"><time>2026-10-02T01:32:16Z</time><ele>10</ele><speed>3.338</speed></trkpt><trkpt lat="25.057005" lon="121.507824"><time>2026-10-02T01:32:54Z</time><ele>6</ele><speed>2.538</speed></trkpt><trkpt lat="25.056984" lon="121.507806"><time>2026-10-02T01:32:55Z</time><ele>6</ele><speed>5.149</speed></trkpt><trkpt lat="25.056957" lon="121.507791"><time>2026-10-02T01:32:56Z</time><ele>6</ele><speed>8.319</speed></trkpt><trkpt lat="25.056927" lon="121.507782"><time>2026-10-02T01:32:57Z</time><ele>6</ele><speed>9.599</speed></trkpt><trkpt lat="25.056894" lon="121.507775"><time>2026-10-02T01:32:58Z</time><ele>6</ele><speed>10.577</speed></trkpt><trkpt lat="25.056857" lon="121.507766"><time>2026-10-02T01:32:59Z</time><ele>6</ele><speed>11.206</speed></trkpt><trkpt lat="25.056827" lon="121.50776"><time>2026-10-02T01:33:00Z</time><ele>6</ele><speed>11.464</speed></trkpt><trkpt lat="25.056796" lon="121.507755"><time>2026-10-02T01:33:01Z</time><ele>6</ele><speed>11.003</speed></trkpt><trkpt lat="25.056766" lon="121.507749"><time>2026-10-02T01:33:02Z</time><ele>6</ele><speed>10.506</speed></trkpt><trkpt lat="25.056737" lon="121.507741"><time>2026-10-02T01:33:03Z</time><ele>6</ele><speed>10.464</speed></trkpt><trkpt lat="25.05671" lon="121.507736"><time>2026-10-02T01:33:04Z</time><ele>6</ele><speed>9.088</speed></trkpt><trkpt lat="25.056686" lon="121.507732"><time>2026-10-02T01:33:05Z</time><ele>6</ele><speed>5.357</speed></trkpt><trkpt lat="25.056667" lon="121.507731"><time>2026-10-02T01:33:50Z</time><ele>6</ele><speed>2.519</speed></trkpt><trkpt lat="25.056682" lon="121.507719"><time>2026-10-02T01:48:53Z</time><ele>5</ele><speed>5.418</speed></trkpt><trkpt lat="25.056704" lon="121.507708"><time>2026-10-02T01:48:54Z</time><ele>5</ele><speed>5.816</speed></trkpt><trkpt lat="25.056732" lon="121.507697"><time>2026-10-02T01:48:55Z</time><ele>5</ele><speed>4.907</speed></trkpt><trkpt lat="25.056765" lon="121.507687"><time>2026-10-02T01:48:56Z</time><ele>5</ele><speed>5.19</speed></trkpt><trkpt lat="25.056801" lon="121.507679"><time>2026-10-02T01:48:57Z</time><ele>5</ele><speed>5.147</speed></trkpt><trkpt lat="25.05684" lon="121.507669"><time>2026-10-02T01:48:58Z</time><ele>5</ele><speed>4.747</speed></trkpt><trkpt lat="25.056859" lon="121.507672"><time>2026-10-02T01:49:03Z</time><ele>4</ele><speed>3.862</speed></trkpt><trkpt lat="25.056877" lon="121.50768"><time>2026-10-02T01:49:05Z</time><ele>5</ele><speed>3.575</speed></trkpt><trkpt lat="25.056896" lon="121.507693"><time>2026-10-02T01:49:06Z</time><ele>5</ele><speed>3.492</speed></trkpt><trkpt lat="25.056914" lon="121.507706"><time>2026-10-02T01:49:07Z</time><ele>5</ele><speed>3.18</speed></trkpt><trkpt lat="25.05692" lon="121.507735"><time>2026-10-02T01:49:25Z</time><ele>5</ele><speed>2.894</speed></trkpt><trkpt lat="25.056927" lon="121.507764"><time>2026-10-02T01:49:26Z</time><ele>6</ele><speed>2.809</speed></trkpt><trkpt lat="25.056864" lon="121.507772"><time>2026-10-02T01:54:53Z</time><ele>6</ele><speed>5.323</speed></trkpt><trkpt lat="25.056791" lon="121.507774"><time>2026-10-02T01:54:54Z</time><ele>6</ele><speed>10.034</speed></trkpt><trkpt lat="25.056712" lon="121.507772"><time>2026-10-02T01:54:55Z</time><ele>6</ele><speed>10.316</speed></trkpt><trkpt lat="25.056627" lon="121.507765"><time>2026-10-02T01:54:56Z</time><ele>6</ele><speed>10.621</speed></trkpt><trkpt lat="25.056547" lon="121.507741"><time>2026-10-02T01:54:57Z</time><ele>6</ele><speed>10.631</speed></trkpt><trkpt lat="25.056459" lon="121.507715"><time>2026-10-02T01:54:58Z</time><ele>7</ele><speed>10.907</speed></trkpt><trkpt lat="25.056428" lon="121.507709"><time>2026-10-02T01:54:59Z</time><ele>7</ele><speed>10.882</speed></trkpt><trkpt lat="25.056399" lon="121.507703"><time>2026-10-02T01:55:00Z</time><ele>7</ele><speed>10.786</speed></trkpt><trkpt lat="25.056371" lon="121.507698"><time>2026-10-02T01:55:01Z</time><ele>7</ele><speed>11.162</speed></trkpt><trkpt lat="25.056342" lon="121.507693"><time>2026-10-02T01:55:02Z</time><ele>7</ele><speed>11.697</speed></trkpt><trkpt lat="25.056313" lon="121.507689"><time>2026-10-02T01:55:03Z</time><ele>7</ele><speed>12.01</speed></trkpt><trkpt lat="25.056284" lon="121.507685"><time>2026-10-02T01:55:04Z</time><ele>7</ele><speed>11.827</speed></trkpt><trkpt lat="25.056254" lon="121.50768"><time>2026-10-02T01:55:05Z</time><ele>7</ele><speed>12.226</speed></trkpt><trkpt lat="25.056224" lon="121.507674"><time>2026-10-02T01:55:06Z</time><ele>7</ele><speed>12.235</speed></trkpt><trkpt lat="25.056194" lon="121.507666"><time>2026-10-02T01:55:07Z</time><ele>7</ele><speed>12.027</speed></trkpt><trkpt lat="25.056165" lon="121.507657"><time>2026-10-02T01:55:08Z</time><ele>7</ele><speed>12.085</speed></trkpt><trkpt lat="25.056137" lon="121.507645"><time>2026-10-02T01:55:09Z</time><ele>7</ele><speed>11.77</speed></trkpt><trkpt lat="25.05611" lon="121.50763"><time>2026-10-02T01:55:10Z</time><ele>7</ele><speed>11.515</speed></trkpt><trkpt lat="25.056086" lon="121.507612"><time>2026-10-02T01:55:11Z</time><ele>7</ele><speed>11.476</speed></trkpt><trkpt lat="25.056064" lon="121.50759"><time>2026-10-02T01:55:12Z</time><ele>7</ele><speed>12.134</speed></trkpt><trkpt lat="25.056044" lon="121.507567"><time>2026-10-02T01:55:13Z</time><ele>7</ele><speed>12.531</speed></trkpt><trkpt lat="25.056024" lon="121.50754"><time>2026-10-02T01:55:14Z</time><ele>7</ele><speed>13.263</speed></trkpt><trkpt lat="25.056005" lon="121.507512"><time>2026-10-02T01:55:15Z</time><ele>7</ele><speed>13.92</speed></trkpt><trkpt lat="25.055987" lon="121.50748"><time>2026-10-02T01:55:16Z</time><ele>7</ele><speed>14.508</speed></trkpt><trkpt lat="25.055968" lon="121.507445"><time>2026-10-02T01:55:17Z</time><ele>7</ele><speed>14.944</speed></trkpt><trkpt lat="25.055951" lon="121.50741"><time>2026-10-02T01:55:18Z</time><ele>7</ele><speed>14.863</speed></trkpt><trkpt lat="25.055933" lon="121.507374"><time>2026-10-02T01:55:19Z</time><ele>7</ele><speed>14.602</speed></trkpt><trkpt lat="25.055916" lon="121.507337"><time>2026-10-02T01:55:20Z</time><ele>6</ele><speed>14.258</speed></trkpt><trkpt lat="25.055898" lon="121.5073"><time>2026-10-02T01:55:21Z</time><ele>6</ele><speed>14.515</speed></trkpt><trkpt lat="25.055878" lon="121.507266"><time>2026-10-02T01:55:22Z</time><ele>7</ele><speed>13.766</speed></trkpt><trkpt lat="25.055856" lon="121.507236"><time>2026-10-02T01:55:23Z</time><ele>6</ele><speed>14.192</speed></trkpt><trkpt lat="25.05583" lon="121.507209"><time>2026-10-02T01:55:24Z</time><ele>6</ele><speed>14.416</speed></trkpt><trkpt lat="25.055803" lon="121.507184"><time>2026-10-02T01:55:25Z</time><ele>6</ele><speed>14.278</speed></trkpt><trkpt lat="25.055772" lon="121.507163"><time>2026-10-02T01:55:26Z</time><ele>5</ele><speed>14.961</speed></trkpt><trkpt lat="25.055738" lon="121.507144"><time>2026-10-02T01:55:27Z</time><ele>6</ele><speed>15.667</speed></trkpt><trkpt lat="25.055703" lon="121.507125"><time>2026-10-02T01:55:28Z</time><ele>6</ele><speed>16.81</speed></trkpt><trkpt lat="25.055667" lon="121.507106"><time>2026-10-02T01:55:29Z</time><ele>5</ele><speed>15.941</speed></trkpt><trkpt lat="25.055631" lon="121.507088"><time>2026-10-02T01:55:30Z</time><ele>5</ele><speed>15.36</speed></trkpt><trkpt lat="25.055594" lon="121.50707"><time>2026-10-02T01:55:31Z</time><ele>6</ele><speed>15.09</speed></trkpt><trkpt lat="25.055558" lon="121.507053"><time>2026-10-02T01:55:32Z</time><ele>5</ele><speed>15.008</speed></trkpt><trkpt lat="25.055523" lon="121.507035"><time>2026-10-02T01:55:33Z</time><ele>5</ele><speed>14.843</speed></trkpt><trkpt lat="25.05549" lon="121.507018"><time>2026-10-02T01:55:34Z</time><ele>6</ele><speed>14.876</speed></trkpt><trkpt lat="25.055456" lon="121.507002"><time>2026-10-02T01:55:35Z</time><ele>5</ele><speed>15.025</speed></trkpt><trkpt lat="25.055423" lon="121.506986"><time>2026-10-02T01:55:36Z</time><ele>5</ele><speed>14.876</speed></trkpt><trkpt lat="25.055389" lon="121.506969"><time>2026-10-02T01:55:37Z</time><ele>5</ele><speed>15.178</speed></trkpt><trkpt lat="25.055355" lon="121.506951"><time>2026-10-02T01:55:38Z</time><ele>5</ele><speed>15.086</speed></trkpt><trkpt lat="25.055321" lon="121.506934"><time>2026-10-02T01:55:39Z</time><ele>6</ele><speed>14.792</speed></trkpt><trkpt lat="25.055286" lon="121.506917"><time>2026-10-02T01:55:40Z</time><ele>5</ele><speed>15.203</speed></trkpt><trkpt lat="25.055252" lon="121.506898"><time>2026-10-02T01:55:41Z</time><ele>5</ele><speed>15.587</speed></trkpt><trkpt lat="25.055217" lon="121.50688"><time>2026-10-02T01:55:42Z</time><ele>5</ele><speed>15.42</speed></trkpt><trkpt lat="25.055182" lon="121.506862"><time>2026-10-02T01:55:43Z</time><ele>5</ele><speed>16.244</speed></trkpt><trkpt lat="25.055146" lon="121.506843"><time>2026-10-02T01:55:44Z</time><ele>5</ele><speed>16.493</speed></trkpt><trkpt lat="25.055111" lon="121.506826"><time>2026-10-02T01:55:45Z</time><ele>5</ele><speed>14.582</speed></trkpt><trkpt lat="25.055076" lon="121.506807"><time>2026-10-02T01:55:46Z</time><ele>5</ele><speed>16.212</speed></trkpt><trkpt lat="25.05504" lon="121.506787"><time>2026-10-02T01:55:47Z</time><ele>5</ele><speed>16.369</speed></trkpt><trkpt lat="25.055003" lon="121.506768"><time>2026-10-02T01:55:48Z</time><ele>5</ele><speed>16.458</speed></trkpt><trkpt lat="25.054967" lon="121.506748"><time>2026-10-02T01:55:49Z</time><ele>6</ele><speed>16.571</speed></trkpt><trkpt lat="25.054932" lon="121.506729"><time>2026-10-02T01:55:50Z</time><ele>5</ele><speed>15.928</speed></trkpt><trkpt lat="25.054895" lon="121.506709"><time>2026-10-02T01:55:51Z</time><ele>5</ele><speed>15.832</speed></trkpt><trkpt lat="25.05486" lon="121.506691"><time>2026-10-02T01:55:52Z</time><ele>5</ele><speed>16.067</speed></trkpt><trkpt lat="25.054824" lon="121.506674"><time>2026-10-02T01:55:53Z</time><ele>5</ele><speed>16.137</speed></trkpt><trkpt lat="25.054788" lon="121.506656"><time>2026-10-02T01:55:54Z</time><ele>6</ele><speed>15.857</speed></trkpt><trkpt lat="25.054753" lon="121.506637"><time>2026-10-02T01:55:55Z</time><ele>5</ele><speed>15.885</speed></trkpt><trkpt lat="25.054716" lon="121.506617"><time>2026-10-02T01:55:56Z</time><ele>6</ele><speed>15.64</speed></trkpt><trkpt lat="25.054679" lon="121.506597"><time>2026-10-02T01:55:57Z</time><ele>6</ele><speed>16.101</speed></trkpt><trkpt lat="25.054642" lon="121.506578"><time>2026-10-02T01:55:58Z</time><ele>6</ele><speed>14.818</speed></trkpt><trkpt lat="25.054607" lon="121.506557"><time>2026-10-02T01:55:59Z</time><ele>6</ele><speed>14.737</speed></trkpt><trkpt lat="25.05457" lon="121.506537"><time>2026-10-02T01:56:00Z</time><ele>5</ele><speed>15.945</speed></trkpt><trkpt lat="25.054533" lon="121.506519"><time>2026-10-02T01:56:01Z</time><ele>5</ele><speed>15.623</speed></trkpt><trkpt lat="25.054495" lon="121.506499"><time>2026-10-02T01:56:02Z</time><ele>5</ele><speed>17.799</speed></trkpt><trkpt lat="25.054458" lon="121.506479"><time>2026-10-02T01:56:03Z</time><ele>4</ele><speed>16.568</speed></trkpt><trkpt lat="25.05442" lon="121.506458"><time>2026-10-02T01:56:04Z</time><ele>5</ele><speed>15.984</speed></trkpt><trkpt lat="25.054382" lon="121.50644"><time>2026-10-02T01:56:05Z</time><ele>5</ele><speed>15.383</speed></trkpt><trkpt lat="25.054344" lon="121.506421"><time>2026-10-02T01:56:06Z</time><ele>5</ele><speed>15.883</speed></trkpt><trkpt lat="25.054306" lon="121.506403"><time>2026-10-02T01:56:07Z</time><ele>4</ele><speed>16.026</speed></trkpt><trkpt lat="25.054269" lon="121.506386"><time>2026-10-02T01:56:08Z</time><ele>5</ele><speed>17.069</speed></trkpt><trkpt lat="25.054231" lon="121.50637"><time>2026-10-02T01:56:09Z</time><ele>5</ele><speed>17.277</speed></trkpt><trkpt lat="25.054192" lon="121.506354"><time>2026-10-02T01:56:10Z</time><ele>4</ele><speed>17.737</speed></trkpt><trkpt lat="25.054151" lon="121.506339"><time>2026-10-02T01:56:11Z</time><ele>4</ele><speed>18.133</speed></trkpt><trkpt lat="25.05411" lon="121.506324"><time>2026-10-02T01:56:12Z</time><ele>3</ele><speed>17.899</speed></trkpt><trkpt lat="25.054068" lon="121.506308"><time>2026-10-02T01:56:13Z</time><ele>5</ele><speed>17.652</speed></trkpt><trkpt lat="25.054026" lon="121.506294"><time>2026-10-02T01:56:14Z</time><ele>5</ele><speed>17.456</speed></trkpt><trkpt lat="25.053984" lon="121.50628"><time>2026-10-02T01:56:15Z</time><ele>4</ele><speed>17.525</speed></trkpt><trkpt lat="25.053942" lon="121.506266"><time>2026-10-02T01:56:16Z</time><ele>4</ele><speed>17.585</speed></trkpt><trkpt lat="25.0539" lon="121.506251"><time>2026-10-02T01:56:17Z</time><ele>4</ele><speed>17.105</speed></trkpt><trkpt lat="25.05386" lon="121.506237"><time>2026-10-02T01:56:18Z</time><ele>4</ele><speed>16.359</speed></trkpt><trkpt lat="25.053819" lon="121.506222"><time>2026-10-02T01:56:19Z</time><ele>4</ele><speed>16.743</speed></trkpt><trkpt lat="25.053779" lon="121.506207"><time>2026-10-02T01:56:20Z</time><ele>4</ele><speed>16.763</speed></trkpt><trkpt lat="25.053738" lon="121.506194"><time>2026-10-02T01:56:21Z</time><ele>4</ele><speed>16.548</speed></trkpt><trkpt lat="25.053699" lon="121.506181"><time>2026-10-02T01:56:22Z</time><ele>4</ele><speed>16.748</speed></trkpt><trkpt lat="25.053658" lon="121.506167"><time>2026-10-02T01:56:23Z</time><ele>3</ele><speed>17.915</speed></trkpt><trkpt lat="25.053615" lon="121.506154"><time>2026-10-02T01:56:24Z</time><ele>4</ele><speed>18.461</speed></trkpt><trkpt lat="25.053573" lon="121.506142"><time>2026-10-02T01:56:25Z</time><ele>4</ele><speed>18.287</speed></trkpt><trkpt lat="25.05353" lon="121.506129"><time>2026-10-02T01:56:26Z</time><ele>4</ele><speed>17.979</speed></trkpt><trkpt lat="25.053486" lon="121.506116"><time>2026-10-02T01:56:27Z</time><ele>3</ele><speed>18.23</speed></trkpt><trkpt lat="25.053442" lon="121.506103"><time>2026-10-02T01:56:28Z</time><ele>4</ele><speed>18.324</speed></trkpt><trkpt lat="25.053398" lon="121.50609"><time>2026-10-02T01:56:29Z</time><ele>4</ele><speed>17.839</speed></trkpt><trkpt lat="25.053355" lon="121.506079"><time>2026-10-02T01:56:30Z</time><ele>4</ele><speed>17.259</speed></trkpt><trkpt lat="25.053312" lon="121.506068"><time>2026-10-02T01:56:31Z</time><ele>4</ele><speed>16.843</speed></trkpt><trkpt lat="25.05327" lon="121.506056"><time>2026-10-02T01:56:32Z</time><ele>4</ele><speed>16.975</speed></trkpt><trkpt lat="25.053228" lon="121.506044"><time>2026-10-02T01:56:33Z</time><ele>4</ele><speed>17.404</speed></trkpt><trkpt lat="25.053185" lon="121.506033"><time>2026-10-02T01:56:34Z</time><ele>4</ele><speed>18.059</speed></trkpt><trkpt lat="25.053142" lon="121.506021"><time>2026-10-02T01:56:35Z</time><ele>4</ele><speed>18.486</speed></trkpt><trkpt lat="25.053099" lon="121.506008"><time>2026-10-02T01:56:36Z</time><ele>4</ele><speed>17.944</speed></trkpt><trkpt lat="25.053056" lon="121.505995"><time>2026-10-02T01:56:37Z</time><ele>4</ele><speed>16.266</speed></trkpt><trkpt lat="25.053015" lon="121.505983"><time>2026-10-02T01:56:38Z</time><ele>4</ele><speed>14.436</speed></trkpt><trkpt lat="25.052975" lon="121.505974"><time>2026-10-02T01:56:39Z</time><ele>4</ele><speed>14.368</speed></trkpt><trkpt lat="25.052938" lon="121.505962"><time>2026-10-02T01:56:40Z</time><ele>3</ele><speed>15.051</speed></trkpt><trkpt lat="25.052901" lon="121.50595"><time>2026-10-02T01:56:41Z</time><ele>4</ele><speed>15.559</speed></trkpt><trkpt lat="25.052865" lon="121.505938"><time>2026-10-02T01:56:42Z</time><ele>4</ele><speed>16.056</speed></trkpt><trkpt lat="25.052829" lon="121.505925"><time>2026-10-02T01:56:43Z</time><ele>4</ele><speed>16.245</speed></trkpt><trkpt lat="25.05279" lon="121.505911"><time>2026-10-02T01:56:44Z</time><ele>3</ele><speed>17.193</speed></trkpt><trkpt lat="25.052751" lon="121.505896"><time>2026-10-02T01:56:45Z</time><ele>4</ele><speed>17.56</speed></trkpt><trkpt lat="25.052709" lon="121.505882"><time>2026-10-02T01:56:46Z</time><ele>4</ele><speed>17.838</speed></trkpt><trkpt lat="25.052668" lon="121.505867"><time>2026-10-02T01:56:47Z</time><ele>4</ele><speed>17.613</speed></trkpt><trkpt lat="25.052626" lon="121.505855"><time>2026-10-02T01:56:48Z</time><ele>4</ele><speed>16.536</speed></trkpt><trkpt lat="25.052585" lon="121.505849"><time>2026-10-02T01:56:49Z</time><ele>5</ele><speed>15.794</speed></trkpt><trkpt lat="25.052546" lon="121.505851"><time>2026-10-02T01:56:50Z</time><ele>5</ele><speed>15.975</speed></trkpt><trkpt lat="25.05251" lon="121.505862"><time>2026-10-02T01:56:51Z</time><ele>5</ele><speed>16.197</speed></trkpt><trkpt lat="25.052478" lon="121.505881"><time>2026-10-02T01:56:52Z</time><ele>5</ele><speed>15.945</speed></trkpt><trkpt lat="25.052451" lon="121.505907"><time>2026-10-02T01:56:53Z</time><ele>4</ele><speed>14.202</speed></trkpt><trkpt lat="25.052426" lon="121.505938"><time>2026-10-02T01:56:54Z</time><ele>4</ele><speed>12.733</speed></trkpt><trkpt lat="25.052403" lon="121.505962"><time>2026-10-02T01:56:55Z</time><ele>4</ele><speed>11.991</speed></trkpt><trkpt lat="25.052379" lon="121.505979"><time>2026-10-02T01:56:56Z</time><ele>4</ele><speed>12.097</speed></trkpt><trkpt lat="25.052354" lon="121.505987"><time>2026-10-02T01:56:57Z</time><ele>4</ele><speed>12.74</speed></trkpt><trkpt lat="25.052328" lon="121.505987"><time>2026-10-02T01:56:58Z</time><ele>4</ele><speed>12.716</speed></trkpt><trkpt lat="25.052298" lon="121.505981"><time>2026-10-02T01:56:59Z</time><ele>5</ele><speed>12.717</speed></trkpt><trkpt lat="25.052267" lon="121.50597"><time>2026-10-02T01:57:00Z</time><ele>5</ele><speed>12.526</speed></trkpt><trkpt lat="25.052237" lon="121.505958"><time>2026-10-02T01:57:01Z</time><ele>5</ele><speed>12.62</speed></trkpt><trkpt lat="25.052206" lon="121.505946"><time>2026-10-02T01:57:02Z</time><ele>5</ele><speed>13.03</speed></trkpt><trkpt lat="25.052175" lon="121.505935"><time>2026-10-02T01:57:03Z</time><ele>5</ele><speed>13.399</speed></trkpt><trkpt lat="25.052143" lon="121.505924"><time>2026-10-02T01:57:04Z</time><ele>5</ele><speed>13.588</speed></trkpt><trkpt lat="25.052111" lon="121.505913"><time>2026-10-02T01:57:05Z</time><ele>5</ele><speed>13.763</speed></trkpt><trkpt lat="25.052079" lon="121.505902"><time>2026-10-02T01:57:06Z</time><ele>5</ele><speed>13.585</speed></trkpt><trkpt lat="25.052046" lon="121.505892"><time>2026-10-02T01:57:07Z</time><ele>5</ele><speed>13.39</speed></trkpt><trkpt lat="25.052013" lon="121.505884"><time>2026-10-02T01:57:08Z</time><ele>6</ele><speed>12.852</speed></trkpt><trkpt lat="25.05198" lon="121.505876"><time>2026-10-02T01:57:09Z</time><ele>5</ele><speed>12.738</speed></trkpt><trkpt lat="25.051947" lon="121.505868"><time>2026-10-02T01:57:10Z</time><ele>6</ele><speed>13.299</speed></trkpt><trkpt lat="25.051914" lon="121.50586"><time>2026-10-02T01:57:11Z</time><ele>5</ele><speed>13.884</speed></trkpt><trkpt lat="25.05188" lon="121.505851"><time>2026-10-02T01:57:12Z</time><ele>5</ele><speed>14.434</speed></trkpt><trkpt lat="25.051846" lon="121.505842"><time>2026-10-02T01:57:13Z</time><ele>6</ele><speed>15.089</speed></trkpt><trkpt lat="25.051811" lon="121.505831"><time>2026-10-02T01:57:14Z</time><ele>6</ele><speed>15.123</speed></trkpt><trkpt lat="25.051776" lon="121.505819"><time>2026-10-02T01:57:15Z</time><ele>5</ele><speed>15.599</speed></trkpt><trkpt lat="25.051739" lon="121.505806"><time>2026-10-02T01:57:16Z</time><ele>5</ele><speed>15.906</speed></trkpt><trkpt lat="25.051703" lon="121.505793"><time>2026-10-02T01:57:17Z</time><ele>5</ele><speed>15.642</speed></trkpt><trkpt lat="25.051665" lon="121.505781"><time>2026-10-02T01:57:18Z</time><ele>5</ele><speed>15.697</speed></trkpt><trkpt lat="25.051628" lon="121.505768"><time>2026-10-02T01:57:19Z</time><ele>6</ele><speed>15.688</speed></trkpt><trkpt lat="25.051591" lon="121.505755"><time>2026-10-02T01:57:20Z</time><ele>6</ele><speed>15.678</speed></trkpt><trkpt lat="25.051553" lon="121.505742"><time>2026-10-02T01:57:21Z</time><ele>5</ele><speed>15.546</speed></trkpt><trkpt lat="25.051517" lon="121.505728"><time>2026-10-02T01:57:22Z</time><ele>5</ele><speed>15.709</speed></trkpt><trkpt lat="25.05148" lon="121.505713"><time>2026-10-02T01:57:23Z</time><ele>5</ele><speed>15.915</speed></trkpt><trkpt lat="25.051443" lon="121.505699"><time>2026-10-02T01:57:24Z</time><ele>5</ele><speed>15.47</speed></trkpt><trkpt lat="25.051406" lon="121.505684"><time>2026-10-02T01:57:25Z</time><ele>5</ele><speed>15.212</speed></trkpt><trkpt lat="25.051369" lon="121.50567"><time>2026-10-02T01:57:26Z</time><ele>5</ele><speed>15.489</speed></trkpt><trkpt lat="25.051332" lon="121.505656"><time>2026-10-02T01:57:27Z</time><ele>5</ele><speed>15.831</speed></trkpt><trkpt lat="25.051295" lon="121.505642"><time>2026-10-02T01:57:28Z</time><ele>5</ele><speed>16.151</speed></trkpt><trkpt lat="25.051258" lon="121.505629"><time>2026-10-02T01:57:29Z</time><ele>5</ele><speed>15.72</speed></trkpt><trkpt lat="25.051222" lon="121.505614"><time>2026-10-02T01:57:30Z</time><ele>5</ele><speed>15.186</speed></trkpt><trkpt lat="25.051185" lon="121.5056"><time>2026-10-02T01:57:31Z</time><ele>6</ele><speed>14.891</speed></trkpt><trkpt lat="25.05115" lon="121.505584"><time>2026-10-02T01:57:32Z</time><ele>6</ele><speed>14.741</speed></trkpt><trkpt lat="25.051116" lon="121.505566"><time>2026-10-02T01:57:33Z</time><ele>6</ele><speed>14.8</speed></trkpt><trkpt lat="25.051083" lon="121.505546"><time>2026-10-02T01:57:34Z</time><ele>6</ele><speed>15.156</speed></trkpt><trkpt lat="25.05105" lon="121.505526"><time>2026-10-02T01:57:35Z</time><ele>6</ele><speed>15.371</speed></trkpt><trkpt lat="25.051017" lon="121.505505"><time>2026-10-02T01:57:36Z</time><ele>6</ele><speed>15.518</speed></trkpt><trkpt lat="25.050985" lon="121.505482"><time>2026-10-02T01:57:37Z</time><ele>6</ele><speed>15.665</speed></trkpt><trkpt lat="25.050952" lon="121.50546"><time>2026-10-02T01:57:38Z</time><ele>6</ele><speed>16.055</speed></trkpt><trkpt lat="25.050916" lon="121.505441"><time>2026-10-02T01:57:39Z</time><ele>6</ele><speed>16.289</speed></trkpt><trkpt lat="25.050879" lon="121.505423"><time>2026-10-02T01:57:40Z</time><ele>6</ele><speed>16.865</speed></trkpt><trkpt lat="25.050842" lon="121.505407"><time>2026-10-02T01:57:41Z</time><ele>6</ele><speed>16.95</speed></trkpt><trkpt lat="25.050803" lon="121.505392"><time>2026-10-02T01:57:42Z</time><ele>6</ele><speed>16.545</speed></trkpt><trkpt lat="25.050764" lon="121.505379"><time>2026-10-02T01:57:43Z</time><ele>6</ele><speed>15.934</speed></trkpt><trkpt lat="25.050724" lon="121.505369"><time>2026-10-02T01:57:44Z</time><ele>6</ele><speed>15.922</speed></trkpt><trkpt lat="25.050684" lon="121.505358"><time>2026-10-02T01:57:45Z</time><ele>6</ele><speed>15.939</speed></trkpt><trkpt lat="25.050644" lon="121.50535"><time>2026-10-02T01:57:46Z</time><ele>7</ele><speed>16.081</speed></trkpt><trkpt lat="25.050605" lon="121.505339"><time>2026-10-02T01:57:47Z</time><ele>7</ele><speed>16.351</speed></trkpt><trkpt lat="25.050565" lon="121.505329"><time>2026-10-02T01:57:48Z</time><ele>7</ele><speed>16.595</speed></trkpt><trkpt lat="25.050525" lon="121.505321"><time>2026-10-02T01:57:49Z</time><ele>7</ele><speed>16.845</speed></trkpt><trkpt lat="25.050484" lon="121.505312"><time>2026-10-02T01:57:50Z</time><ele>6</ele><speed>17.079</speed></trkpt><trkpt lat="25.050443" lon="121.505302"><time>2026-10-02T01:57:51Z</time><ele>6</ele><speed>17.706</speed></trkpt><trkpt lat="25.050402" lon="121.50529"><time>2026-10-02T01:57:52Z</time><ele>7</ele><speed>17.62</speed></trkpt><trkpt lat="25.05036" lon="121.505279"><time>2026-10-02T01:57:53Z</time><ele>6</ele><speed>17.814</speed></trkpt><trkpt lat="25.050318" lon="121.505266"><time>2026-10-02T01:57:54Z</time><ele>7</ele><speed>18.523</speed></trkpt><trkpt lat="25.050277" lon="121.50525"><time>2026-10-02T01:57:55Z</time><ele>7</ele><speed>17.63</speed></trkpt><trkpt lat="25.050236" lon="121.505231"><time>2026-10-02T01:57:56Z</time><ele>6</ele><speed>16.902</speed></trkpt><trkpt lat="25.050197" lon="121.505213"><time>2026-10-02T01:57:57Z</time><ele>6</ele><speed>16.369</speed></trkpt><trkpt lat="25.050157" lon="121.505197"><time>2026-10-02T01:57:58Z</time><ele>7</ele><speed>16.714</speed></trkpt><trkpt lat="25.050117" lon="121.505182"><time>2026-10-02T01:57:59Z</time><ele>7</ele><speed>17.134</speed></trkpt><trkpt lat="25.050078" lon="121.505168"><time>2026-10-02T01:58:00Z</time><ele>7</ele><speed>16.91</speed></trkpt><trkpt lat="25.050039" lon="121.505157"><time>2026-10-02T01:58:01Z</time><ele>7</ele><speed>16.113</speed></trkpt><trkpt lat="25.049999" lon="121.50515"><time>2026-10-02T01:58:02Z</time><ele>7</ele><speed>16.141</speed></trkpt><trkpt lat="25.049958" lon="121.505143"><time>2026-10-02T01:58:03Z</time><ele>7</ele><speed>17.373</speed></trkpt><trkpt lat="25.049917" lon="121.505137"><time>2026-10-02T01:58:04Z</time><ele>6</ele><speed>16.83</speed></trkpt><trkpt lat="25.049875" lon="121.505134"><time>2026-10-02T01:58:05Z</time><ele>7</ele><speed>16.83</speed></trkpt><trkpt lat="25.049834" lon="121.505135"><time>2026-10-02T01:58:06Z</time><ele>7</ele><speed>16.728</speed></trkpt><trkpt lat="25.049791" lon="121.505135"><time>2026-10-02T01:58:07Z</time><ele>7</ele><speed>17.192</speed></trkpt><trkpt lat="25.049748" lon="121.505135"><time>2026-10-02T01:58:08Z</time><ele>7</ele><speed>17.426</speed></trkpt><trkpt lat="25.049705" lon="121.505135"><time>2026-10-02T01:58:09Z</time><ele>7</ele><speed>17.81</speed></trkpt><trkpt lat="25.04966" lon="121.505134"><time>2026-10-02T01:58:10Z</time><ele>6</ele><speed>18.316</speed></trkpt><trkpt lat="25.049615" lon="121.505131"><time>2026-10-02T01:58:11Z</time><ele>6</ele><speed>18.622</speed></trkpt><trkpt lat="25.049571" lon="121.505125"><time>2026-10-02T01:58:12Z</time><ele>7</ele><speed>17.617</speed></trkpt><trkpt lat="25.049528" lon="121.505118"><time>2026-10-02T01:58:13Z</time><ele>7</ele><speed>16.741</speed></trkpt><trkpt lat="25.049486" lon="121.505105"><time>2026-10-02T01:58:14Z</time><ele>7</ele><speed>16.597</speed></trkpt><trkpt lat="25.049445" lon="121.50509"><time>2026-10-02T01:58:15Z</time><ele>7</ele><speed>16.725</speed></trkpt><trkpt lat="25.049406" lon="121.50507"><time>2026-10-02T01:58:16Z</time><ele>7</ele><speed>17.212</speed></trkpt><trkpt lat="25.049368" lon="121.505045"><time>2026-10-02T01:58:17Z</time><ele>6</ele><speed>18.157</speed></trkpt><trkpt lat="25.04933" lon="121.505017"><time>2026-10-02T01:58:18Z</time><ele>6</ele><speed>18.213</speed></trkpt><trkpt lat="25.049294" lon="121.504987"><time>2026-10-02T01:58:19Z</time><ele>7</ele><speed>17.596</speed></trkpt><trkpt lat="25.049257" lon="121.504958"><time>2026-10-02T01:58:20Z</time><ele>7</ele><speed>18.132</speed></trkpt><trkpt lat="25.04922" lon="121.504928"><time>2026-10-02T01:58:21Z</time><ele>7</ele><speed>17.651</speed></trkpt><trkpt lat="25.049184" lon="121.504899"><time>2026-10-02T01:58:22Z</time><ele>6</ele><speed>17.215</speed></trkpt><trkpt lat="25.049148" lon="121.504872"><time>2026-10-02T01:58:23Z</time><ele>7</ele><speed>16.925</speed></trkpt><trkpt lat="25.049112" lon="121.504847"><time>2026-10-02T01:58:24Z</time><ele>8</ele><speed>16.588</speed></trkpt><trkpt lat="25.049078" lon="121.504821"><time>2026-10-02T01:58:25Z</time><ele>7</ele><speed>15.873</speed></trkpt><trkpt lat="25.049043" lon="121.504798"><time>2026-10-02T01:58:26Z</time><ele>7</ele><speed>16.02</speed></trkpt><trkpt lat="25.049009" lon="121.504775"><time>2026-10-02T01:58:27Z</time><ele>6</ele><speed>16.305</speed></trkpt><trkpt lat="25.048973" lon="121.504754"><time>2026-10-02T01:58:28Z</time><ele>8</ele><speed>16.637</speed></trkpt><trkpt lat="25.048939" lon="121.50473"><time>2026-10-02T01:58:29Z</time><ele>7</ele><speed>16.881</speed></trkpt><trkpt lat="25.048904" lon="121.504707"><time>2026-10-02T01:58:30Z</time><ele>7</ele><speed>16.799</speed></trkpt><trkpt lat="25.048869" lon="121.504683"><time>2026-10-02T01:58:31Z</time><ele>6</ele><speed>17.045</speed></trkpt><trkpt lat="25.048833" lon="121.504658"><time>2026-10-02T01:58:32Z</time><ele>7</ele><speed>17.093</speed></trkpt><trkpt lat="25.048797" lon="121.504633"><time>2026-10-02T01:58:33Z</time><ele>7</ele><speed>16.999</speed></trkpt><trkpt lat="25.048761" lon="121.504607"><time>2026-10-02T01:58:34Z</time><ele>7</ele><speed>17.044</speed></trkpt><trkpt lat="25.048724" lon="121.504583"><time>2026-10-02T01:58:35Z</time><ele>7</ele><speed>16.603</speed></trkpt><trkpt lat="25.048688" lon="121.504559"><time>2026-10-02T01:58:36Z</time><ele>7</ele><speed>16.204</speed></trkpt><trkpt lat="25.048654" lon="121.504533"><time>2026-10-02T01:58:37Z</time><ele>7</ele><speed>16.414</speed></trkpt><trkpt lat="25.048621" lon="121.504505"><time>2026-10-02T01:58:38Z</time><ele>7</ele><speed>16.997</speed></trkpt><trkpt lat="25.048589" lon="121.504476"><time>2026-10-02T01:58:39Z</time><ele>7</ele><speed>17.333</speed></trkpt><trkpt lat="25.048558" lon="121.504445"><time>2026-10-02T01:58:40Z</time><ele>7</ele><speed>16.82</speed></trkpt><trkpt lat="25.048528" lon="121.504416"><time>2026-10-02T01:58:41Z</time><ele>8</ele><speed>15.209</speed></trkpt><trkpt lat="25.048498" lon="121.504387"><time>2026-10-02T01:58:42Z</time><ele>7</ele><speed>14.336</speed></trkpt><trkpt lat="25.04847" lon="121.50436"><time>2026-10-02T01:58:43Z</time><ele>7</ele><speed>13.894</speed></trkpt><trkpt lat="25.048443" lon="121.504335"><time>2026-10-02T01:58:44Z</time><ele>6</ele><speed>13.558</speed></trkpt><trkpt lat="25.048416" lon="121.504313"><time>2026-10-02T01:58:45Z</time><ele>6</ele><speed>12.297</speed></trkpt><trkpt lat="25.048389" lon="121.504294"><time>2026-10-02T01:58:46Z</time><ele>7</ele><speed>13.33</speed></trkpt><trkpt lat="25.04836" lon="121.504273"><time>2026-10-02T01:58:47Z</time><ele>6</ele><speed>15.416</speed></trkpt><trkpt lat="25.048332" lon="121.50425"><time>2026-10-02T01:58:48Z</time><ele>6</ele><speed>15.472</speed></trkpt><trkpt lat="25.0483" lon="121.504229"><time>2026-10-02T01:58:49Z</time><ele>7</ele><speed>15.38</speed></trkpt><trkpt lat="25.048265" lon="121.504208"><time>2026-10-02T01:58:50Z</time><ele>6</ele><speed>16.655</speed></trkpt><trkpt lat="25.048229" lon="121.504185"><time>2026-10-02T01:58:51Z</time><ele>6</ele><speed>17.196</speed></trkpt><trkpt lat="25.048193" lon="121.504159"><time>2026-10-02T01:58:52Z</time><ele>7</ele><speed>17.023</speed></trkpt><trkpt lat="25.048159" lon="121.504133"><time>2026-10-02T01:58:53Z</time><ele>7</ele><speed>16.905</speed></trkpt><trkpt lat="25.048124" lon="121.504108"><time>2026-10-02T01:58:54Z</time><ele>6</ele><speed>16.188</speed></trkpt><trkpt lat="25.048089" lon="121.504082"><time>2026-10-02T01:58:55Z</time><ele>6</ele><speed>15.963</speed></trkpt><trkpt lat="25.048056" lon="121.504057"><time>2026-10-02T01:58:56Z</time><ele>6</ele><speed>15.71</speed></trkpt><trkpt lat="25.048023" lon="121.504032"><time>2026-10-02T01:58:57Z</time><ele>5</ele><speed>15.938</speed></trkpt><trkpt lat="25.047989" lon="121.504008"><time>2026-10-02T01:58:58Z</time><ele>7</ele><speed>16.42</speed></trkpt><trkpt lat="25.047955" lon="121.503985"><time>2026-10-02T01:58:59Z</time><ele>5</ele><speed>16.326</speed></trkpt><trkpt lat="25.047921" lon="121.503961"><time>2026-10-02T01:59:00Z</time><ele>4</ele><speed>16.766</speed></trkpt><trkpt lat="25.047886" lon="121.503936"><time>2026-10-02T01:59:01Z</time><ele>5</ele><speed>17.058</speed></trkpt><trkpt lat="25.047852" lon="121.503911"><time>2026-10-02T01:59:02Z</time><ele>5</ele><speed>17.19</speed></trkpt><trkpt lat="25.047816" lon="121.503886"><time>2026-10-02T01:59:03Z</time><ele>5</ele><speed>17.753</speed></trkpt><trkpt lat="25.04778" lon="121.503859"><time>2026-10-02T01:59:04Z</time><ele>5</ele><speed>18.1</speed></trkpt><trkpt lat="25.047743" lon="121.503832"><time>2026-10-02T01:59:05Z</time><ele>5</ele><speed>17.672</speed></trkpt><trkpt lat="25.047706" lon="121.503805"><time>2026-10-02T01:59:06Z</time><ele>5</ele><speed>17.649</speed></trkpt><trkpt lat="25.047669" lon="121.503778"><time>2026-10-02T01:59:07Z</time><ele>5</ele><speed>17.422</speed></trkpt><trkpt lat="25.047631" lon="121.503753"><time>2026-10-02T01:59:08Z</time><ele>5</ele><speed>17.323</speed></trkpt><trkpt lat="25.047592" lon="121.503731"><time>2026-10-02T01:59:09Z</time><ele>5</ele><speed>17.638</speed></trkpt><trkpt lat="25.047551" lon="121.503713"><time>2026-10-02T01:59:10Z</time><ele>5</ele><speed>17.514</speed></trkpt><trkpt lat="25.04751" lon="121.503697"><time>2026-10-02T01:59:11Z</time><ele>5</ele><speed>16.436</speed></trkpt><trkpt lat="25.047469" lon="121.503685"><time>2026-10-02T01:59:12Z</time><ele>5</ele><speed>16.091</speed></trkpt><trkpt lat="25.047428" lon="121.503672"><time>2026-10-02T01:59:13Z</time><ele>5</ele><speed>16.488</speed></trkpt><trkpt lat="25.04739" lon="121.503653"><time>2026-10-02T01:59:14Z</time><ele>5</ele><speed>17.026</speed></trkpt><trkpt lat="25.047356" lon="121.503629"><time>2026-10-02T01:59:15Z</time><ele>5</ele><speed>17.349</speed></trkpt><trkpt lat="25.047327" lon="121.503598"><time>2026-10-02T01:59:16Z</time><ele>5</ele><speed>17.085</speed></trkpt><trkpt lat="25.0473" lon="121.503562"><time>2026-10-02T01:59:17Z</time><ele>4</ele><speed>17.114</speed></trkpt><trkpt lat="25.047272" lon="121.503525"><time>2026-10-02T01:59:18Z</time><ele>5</ele><speed>17.029</speed></trkpt><trkpt lat="25.047243" lon="121.50349"><time>2026-10-02T01:59:19Z</time><ele>4</ele><speed>17.511</speed></trkpt><trkpt lat="25.047212" lon="121.503459"><time>2026-10-02T01:59:20Z</time><ele>4</ele><speed>17.897</speed></trkpt><trkpt lat="25.047176" lon="121.503433"><time>2026-10-02T01:59:21Z</time><ele>4</ele><speed>17.766</speed></trkpt><trkpt lat="25.047136" lon="121.503411"><time>2026-10-02T01:59:22Z</time><ele>4</ele><speed>17.626</speed></trkpt><trkpt lat="25.047093" lon="121.503392"><time>2026-10-02T01:59:23Z</time><ele>4</ele><speed>17.439</speed></trkpt><trkpt lat="25.047051" lon="121.503375"><time>2026-10-02T01:59:24Z</time><ele>5</ele><speed>17.033</speed></trkpt><trkpt lat="25.047008" lon="121.503359"><time>2026-10-02T01:59:25Z</time><ele>5</ele><speed>16.875</speed></trkpt><trkpt lat="25.046967" lon="121.503343"><time>2026-10-02T01:59:26Z</time><ele>4</ele><speed>17.316</speed></trkpt><trkpt lat="25.046925" lon="121.503328"><time>2026-10-02T01:59:27Z</time><ele>5</ele><speed>17.544</speed></trkpt><trkpt lat="25.046884" lon="121.503313"><time>2026-10-02T01:59:28Z</time><ele>5</ele><speed>17.626</speed></trkpt><trkpt lat="25.046843" lon="121.503299"><time>2026-10-02T01:59:29Z</time><ele>6</ele><speed>17.244</speed></trkpt><trkpt lat="25.046803" lon="121.503283"><time>2026-10-02T01:59:30Z</time><ele>6</ele><speed>16.493</speed></trkpt><trkpt lat="25.046765" lon="121.503262"><time>2026-10-02T01:59:31Z</time><ele>7</ele><speed>17.672</speed></trkpt><trkpt lat="25.046727" lon="121.503243"><time>2026-10-02T01:59:32Z</time><ele>7</ele><speed>16.895</speed></trkpt><trkpt lat="25.046691" lon="121.503221"><time>2026-10-02T01:59:33Z</time><ele>7</ele><speed>15.553</speed></trkpt><trkpt lat="25.046656" lon="121.503198"><time>2026-10-02T01:59:34Z</time><ele>7</ele><speed>15.183</speed></trkpt><trkpt lat="25.046624" lon="121.503172"><time>2026-10-02T01:59:35Z</time><ele>7</ele><speed>15.451</speed></trkpt><trkpt lat="25.046592" lon="121.503146"><time>2026-10-02T01:59:36Z</time><ele>8</ele><speed>14.983</speed></trkpt><trkpt lat="25.04656" lon="121.503123"><time>2026-10-02T01:59:37Z</time><ele>9</ele><speed>15.019</speed></trkpt><trkpt lat="25.046532" lon="121.503098"><time>2026-10-02T01:59:38Z</time><ele>9</ele><speed>14.348</speed></trkpt><trkpt lat="25.046503" lon="121.503072"><time>2026-10-02T01:59:39Z</time><ele>9</ele><speed>15.557</speed></trkpt><trkpt lat="25.046473" lon="121.503046"><time>2026-10-02T01:59:40Z</time><ele>8</ele><speed>16.15</speed></trkpt><trkpt lat="25.046444" lon="121.50302"><time>2026-10-02T01:59:41Z</time><ele>8</ele><speed>16.203</speed></trkpt><trkpt lat="25.046413" lon="121.502993"><time>2026-10-02T01:59:42Z</time><ele>8</ele><speed>16.997</speed></trkpt><trkpt lat="25.046382" lon="121.502963"><time>2026-10-02T01:59:43Z</time><ele>7</ele><speed>17.06</speed></trkpt><trkpt lat="25.04635" lon="121.502932"><time>2026-10-02T01:59:44Z</time><ele>8</ele><speed>16.868</speed></trkpt><trkpt lat="25.04632" lon="121.5029"><time>2026-10-02T01:59:45Z</time><ele>7</ele><speed>16.922</speed></trkpt><trkpt lat="25.046292" lon="121.50287"><time>2026-10-02T01:59:46Z</time><ele>8</ele><speed>14.563</speed></trkpt><trkpt lat="25.046261" lon="121.502842"><time>2026-10-02T01:59:47Z</time><ele>9</ele><speed>15.905</speed></trkpt><trkpt lat="25.046228" lon="121.502815"><time>2026-10-02T01:59:48Z</time><ele>9</ele><speed>17.454</speed></trkpt><trkpt lat="25.046196" lon="121.50279"><time>2026-10-02T01:59:49Z</time><ele>9</ele><speed>16.717</speed></trkpt><trkpt lat="25.046165" lon="121.502764"><time>2026-10-02T01:59:50Z</time><ele>10</ele><speed>16.424</speed></trkpt><trkpt lat="25.046132" lon="121.50274"><time>2026-10-02T01:59:51Z</time><ele>9</ele><speed>16.408</speed></trkpt><trkpt lat="25.046096" lon="121.502714"><time>2026-10-02T01:59:52Z</time><ele>10</ele><speed>16.104</speed></trkpt><trkpt lat="25.046062" lon="121.502686"><time>2026-10-02T01:59:53Z</time><ele>10</ele><speed>15.939</speed></trkpt><trkpt lat="25.046031" lon="121.502659"><time>2026-10-02T01:59:54Z</time><ele>11</ele><speed>15.436</speed></trkpt><trkpt lat="25.045999" lon="121.50263"><time>2026-10-02T01:59:55Z</time><ele>11</ele><speed>16.219</speed></trkpt><trkpt lat="25.045966" lon="121.502603"><time>2026-10-02T01:59:56Z</time><ele>11</ele><speed>16.378</speed></trkpt><trkpt lat="25.045934" lon="121.502579"><time>2026-10-02T01:59:57Z</time><ele>11</ele><speed>13.889</speed></trkpt><trkpt lat="25.045903" lon="121.502553"><time>2026-10-02T01:59:58Z</time><ele>12</ele><speed>13.782</speed></trkpt><trkpt lat="25.045866" lon="121.502525"><time>2026-10-02T01:59:59Z</time><ele>11</ele><speed>17.749</speed></trkpt><trkpt lat="25.045829" lon="121.502494"><time>2026-10-02T02:00:00Z</time><ele>12</ele><speed>18.134</speed></trkpt><trkpt lat="25.045791" lon="121.502464"><time>2026-10-02T02:00:01Z</time><ele>12</ele><speed>17.87</speed></trkpt><trkpt lat="25.045755" lon="121.502432"><time>2026-10-02T02:00:02Z</time><ele>12</ele><speed>17.932</speed></trkpt><trkpt lat="25.045718" lon="121.502394"><time>2026-10-02T02:00:03Z</time><ele>12</ele><speed>18.289</speed></trkpt><trkpt lat="25.04568" lon="121.502355"><time>2026-10-02T02:00:04Z</time><ele>12</ele><speed>17.723</speed></trkpt><trkpt lat="25.045649" lon="121.502316"><time>2026-10-02T02:00:05Z</time><ele>12</ele><speed>16.525</speed></trkpt><trkpt lat="25.045616" lon="121.502279"><time>2026-10-02T02:00:06Z</time><ele>13</ele><speed>16.244</speed></trkpt><trkpt lat="25.045585" lon="121.502239"><time>2026-10-02T02:00:07Z</time><ele>14</ele><speed>16.351</speed></trkpt><trkpt lat="25.045553" lon="121.5022"><time>2026-10-02T02:00:08Z</time><ele>13</ele><speed>17.218</speed></trkpt><trkpt lat="25.045529" lon="121.502162"><time>2026-10-02T02:00:09Z</time><ele>14</ele><speed>14.994</speed></trkpt><trkpt lat="25.045505" lon="121.502124"><time>2026-10-02T02:00:10Z</time><ele>13</ele><speed>16.225</speed></trkpt><trkpt lat="25.045478" lon="121.502087"><time>2026-10-02T02:00:11Z</time><ele>13</ele><speed>16.484</speed></trkpt><trkpt lat="25.045451" lon="121.50205"><time>2026-10-02T02:00:12Z</time><ele>12</ele><speed>17.611</speed></trkpt><trkpt lat="25.045426" lon="121.502012"><time>2026-10-02T02:00:13Z</time><ele>13</ele><speed>17.741</speed></trkpt><trkpt lat="25.045399" lon="121.501977"><time>2026-10-02T02:00:14Z</time><ele>11</ele><speed>17.026</speed></trkpt><trkpt lat="25.045365" lon="121.501941"><time>2026-10-02T02:00:15Z</time><ele>11</ele><speed>17.109</speed></trkpt><trkpt lat="25.045332" lon="121.501906"><time>2026-10-02T02:00:16Z</time><ele>11</ele><speed>16.304</speed></trkpt><trkpt lat="25.045303" lon="121.50187"><time>2026-10-02T02:00:17Z</time><ele>11</ele><speed>15.69</speed></trkpt><trkpt lat="25.045281" lon="121.501834"><time>2026-10-02T02:00:18Z</time><ele>11</ele><speed>14.895</speed></trkpt><trkpt lat="25.045259" lon="121.501796"><time>2026-10-02T02:00:19Z</time><ele>10</ele><speed>15.78</speed></trkpt><trkpt lat="25.045237" lon="121.501759"><time>2026-10-02T02:00:20Z</time><ele>10</ele><speed>15.943</speed></trkpt><trkpt lat="25.045219" lon="121.501723"><time>2026-10-02T02:00:21Z</time><ele>11</ele><speed>15.362</speed></trkpt><trkpt lat="25.045206" lon="121.501688"><time>2026-10-02T02:00:22Z</time><ele>10</ele><speed>13.243</speed></trkpt><trkpt lat="25.045193" lon="121.501656"><time>2026-10-02T02:00:23Z</time><ele>10</ele><speed>13.45</speed></trkpt><trkpt lat="25.045172" lon="121.501626"><time>2026-10-02T02:00:24Z</time><ele>10</ele><speed>14.838</speed></trkpt><trkpt lat="25.045149" lon="121.501599"><time>2026-10-02T02:00:25Z</time><ele>10</ele><speed>15.634</speed></trkpt><trkpt lat="25.045126" lon="121.501569"><time>2026-10-02T02:00:26Z</time><ele>9</ele><speed>17.389</speed></trkpt><trkpt lat="25.045103" lon="121.501534"><time>2026-10-02T02:00:27Z</time><ele>9</ele><speed>18.423</speed></trkpt><trkpt lat="25.045077" lon="121.501495"><time>2026-10-02T02:00:28Z</time><ele>9</ele><speed>18.173</speed></trkpt><trkpt lat="25.045048" lon="121.50146"><time>2026-10-02T02:00:29Z</time><ele>10</ele><speed>15.716</speed></trkpt><trkpt lat="25.045021" lon="121.501425"><time>2026-10-02T02:00:30Z</time><ele>9</ele><speed>14.285</speed></trkpt><trkpt lat="25.044994" lon="121.501392"><time>2026-10-02T02:00:31Z</time><ele>9</ele><speed>14.264</speed></trkpt><trkpt lat="25.044965" lon="121.50136"><time>2026-10-02T02:00:32Z</time><ele>9</ele><speed>16.026</speed></trkpt><trkpt lat="25.044933" lon="121.501331"><time>2026-10-02T02:00:33Z</time><ele>8</ele><speed>16.237</speed></trkpt><trkpt lat="25.044903" lon="121.501302"><time>2026-10-02T02:00:34Z</time><ele>9</ele><speed>17.012</speed></trkpt><trkpt lat="25.044877" lon="121.501267"><time>2026-10-02T02:00:35Z</time><ele>9</ele><speed>15.843</speed></trkpt><trkpt lat="25.044852" lon="121.501231"><time>2026-10-02T02:00:36Z</time><ele>9</ele><speed>14.614</speed></trkpt><trkpt lat="25.044826" lon="121.501197"><time>2026-10-02T02:00:37Z</time><ele>9</ele><speed>14.427</speed></trkpt><trkpt lat="25.04481" lon="121.501159"><time>2026-10-02T02:00:38Z</time><ele>9</ele><speed>17.02</speed></trkpt><trkpt lat="25.044797" lon="121.501123"><time>2026-10-02T02:00:39Z</time><ele>9</ele><speed>13.79</speed></trkpt><trkpt lat="25.044776" lon="121.501094"><time>2026-10-02T02:00:40Z</time><ele>9</ele><speed>14.271</speed></trkpt><trkpt lat="25.044753" lon="121.501066"><time>2026-10-02T02:00:41Z</time><ele>10</ele><speed>13.787</speed></trkpt><trkpt lat="25.044731" lon="121.50104"><time>2026-10-02T02:00:42Z</time><ele>9</ele><speed>13.613</speed></trkpt><trkpt lat="25.04471" lon="121.501014"><time>2026-10-02T02:00:43Z</time><ele>10</ele><speed>13.494</speed></trkpt><trkpt lat="25.044689" lon="121.500987"><time>2026-10-02T02:00:44Z</time><ele>10</ele><speed>12.623</speed></trkpt><trkpt lat="25.04467" lon="121.500961"><time>2026-10-02T02:00:45Z</time><ele>10</ele><speed>10.103</speed></trkpt><trkpt lat="25.044659" lon="121.500933"><time>2026-10-02T02:00:46Z</time><ele>10</ele><speed>10.126</speed></trkpt><trkpt lat="25.044652" lon="121.500906"><time>2026-10-02T02:00:47Z</time><ele>10</ele><speed>10.349</speed></trkpt><trkpt lat="25.044651" lon="121.500877"><time>2026-10-02T02:00:48Z</time><ele>9</ele><speed>10.116</speed></trkpt><trkpt lat="25.044653" lon="121.500849"><time>2026-10-02T02:00:49Z</time><ele>10</ele><speed>8.792</speed></trkpt><trkpt lat="25.044657" lon="121.500822"><time>2026-10-02T02:00:50Z</time><ele>9</ele><speed>13.699</speed></trkpt><trkpt lat="25.044667" lon="121.500789"><time>2026-10-02T02:00:51Z</time><ele>9</ele><speed>14.974</speed></trkpt><trkpt lat="25.044673" lon="121.500756"><time>2026-10-02T02:00:52Z</time><ele>8</ele><speed>11.557</speed></trkpt><trkpt lat="25.044667" lon="121.500734"><time>2026-10-02T02:00:53Z</time><ele>9</ele><speed>6.362</speed></trkpt><trkpt lat="25.044651" lon="121.500716"><time>2026-10-02T02:00:54Z</time><ele>9</ele><speed>6.663</speed></trkpt><trkpt lat="25.044631" lon="121.5007"><time>2026-10-02T02:00:55Z</time><ele>9</ele><speed>7.881</speed></trkpt><trkpt lat="25.044585" lon="121.500696"><time>2026-10-02T02:00:56Z</time><ele>9</ele><speed>13.246</speed></trkpt><trkpt lat="25.044522" lon="121.500696"><time>2026-10-02T02:00:57Z</time><ele>9</ele><speed>15.284</speed></trkpt><trkpt lat="25.044451" lon="121.500697"><time>2026-10-02T02:00:58Z</time><ele>8</ele><speed>16.905</speed></trkpt><trkpt lat="25.044384" lon="121.500693"><time>2026-10-02T02:00:59Z</time><ele>9</ele><speed>16.205</speed></trkpt><trkpt lat="25.044317" lon="121.500687"><time>2026-10-02T02:01:00Z</time><ele>9</ele><speed>14.108</speed></trkpt><trkpt lat="25.04425" lon="121.500676"><time>2026-10-02T02:01:01Z</time><ele>9</ele><speed>13.807</speed></trkpt><trkpt lat="25.044195" lon="121.500666"><time>2026-10-02T02:01:02Z</time><ele>9</ele><speed>12.983</speed></trkpt><trkpt lat="25.044145" lon="121.500655"><time>2026-10-02T02:01:03Z</time><ele>10</ele><speed>14.602</speed></trkpt><trkpt lat="25.044101" lon="121.500644"><time>2026-10-02T02:01:04Z</time><ele>10</ele><speed>14.801</speed></trkpt><trkpt lat="25.044063" lon="121.500629"><time>2026-10-02T02:01:05Z</time><ele>10</ele><speed>14.203</speed></trkpt><trkpt lat="25.044026" lon="121.500613"><time>2026-10-02T02:01:06Z</time><ele>9</ele><speed>14.458</speed></trkpt><trkpt lat="25.043986" lon="121.500604"><time>2026-10-02T02:01:07Z</time><ele>9</ele><speed>16.021</speed></trkpt><trkpt lat="25.043949" lon="121.500582"><time>2026-10-02T02:01:08Z</time><ele>9</ele><speed>17.991</speed></trkpt><trkpt lat="25.043909" lon="121.500559"><time>2026-10-02T02:01:09Z</time><ele>9</ele><speed>20.647</speed></trkpt><trkpt lat="25.043873" lon="121.500534"><time>2026-10-02T02:01:10Z</time><ele>9</ele><speed>17.656</speed></trkpt><trkpt lat="25.043834" lon="121.500507"><time>2026-10-02T02:01:11Z</time><ele>9</ele><speed>15.964</speed></trkpt><trkpt lat="25.043797" lon="121.500476"><time>2026-10-02T02:01:12Z</time><ele>9</ele><speed>15.707</speed></trkpt><trkpt lat="25.043764" lon="121.500436"><time>2026-10-02T02:01:13Z</time><ele>9</ele><speed>16.537</speed></trkpt><trkpt lat="25.043728" lon="121.500403"><time>2026-10-02T02:01:14Z</time><ele>10</ele><speed>17.596</speed></trkpt><trkpt lat="25.0437" lon="121.500368"><time>2026-10-02T02:01:15Z</time><ele>8</ele><speed>17.241</speed></trkpt><trkpt lat="25.043669" lon="121.500331"><time>2026-10-02T02:01:16Z</time><ele>8</ele><speed>17.016</speed></trkpt><trkpt lat="25.043637" lon="121.500296"><time>2026-10-02T02:01:17Z</time><ele>8</ele><speed>16.433</speed></trkpt><trkpt lat="25.043605" lon="121.500262"><time>2026-10-02T02:01:18Z</time><ele>8</ele><speed>16.239</speed></trkpt><trkpt lat="25.043572" lon="121.500228"><time>2026-10-02T02:01:19Z</time><ele>8</ele><speed>15.9</speed></trkpt><trkpt lat="25.043542" lon="121.500195"><time>2026-10-02T02:01:20Z</time><ele>8</ele><speed>15.789</speed></trkpt><trkpt lat="25.043511" lon="121.500165"><time>2026-10-02T02:01:21Z</time><ele>7</ele><speed>15.425</speed></trkpt><trkpt lat="25.04348" lon="121.500137"><time>2026-10-02T02:01:22Z</time><ele>7</ele><speed>15.543</speed></trkpt><trkpt lat="25.043449" lon="121.500109"><time>2026-10-02T02:01:23Z</time><ele>8</ele><speed>15.981</speed></trkpt><trkpt lat="25.043418" lon="121.50008"><time>2026-10-02T02:01:24Z</time><ele>7</ele><speed>15.865</speed></trkpt><trkpt lat="25.043387" lon="121.500052"><time>2026-10-02T02:01:25Z</time><ele>7</ele><speed>15.29</speed></trkpt><trkpt lat="25.043356" lon="121.500025"><time>2026-10-02T02:01:26Z</time><ele>7</ele><speed>14.818</speed></trkpt><trkpt lat="25.043326" lon="121.499998"><time>2026-10-02T02:01:27Z</time><ele>7</ele><speed>14.589</speed></trkpt><trkpt lat="25.043297" lon="121.499971"><time>2026-10-02T02:01:28Z</time><ele>7</ele><speed>14.817</speed></trkpt><trkpt lat="25.043268" lon="121.499943"><time>2026-10-02T02:01:29Z</time><ele>7</ele><speed>14.867</speed></trkpt><trkpt lat="25.043238" lon="121.499917"><time>2026-10-02T02:01:30Z</time><ele>7</ele><speed>14.573</speed></trkpt><trkpt lat="25.04321" lon="121.499891"><time>2026-10-02T02:01:31Z</time><ele>7</ele><speed>14.209</speed></trkpt><trkpt lat="25.043182" lon="121.499864"><time>2026-10-02T02:01:32Z</time><ele>6</ele><speed>13.837</speed></trkpt><trkpt lat="25.043153" lon="121.499837"><time>2026-10-02T02:01:33Z</time><ele>6</ele><speed>14.317</speed></trkpt><trkpt lat="25.043125" lon="121.499811"><time>2026-10-02T02:01:34Z</time><ele>6</ele><speed>14.589</speed></trkpt><trkpt lat="25.043096" lon="121.499785"><time>2026-10-02T02:01:35Z</time><ele>6</ele><speed>15.121</speed></trkpt><trkpt lat="25.043067" lon="121.499757"><time>2026-10-02T02:01:36Z</time><ele>6</ele><speed>15.596</speed></trkpt><trkpt lat="25.043037" lon="121.49973"><time>2026-10-02T02:01:37Z</time><ele>6</ele><speed>16.023</speed></trkpt><trkpt lat="25.043007" lon="121.499703"><time>2026-10-02T02:01:38Z</time><ele>6</ele><speed>15.711</speed></trkpt><trkpt lat="25.042976" lon="121.499675"><time>2026-10-02T02:01:39Z</time><ele>5</ele><speed>16.431</speed></trkpt><trkpt lat="25.042944" lon="121.499647"><time>2026-10-02T02:01:40Z</time><ele>5</ele><speed>17.34</speed></trkpt><trkpt lat="25.04291" lon="121.499619"><time>2026-10-02T02:01:41Z</time><ele>6</ele><speed>17.803</speed></trkpt><trkpt lat="25.042876" lon="121.49959"><time>2026-10-02T02:01:42Z</time><ele>5</ele><speed>17.744</speed></trkpt><trkpt lat="25.042841" lon="121.499562"><time>2026-10-02T02:01:43Z</time><ele>5</ele><speed>17.824</speed></trkpt><trkpt lat="25.042805" lon="121.499532"><time>2026-10-02T02:01:44Z</time><ele>5</ele><speed>17.847</speed></trkpt><trkpt lat="25.042769" lon="121.499502"><time>2026-10-02T02:01:45Z</time><ele>5</ele><speed>17.686</speed></trkpt><trkpt lat="25.042733" lon="121.499472"><time>2026-10-02T02:01:46Z</time><ele>5</ele><speed>18.094</speed></trkpt><trkpt lat="25.042696" lon="121.499442"><time>2026-10-02T02:01:47Z</time><ele>5</ele><speed>17.804</speed></trkpt><trkpt lat="25.04266" lon="121.499412"><time>2026-10-02T02:01:48Z</time><ele>5</ele><speed>17.342</speed></trkpt><trkpt lat="25.042625" lon="121.499382"><time>2026-10-02T02:01:49Z</time><ele>5</ele><speed>16.993</speed></trkpt><trkpt lat="25.04259" lon="121.499352"><time>2026-10-02T02:01:50Z</time><ele>5</ele><speed>17.988</speed></trkpt><trkpt lat="25.042555" lon="121.499321"><time>2026-10-02T02:01:51Z</time><ele>4</ele><speed>17.924</speed></trkpt><trkpt lat="25.042521" lon="121.499291"><time>2026-10-02T02:01:52Z</time><ele>4</ele><speed>17.36</speed></trkpt><trkpt lat="25.042486" lon="121.499261"><time>2026-10-02T02:01:53Z</time><ele>4</ele><speed>17.421</speed></trkpt><trkpt lat="25.042451" lon="121.499231"><time>2026-10-02T02:01:54Z</time><ele>4</ele><speed>17.278</speed></trkpt><trkpt lat="25.042416" lon="121.499201"><time>2026-10-02T02:01:55Z</time><ele>4</ele><speed>17.034</speed></trkpt><trkpt lat="25.042381" lon="121.499171"><time>2026-10-02T02:01:56Z</time><ele>4</ele><speed>17.455</speed></trkpt><trkpt lat="25.042345" lon="121.499142"><time>2026-10-02T02:01:57Z</time><ele>4</ele><speed>17.163</speed></trkpt><trkpt lat="25.042311" lon="121.499111"><time>2026-10-02T02:01:58Z</time><ele>4</ele><speed>17.428</speed></trkpt><trkpt lat="25.042278" lon="121.499079"><time>2026-10-02T02:01:59Z</time><ele>4</ele><speed>17.137</speed></trkpt><trkpt lat="25.042246" lon="121.499045"><time>2026-10-02T02:02:00Z</time><ele>4</ele><speed>17.308</speed></trkpt><trkpt lat="25.042213" lon="121.499012"><time>2026-10-02T02:02:01Z</time><ele>5</ele><speed>17.55</speed></trkpt><trkpt lat="25.042181" lon="121.498978"><time>2026-10-02T02:02:02Z</time><ele>5</ele><speed>17.043</speed></trkpt><trkpt lat="25.042148" lon="121.498946"><time>2026-10-02T02:02:03Z</time><ele>4</ele><speed>17.126</speed></trkpt><trkpt lat="25.042113" lon="121.498917"><time>2026-10-02T02:02:04Z</time><ele>5</ele><speed>17.896</speed></trkpt><trkpt lat="25.042075" lon="121.498889"><time>2026-10-02T02:02:05Z</time><ele>5</ele><speed>18.244</speed></trkpt><trkpt lat="25.042036" lon="121.498863"><time>2026-10-02T02:02:06Z</time><ele>5</ele><speed>18.148</speed></trkpt><trkpt lat="25.041997" lon="121.498839"><time>2026-10-02T02:02:07Z</time><ele>5</ele><speed>17.751</speed></trkpt><trkpt lat="25.041957" lon="121.498815"><time>2026-10-02T02:02:08Z</time><ele>5</ele><speed>17.603</speed></trkpt><trkpt lat="25.041916" lon="121.498791"><time>2026-10-02T02:02:09Z</time><ele>5</ele><speed>16.893</speed></trkpt><trkpt lat="25.041878" lon="121.498767"><time>2026-10-02T02:02:10Z</time><ele>6</ele><speed>16.861</speed></trkpt><trkpt lat="25.04184" lon="121.498741"><time>2026-10-02T02:02:11Z</time><ele>5</ele><speed>16.807</speed></trkpt><trkpt lat="25.041803" lon="121.498715"><time>2026-10-02T02:02:12Z</time><ele>6</ele><speed>17.756</speed></trkpt><trkpt lat="25.041767" lon="121.498687"><time>2026-10-02T02:02:13Z</time><ele>5</ele><speed>17.502</speed></trkpt><trkpt lat="25.041731" lon="121.498659"><time>2026-10-02T02:02:14Z</time><ele>6</ele><speed>17.938</speed></trkpt><trkpt lat="25.041696" lon="121.498629"><time>2026-10-02T02:02:15Z</time><ele>5</ele><speed>17.818</speed></trkpt><trkpt lat="25.04166" lon="121.498598"><time>2026-10-02T02:02:16Z</time><ele>6</ele><speed>17.367</speed></trkpt><trkpt lat="25.041624" lon="121.498568"><time>2026-10-02T02:02:17Z</time><ele>6</ele><speed>17.053</speed></trkpt><trkpt lat="25.04159" lon="121.498539"><time>2026-10-02T02:02:18Z</time><ele>6</ele><speed>16.656</speed></trkpt><trkpt lat="25.041556" lon="121.49851"><time>2026-10-02T02:02:19Z</time><ele>6</ele><speed>16.748</speed></trkpt><trkpt lat="25.041522" lon="121.498482"><time>2026-10-02T02:02:20Z</time><ele>6</ele><speed>16.675</speed></trkpt><trkpt lat="25.041489" lon="121.498454"><time>2026-10-02T02:02:21Z</time><ele>6</ele><speed>16.015</speed></trkpt><trkpt lat="25.041458" lon="121.498427"><time>2026-10-02T02:02:22Z</time><ele>6</ele><speed>15.503</speed></trkpt><trkpt lat="25.041426" lon="121.4984"><time>2026-10-02T02:02:23Z</time><ele>6</ele><speed>15.333</speed></trkpt><trkpt lat="25.041394" lon="121.498375"><time>2026-10-02T02:02:24Z</time><ele>5</ele><speed>14.676</speed></trkpt><trkpt lat="25.041363" lon="121.49835"><time>2026-10-02T02:02:25Z</time><ele>6</ele><speed>15.312</speed></trkpt><trkpt lat="25.041331" lon="121.498326"><time>2026-10-02T02:02:26Z</time><ele>6</ele><speed>15.617</speed></trkpt><trkpt lat="25.0413" lon="121.498302"><time>2026-10-02T02:02:27Z</time><ele>6</ele><speed>15.439</speed></trkpt><trkpt lat="25.041268" lon="121.498277"><time>2026-10-02T02:02:28Z</time><ele>6</ele><speed>15.217</speed></trkpt><trkpt lat="25.041238" lon="121.498252"><time>2026-10-02T02:02:29Z</time><ele>6</ele><speed>15.055</speed></trkpt><trkpt lat="25.041208" lon="121.498225"><time>2026-10-02T02:02:30Z</time><ele>6</ele><speed>15.119</speed></trkpt><trkpt lat="25.041178" lon="121.498199"><time>2026-10-02T02:02:31Z</time><ele>6</ele><speed>15.081</speed></trkpt><trkpt lat="25.041148" lon="121.498173"><time>2026-10-02T02:02:32Z</time><ele>6</ele><speed>14.713</speed></trkpt><trkpt lat="25.041119" lon="121.498147"><time>2026-10-02T02:02:33Z</time><ele>6</ele><speed>14.893</speed></trkpt><trkpt lat="25.041089" lon="121.498123"><time>2026-10-02T02:02:34Z</time><ele>6</ele><speed>13.841</speed></trkpt><trkpt lat="25.04106" lon="121.498099"><time>2026-10-02T02:02:35Z</time><ele>6</ele><speed>13.695</speed></trkpt><trkpt lat="25.041031" lon="121.498075"><time>2026-10-02T02:02:36Z</time><ele>6</ele><speed>13.437</speed></trkpt><trkpt lat="25.041004" lon="121.498051"><time>2026-10-02T02:02:37Z</time><ele>6</ele><speed>13.274</speed></trkpt><trkpt lat="25.040978" lon="121.498029"><time>2026-10-02T02:02:38Z</time><ele>6</ele><speed>13.165</speed></trkpt><trkpt lat="25.040953" lon="121.498006"><time>2026-10-02T02:02:39Z</time><ele>6</ele><speed>13.118</speed></trkpt><trkpt lat="25.040928" lon="121.497983"><time>2026-10-02T02:02:40Z</time><ele>6</ele><speed>13.868</speed></trkpt><trkpt lat="25.040901" lon="121.497961"><time>2026-10-02T02:02:41Z</time><ele>6</ele><speed>14.807</speed></trkpt><trkpt lat="25.040874" lon="121.497938"><time>2026-10-02T02:02:42Z</time><ele>6</ele><speed>15.421</speed></trkpt><trkpt lat="25.040844" lon="121.497916"><time>2026-10-02T02:02:43Z</time><ele>6</ele><speed>15.522</speed></trkpt><trkpt lat="25.040813" lon="121.497892"><time>2026-10-02T02:02:44Z</time><ele>6</ele><speed>16.703</speed></trkpt><trkpt lat="25.04078" lon="121.497867"><time>2026-10-02T02:02:45Z</time><ele>6</ele><speed>16.752</speed></trkpt><trkpt lat="25.040746" lon="121.497843"><time>2026-10-02T02:02:46Z</time><ele>6</ele><speed>16.517</speed></trkpt><trkpt lat="25.040711" lon="121.497818"><time>2026-10-02T02:02:47Z</time><ele>6</ele><speed>16.626</speed></trkpt><trkpt lat="25.040677" lon="121.497793"><time>2026-10-02T02:02:48Z</time><ele>6</ele><speed>16.799</speed></trkpt><trkpt lat="25.040642" lon="121.497767"><time>2026-10-02T02:02:49Z</time><ele>6</ele><speed>16.78</speed></trkpt><trkpt lat="25.040607" lon="121.497742"><time>2026-10-02T02:02:50Z</time><ele>6</ele><speed>16.664</speed></trkpt><trkpt lat="25.040572" lon="121.497716"><time>2026-10-02T02:02:51Z</time><ele>5</ele><speed>17.34</speed></trkpt><trkpt lat="25.040538" lon="121.497691"><time>2026-10-02T02:02:52Z</time><ele>6</ele><speed>16.707</speed></trkpt><trkpt lat="25.040502" lon="121.497668"><time>2026-10-02T02:02:53Z</time><ele>6</ele><speed>15.693</speed></trkpt><trkpt lat="25.040468" lon="121.497645"><time>2026-10-02T02:02:54Z</time><ele>6</ele><speed>13.904</speed></trkpt><trkpt lat="25.040437" lon="121.497624"><time>2026-10-02T02:02:55Z</time><ele>6</ele><speed>12.707</speed></trkpt><trkpt lat="25.040408" lon="121.497602"><time>2026-10-02T02:02:56Z</time><ele>6</ele><speed>11.671</speed></trkpt><trkpt lat="25.040383" lon="121.497582"><time>2026-10-02T02:02:57Z</time><ele>6</ele><speed>10.525</speed></trkpt><trkpt lat="25.040361" lon="121.497564"><time>2026-10-02T02:02:58Z</time><ele>6</ele><speed>9.015</speed></trkpt><trkpt lat="25.040342" lon="121.497547"><time>2026-10-02T02:02:59Z</time><ele>6</ele><speed>7.814</speed></trkpt><trkpt lat="25.040325" lon="121.497532"><time>2026-10-02T02:03:00Z</time><ele>6</ele><speed>7.323</speed></trkpt><trkpt lat="25.04031" lon="121.497517"><time>2026-10-02T02:03:01Z</time><ele>7</ele><speed>6.617</speed></trkpt><trkpt lat="25.040295" lon="121.497504"><time>2026-10-02T02:03:03Z</time><ele>7</ele><speed>5.195</speed></trkpt><trkpt lat="25.04029" lon="121.497479"><time>2026-10-02T02:05:53Z</time><ele>5</ele><speed>4.361</speed></trkpt><trkpt lat="25.040284" lon="121.497455"><time>2026-10-02T02:05:54Z</time><ele>5</ele><speed>6.591</speed></trkpt><trkpt lat="25.040278" lon="121.49743"><time>2026-10-02T02:05:55Z</time><ele>5</ele><speed>8.467</speed></trkpt><trkpt lat="25.040268" lon="121.497403"><time>2026-10-02T02:05:56Z</time><ele>5</ele><speed>11.284</speed></trkpt><trkpt lat="25.040256" lon="121.497375"><time>2026-10-02T02:05:57Z</time><ele>5</ele><speed>12.536</speed></trkpt><trkpt lat="25.04024" lon="121.497346"><time>2026-10-02T02:05:58Z</time><ele>5</ele><speed>13.684</speed></trkpt><trkpt lat="25.04021" lon="121.497326"><time>2026-10-02T02:05:59Z</time><ele>5</ele><speed>14.662</speed></trkpt><trkpt lat="25.04018" lon="121.497303"><time>2026-10-02T02:06:00Z</time><ele>5</ele><speed>14.801</speed></trkpt><trkpt lat="25.04015" lon="121.497277"><time>2026-10-02T02:06:01Z</time><ele>5</ele><speed>14.844</speed></trkpt><trkpt lat="25.040121" lon="121.497247"><time>2026-10-02T02:06:02Z</time><ele>5</ele><speed>15.458</speed></trkpt><trkpt lat="25.040093" lon="121.497218"><time>2026-10-02T02:06:03Z</time><ele>5</ele><speed>15.576</speed></trkpt><trkpt lat="25.040067" lon="121.497185"><time>2026-10-02T02:06:04Z</time><ele>5</ele><speed>15.315</speed></trkpt><trkpt lat="25.040045" lon="121.497151"><time>2026-10-02T02:06:05Z</time><ele>5</ele><speed>15.159</speed></trkpt><trkpt lat="25.040021" lon="121.49712"><time>2026-10-02T02:06:06Z</time><ele>6</ele><speed>15.064</speed></trkpt><trkpt lat="25.039998" lon="121.497087"><time>2026-10-02T02:06:07Z</time><ele>6</ele><speed>15.418</speed></trkpt><trkpt lat="25.039977" lon="121.497053"><time>2026-10-02T02:06:08Z</time><ele>6</ele><speed>14.77</speed></trkpt><trkpt lat="25.039957" lon="121.497018"><time>2026-10-02T02:06:09Z</time><ele>6</ele><speed>15.334</speed></trkpt><trkpt lat="25.039936" lon="121.496983"><time>2026-10-02T02:06:10Z</time><ele>6</ele><speed>15.512</speed></trkpt><trkpt lat="25.039912" lon="121.496949"><time>2026-10-02T02:06:11Z</time><ele>6</ele><speed>15.309</speed></trkpt><trkpt lat="25.039889" lon="121.496914"><time>2026-10-02T02:06:12Z</time><ele>7</ele><speed>15.246</speed></trkpt><trkpt lat="25.039864" lon="121.496883"><time>2026-10-02T02:06:13Z</time><ele>7</ele><speed>15.071</speed></trkpt><trkpt lat="25.039837" lon="121.496852"><time>2026-10-02T02:06:14Z</time><ele>7</ele><speed>15.906</speed></trkpt><trkpt lat="25.03981" lon="121.496821"><time>2026-10-02T02:06:15Z</time><ele>7</ele><speed>16.455</speed></trkpt><trkpt lat="25.039782" lon="121.496791"><time>2026-10-02T02:06:16Z</time><ele>7</ele><speed>16.266</speed></trkpt><trkpt lat="25.039753" lon="121.496762"><time>2026-10-02T02:06:17Z</time><ele>7</ele><speed>16.066</speed></trkpt><trkpt lat="25.039719" lon="121.496737"><time>2026-10-02T02:06:18Z</time><ele>7</ele><speed>17.15</speed></trkpt><trkpt lat="25.039692" lon="121.496707"><time>2026-10-02T02:06:19Z</time><ele>7</ele><speed>15.237</speed></trkpt><trkpt lat="25.039662" lon="121.496681"><time>2026-10-02T02:06:20Z</time><ele>8</ele><speed>15.527</speed></trkpt><trkpt lat="25.039638" lon="121.496661"><time>2026-10-02T02:06:21Z</time><ele>8</ele><speed>6.248</speed></trkpt><trkpt lat="25.039619" lon="121.496635"><time>2026-10-02T02:06:22Z</time><ele>8</ele><speed>8.698</speed></trkpt><trkpt lat="25.039605" lon="121.49661"><time>2026-10-02T02:06:23Z</time><ele>8</ele><speed>6.353</speed></trkpt><trkpt lat="25.039597" lon="121.49658"><time>2026-10-02T02:06:24Z</time><ele>8</ele><speed>7.345</speed></trkpt><trkpt lat="25.039583" lon="121.496557"><time>2026-10-02T02:06:25Z</time><ele>8</ele><speed>6.797</speed></trkpt><trkpt lat="25.039575" lon="121.49653"><time>2026-10-02T02:06:26Z</time><ele>8</ele><speed>7.114</speed></trkpt><trkpt lat="25.039565" lon="121.496498"><time>2026-10-02T02:06:27Z</time><ele>8</ele><speed>6.638</speed></trkpt><trkpt lat="25.039556" lon="121.496469"><time>2026-10-02T02:06:28Z</time><ele>7</ele><speed>7.985</speed></trkpt><trkpt lat="25.039544" lon="121.496438"><time>2026-10-02T02:06:29Z</time><ele>8</ele><speed>8.743</speed></trkpt><trkpt lat="25.039533" lon="121.496407"><time>2026-10-02T02:06:30Z</time><ele>8</ele><speed>9.385</speed></trkpt><trkpt lat="25.039526" lon="121.496371"><time>2026-10-02T02:06:31Z</time><ele>7</ele><speed>9.682</speed></trkpt><trkpt lat="25.039524" lon="121.49633"><time>2026-10-02T02:06:32Z</time><ele>8</ele><speed>12.957</speed></trkpt><trkpt lat="25.03952" lon="121.496282"><time>2026-10-02T02:06:33Z</time><ele>8</ele><speed>17.813</speed></trkpt><trkpt lat="25.039512" lon="121.496225"><time>2026-10-02T02:06:34Z</time><ele>5</ele><speed>22.06</speed></trkpt><trkpt lat="25.039504" lon="121.496161"><time>2026-10-02T02:06:35Z</time><ele>7</ele><speed>22.135</speed></trkpt><trkpt lat="25.039495" lon="121.496092"><time>2026-10-02T02:06:36Z</time><ele>8</ele><speed>22.094</speed></trkpt><trkpt lat="25.039485" lon="121.496017"><time>2026-10-02T02:06:37Z</time><ele>7</ele><speed>21.584</speed></trkpt><trkpt lat="25.039467" lon="121.495944"><time>2026-10-02T02:06:38Z</time><ele>8</ele><speed>19.479</speed></trkpt><trkpt lat="25.039448" lon="121.495878"><time>2026-10-02T02:06:39Z</time><ele>8</ele><speed>17.794</speed></trkpt><trkpt lat="25.039429" lon="121.495818"><time>2026-10-02T02:06:40Z</time><ele>7</ele><speed>16.692</speed></trkpt><trkpt lat="25.039411" lon="121.495764"><time>2026-10-02T02:06:41Z</time><ele>8</ele><speed>16.004</speed></trkpt><trkpt lat="25.039393" lon="121.495715"><time>2026-10-02T02:06:42Z</time><ele>8</ele><speed>16.248</speed></trkpt><trkpt lat="25.039375" lon="121.495668"><time>2026-10-02T02:06:43Z</time><ele>7</ele><speed>16.53</speed></trkpt><trkpt lat="25.039358" lon="121.495624"><time>2026-10-02T02:06:44Z</time><ele>8</ele><speed>17.485</speed></trkpt><trkpt lat="25.039337" lon="121.49558"><time>2026-10-02T02:06:45Z</time><ele>8</ele><speed>17.998</speed></trkpt><trkpt lat="25.039316" lon="121.495538"><time>2026-10-02T02:06:46Z</time><ele>8</ele><speed>16.984</speed></trkpt><trkpt lat="25.039295" lon="121.495495"><time>2026-10-02T02:06:47Z</time><ele>7</ele><speed>17.44</speed></trkpt><trkpt lat="25.039273" lon="121.495453"><time>2026-10-02T02:06:48Z</time><ele>8</ele><speed>17.403</speed></trkpt><trkpt lat="25.039249" lon="121.495413"><time>2026-10-02T02:06:49Z</time><ele>8</ele><speed>17.542</speed></trkpt><trkpt lat="25.039223" lon="121.49537"><time>2026-10-02T02:06:50Z</time><ele>7</ele><speed>19.913</speed></trkpt><trkpt lat="25.039199" lon="121.495327"><time>2026-10-02T02:06:51Z</time><ele>7</ele><speed>19.144</speed></trkpt><trkpt lat="25.039174" lon="121.495285"><time>2026-10-02T02:06:52Z</time><ele>7</ele><speed>18.559</speed></trkpt><trkpt lat="25.039148" lon="121.495244"><time>2026-10-02T02:06:53Z</time><ele>8</ele><speed>17.124</speed></trkpt><trkpt lat="25.039122" lon="121.495205"><time>2026-10-02T02:06:54Z</time><ele>8</ele><speed>16.473</speed></trkpt><trkpt lat="25.039096" lon="121.495167"><time>2026-10-02T02:06:55Z</time><ele>7</ele><speed>15.746</speed></trkpt><trkpt lat="25.039071" lon="121.495134"><time>2026-10-02T02:06:56Z</time><ele>7</ele><speed>16.893</speed></trkpt><trkpt lat="25.039041" lon="121.495102"><time>2026-10-02T02:06:57Z</time><ele>7</ele><speed>18.45</speed></trkpt><trkpt lat="25.039009" lon="121.495072"><time>2026-10-02T02:06:58Z</time><ele>7</ele><speed>17.965</speed></trkpt><trkpt lat="25.038976" lon="121.49504"><time>2026-10-02T02:06:59Z</time><ele>7</ele><speed>18.683</speed></trkpt><trkpt lat="25.038942" lon="121.495007"><time>2026-10-02T02:07:00Z</time><ele>8</ele><speed>18.178</speed></trkpt><trkpt lat="25.038907" lon="121.494973"><time>2026-10-02T02:07:01Z</time><ele>8</ele><speed>17.919</speed></trkpt><trkpt lat="25.038874" lon="121.494938"><time>2026-10-02T02:07:02Z</time><ele>7</ele><speed>17.616</speed></trkpt><trkpt lat="25.038845" lon="121.494903"><time>2026-10-02T02:07:03Z</time><ele>8</ele><speed>17.671</speed></trkpt><trkpt lat="25.038818" lon="121.494866"><time>2026-10-02T02:07:04Z</time><ele>8</ele><speed>17.296</speed></trkpt><trkpt lat="25.038792" lon="121.494828"><time>2026-10-02T02:07:05Z</time><ele>7</ele><speed>17.44</speed></trkpt><trkpt lat="25.038768" lon="121.49479"><time>2026-10-02T02:07:06Z</time><ele>7</ele><speed>17.111</speed></trkpt><trkpt lat="25.038744" lon="121.494754"><time>2026-10-02T02:07:07Z</time><ele>8</ele><speed>16.068</speed></trkpt><trkpt lat="25.038718" lon="121.494719"><time>2026-10-02T02:07:08Z</time><ele>8</ele><speed>16.54</speed></trkpt><trkpt lat="25.038691" lon="121.494684"><time>2026-10-02T02:07:09Z</time><ele>8</ele><speed>17.479</speed></trkpt><trkpt lat="25.038664" lon="121.494647"><time>2026-10-02T02:07:10Z</time><ele>8</ele><speed>18.216</speed></trkpt><trkpt lat="25.038634" lon="121.494611"><time>2026-10-02T02:07:11Z</time><ele>8</ele><speed>18.105</speed></trkpt><trkpt lat="25.038603" lon="121.494576"><time>2026-10-02T02:07:12Z</time><ele>8</ele><speed>17.564</speed></trkpt><trkpt lat="25.038571" lon="121.494539"><time>2026-10-02T02:07:13Z</time><ele>8</ele><speed>18.428</speed></trkpt><trkpt lat="25.038541" lon="121.4945"><time>2026-10-02T02:07:14Z</time><ele>8</ele><speed>17.772</speed></trkpt><trkpt lat="25.038515" lon="121.494458"><time>2026-10-02T02:07:15Z</time><ele>8</ele><speed>18.165</speed></trkpt><trkpt lat="25.038491" lon="121.494416"><time>2026-10-02T02:07:16Z</time><ele>8</ele><speed>17.171</speed></trkpt><trkpt lat="25.03847" lon="121.494373"><time>2026-10-02T02:07:17Z</time><ele>8</ele><speed>17.039</speed></trkpt><trkpt lat="25.038451" lon="121.494329"><time>2026-10-02T02:07:18Z</time><ele>8</ele><speed>17.408</speed></trkpt><trkpt lat="25.038434" lon="121.494287"><time>2026-10-02T02:07:19Z</time><ele>8</ele><speed>16.143</speed></trkpt><trkpt lat="25.038417" lon="121.494244"><time>2026-10-02T02:07:20Z</time><ele>8</ele><speed>17.144</speed></trkpt><trkpt lat="25.038397" lon="121.494204"><time>2026-10-02T02:07:21Z</time><ele>8</ele><speed>17.695</speed></trkpt><trkpt lat="25.038379" lon="121.494163"><time>2026-10-02T02:07:22Z</time><ele>8</ele><speed>17.052</speed></trkpt><trkpt lat="25.038364" lon="121.494121"><time>2026-10-02T02:07:23Z</time><ele>8</ele><speed>17.183</speed></trkpt><trkpt lat="25.038351" lon="121.494077"><time>2026-10-02T02:07:24Z</time><ele>7</ele><speed>16.603</speed></trkpt><trkpt lat="25.03834" lon="121.494032"><time>2026-10-02T02:07:25Z</time><ele>7</ele><speed>16.246</speed></trkpt><trkpt lat="25.038333" lon="121.493987"><time>2026-10-02T02:07:26Z</time><ele>7</ele><speed>15.665</speed></trkpt><trkpt lat="25.03833" lon="121.493943"><time>2026-10-02T02:07:27Z</time><ele>7</ele><speed>15.517</speed></trkpt><trkpt lat="25.038328" lon="121.493898"><time>2026-10-02T02:07:28Z</time><ele>7</ele><speed>15.988</speed></trkpt><trkpt lat="25.038329" lon="121.493854"><time>2026-10-02T02:07:29Z</time><ele>7</ele><speed>16.41</speed></trkpt><trkpt lat="25.038331" lon="121.493811"><time>2026-10-02T02:07:30Z</time><ele>7</ele><speed>16.878</speed></trkpt><trkpt lat="25.038335" lon="121.493766"><time>2026-10-02T02:07:31Z</time><ele>6</ele><speed>17.838</speed></trkpt><trkpt lat="25.03834" lon="121.49372"><time>2026-10-02T02:07:32Z</time><ele>7</ele><speed>17.748</speed></trkpt><trkpt lat="25.038345" lon="121.493672"><time>2026-10-02T02:07:33Z</time><ele>6</ele><speed>17.987</speed></trkpt><trkpt lat="25.038352" lon="121.493624"><time>2026-10-02T02:07:34Z</time><ele>6</ele><speed>18.209</speed></trkpt><trkpt lat="25.038359" lon="121.493575"><time>2026-10-02T02:07:35Z</time><ele>6</ele><speed>17.895</speed></trkpt><trkpt lat="25.038365" lon="121.493526"><time>2026-10-02T02:07:36Z</time><ele>6</ele><speed>17.091</speed></trkpt><trkpt lat="25.03837" lon="121.493478"><time>2026-10-02T02:07:37Z</time><ele>6</ele><speed>16.906</speed></trkpt><trkpt lat="25.038375" lon="121.49343"><time>2026-10-02T02:07:38Z</time><ele>6</ele><speed>16.92</speed></trkpt><trkpt lat="25.038379" lon="121.493383"><time>2026-10-02T02:07:39Z</time><ele>5</ele><speed>17.74</speed></trkpt><trkpt lat="25.038382" lon="121.493335"><time>2026-10-02T02:07:40Z</time><ele>5</ele><speed>17.457</speed></trkpt><trkpt lat="25.038386" lon="121.493288"><time>2026-10-02T02:07:41Z</time><ele>5</ele><speed>17.826</speed></trkpt><trkpt lat="25.03839" lon="121.493239"><time>2026-10-02T02:07:42Z</time><ele>5</ele><speed>18.42</speed></trkpt><trkpt lat="25.038397" lon="121.493191"><time>2026-10-02T02:07:43Z</time><ele>5</ele><speed>17.657</speed></trkpt><trkpt lat="25.038402" lon="121.493143"><time>2026-10-02T02:07:44Z</time><ele>5</ele><speed>17.15</speed></trkpt><trkpt lat="25.038408" lon="121.493096"><time>2026-10-02T02:07:45Z</time><ele>5</ele><speed>16.57</speed></trkpt><trkpt lat="25.038412" lon="121.493049"><time>2026-10-02T02:07:46Z</time><ele>5</ele><speed>17.221</speed></trkpt><trkpt lat="25.038416" lon="121.493002"><time>2026-10-02T02:07:47Z</time><ele>5</ele><speed>17.454</speed></trkpt><trkpt lat="25.038418" lon="121.492955"><time>2026-10-02T02:07:48Z</time><ele>5</ele><speed>17.96</speed></trkpt><trkpt lat="25.038418" lon="121.492908"><time>2026-10-02T02:07:49Z</time><ele>5</ele><speed>17.37</speed></trkpt><trkpt lat="25.038417" lon="121.492859"><time>2026-10-02T02:07:50Z</time><ele>5</ele><speed>19.12</speed></trkpt><trkpt lat="25.038414" lon="121.492811"><time>2026-10-02T02:07:51Z</time><ele>6</ele><speed>17.487</speed></trkpt><trkpt lat="25.038409" lon="121.492764"><time>2026-10-02T02:07:52Z</time><ele>5</ele><speed>16.443</speed></trkpt><trkpt lat="25.038403" lon="121.492718"><time>2026-10-02T02:07:53Z</time><ele>5</ele><speed>15.922</speed></trkpt><trkpt lat="25.038395" lon="121.492674"><time>2026-10-02T02:07:54Z</time><ele>5</ele><speed>15.313</speed></trkpt><trkpt lat="25.038384" lon="121.492632"><time>2026-10-02T02:07:55Z</time><ele>5</ele><speed>14.417</speed></trkpt><trkpt lat="25.038374" lon="121.492593"><time>2026-10-02T02:07:56Z</time><ele>5</ele><speed>13.769</speed></trkpt><trkpt lat="25.038366" lon="121.492555"><time>2026-10-02T02:07:57Z</time><ele>5</ele><speed>11.904</speed></trkpt><trkpt lat="25.038358" lon="121.492521"><time>2026-10-02T02:07:58Z</time><ele>5</ele><speed>9.456</speed></trkpt><trkpt lat="25.038352" lon="121.492493"><time>2026-10-02T02:07:59Z</time><ele>5</ele><speed>6.74</speed></trkpt><trkpt lat="25.038345" lon="121.492468"><time>2026-10-02T02:08:00Z</time><ele>6</ele><speed>6.717</speed></trkpt><trkpt lat="25.038339" lon="121.492446"><time>2026-10-02T02:08:01Z</time><ele>6</ele><speed>7.863</speed></trkpt><trkpt lat="25.038333" lon="121.492426"><time>2026-10-02T02:08:02Z</time><ele>6</ele><speed>8.343</speed></trkpt><trkpt lat="25.038327" lon="121.492406"><time>2026-10-02T02:08:03Z</time><ele>6</ele><speed>9.171</speed></trkpt><trkpt lat="25.03832" lon="121.492386"><time>2026-10-02T02:08:04Z</time><ele>6</ele><speed>9.901</speed></trkpt><trkpt lat="25.038312" lon="121.492362"><time>2026-10-02T02:08:05Z</time><ele>6</ele><speed>10.741</speed></trkpt><trkpt lat="25.038305" lon="121.492335"><time>2026-10-02T02:08:06Z</time><ele>6</ele><speed>11.338</speed></trkpt><trkpt lat="25.038297" lon="121.492306"><time>2026-10-02T02:08:07Z</time><ele>6</ele><speed>12.178</speed></trkpt><trkpt lat="25.03829" lon="121.492275"><time>2026-10-02T02:08:08Z</time><ele>5</ele><speed>12.206</speed></trkpt><trkpt lat="25.038282" lon="121.492244"><time>2026-10-02T02:08:09Z</time><ele>6</ele><speed>12.146</speed></trkpt><trkpt lat="25.038274" lon="121.492213"><time>2026-10-02T02:08:10Z</time><ele>6</ele><speed>11.979</speed></trkpt><trkpt lat="25.038265" lon="121.492182"><time>2026-10-02T02:08:11Z</time><ele>6</ele><speed>11.509</speed></trkpt><trkpt lat="25.038255" lon="121.492151"><time>2026-10-02T02:08:12Z</time><ele>6</ele><speed>11.424</speed></trkpt><trkpt lat="25.038246" lon="121.492122"><time>2026-10-02T02:08:13Z</time><ele>6</ele><speed>11.156</speed></trkpt><trkpt lat="25.038238" lon="121.492092"><time>2026-10-02T02:08:14Z</time><ele>5</ele><speed>11.297</speed></trkpt><trkpt lat="25.03823" lon="121.492062"><time>2026-10-02T02:08:15Z</time><ele>5</ele><speed>11.18</speed></trkpt><trkpt lat="25.038223" lon="121.492033"><time>2026-10-02T02:08:16Z</time><ele>5</ele><speed>11.312</speed></trkpt><trkpt lat="25.038216" lon="121.492004"><time>2026-10-02T02:08:17Z</time><ele>5</ele><speed>11.13</speed></trkpt><trkpt lat="25.038208" lon="121.491973"><time>2026-10-02T02:08:18Z</time><ele>5</ele><speed>11.941</speed></trkpt><trkpt lat="25.038201" lon="121.491942"><time>2026-10-02T02:08:19Z</time><ele>5</ele><speed>11.867</speed></trkpt><trkpt lat="25.038193" lon="121.491913"><time>2026-10-02T02:08:20Z</time><ele>5</ele><speed>10.231</speed></trkpt><trkpt lat="25.038184" lon="121.491884"><time>2026-10-02T02:08:21Z</time><ele>5</ele><speed>10.09</speed></trkpt><trkpt lat="25.038175" lon="121.491856"><time>2026-10-02T02:08:22Z</time><ele>5</ele><speed>9.962</speed></trkpt><trkpt lat="25.038168" lon="121.491832"><time>2026-10-02T02:08:23Z</time><ele>5</ele><speed>4.402</speed></trkpt><trkpt lat="25.038161" lon="121.491807"><time>2026-10-02T02:08:24Z</time><ele>6</ele><speed>8.258</speed></trkpt><trkpt lat="25.038155" lon="121.491786"><time>2026-10-02T02:08:25Z</time><ele>6</ele><speed>5.302</speed></trkpt><trkpt lat="25.038148" lon="121.491763"><time>2026-10-02T02:08:26Z</time><ele>5</ele><speed>4.856</speed></trkpt><trkpt lat="25.038142" lon="121.491738"><time>2026-10-02T02:08:27Z</time><ele>6</ele><speed>6.41</speed></trkpt><trkpt lat="25.038134" lon="121.491711"><time>2026-10-02T02:08:28Z</time><ele>6</ele><speed>8.176</speed></trkpt><trkpt lat="25.038125" lon="121.491674"><time>2026-10-02T02:08:29Z</time><ele>6</ele><speed>15.861</speed></trkpt><trkpt lat="25.038113" lon="121.491631"><time>2026-10-02T02:08:30Z</time><ele>5</ele><speed>19.165</speed></trkpt><trkpt lat="25.038102" lon="121.491592"><time>2026-10-02T02:08:31Z</time><ele>6</ele><speed>5.053</speed></trkpt><trkpt lat="25.03809" lon="121.491552"><time>2026-10-02T02:08:32Z</time><ele>6</ele><speed>5.309</speed></trkpt><trkpt lat="25.038075" lon="121.491511"><time>2026-10-02T02:08:33Z</time><ele>7</ele><speed>8.63</speed></trkpt><trkpt lat="25.03806" lon="121.491471"><time>2026-10-02T02:08:34Z</time><ele>6</ele><speed>5.92</speed></trkpt><trkpt lat="25.038044" lon="121.49143"><time>2026-10-02T02:08:35Z</time><ele>6</ele><speed>17.535</speed></trkpt><trkpt lat="25.038025" lon="121.49139"><time>2026-10-02T02:08:36Z</time><ele>6</ele><speed>18.802</speed></trkpt><trkpt lat="25.038003" lon="121.491341"><time>2026-10-02T02:08:37Z</time><ele>6</ele><speed>18.972</speed></trkpt><trkpt lat="25.037981" lon="121.491291"><time>2026-10-02T02:08:38Z</time><ele>5</ele><speed>18.431</speed></trkpt><trkpt lat="25.037959" lon="121.49124"><time>2026-10-02T02:08:39Z</time><ele>5</ele><speed>17.221</speed></trkpt><trkpt lat="25.037935" lon="121.491188"><time>2026-10-02T02:08:40Z</time><ele>5</ele><speed>17.142</speed></trkpt><trkpt lat="25.037913" lon="121.491142"><time>2026-10-02T02:08:41Z</time><ele>5</ele><speed>16.534</speed></trkpt><trkpt lat="25.037894" lon="121.491098"><time>2026-10-02T02:08:42Z</time><ele>4</ele><speed>15.203</speed></trkpt><trkpt lat="25.037875" lon="121.491055"><time>2026-10-02T02:08:43Z</time><ele>5</ele><speed>16.142</speed></trkpt><trkpt lat="25.037856" lon="121.491013"><time>2026-10-02T02:08:44Z</time><ele>5</ele><speed>16.091</speed></trkpt><trkpt lat="25.037836" lon="121.490971"><time>2026-10-02T02:08:45Z</time><ele>5</ele><speed>16.572</speed></trkpt><trkpt lat="25.037818" lon="121.490929"><time>2026-10-02T02:08:46Z</time><ele>5</ele><speed>16.747</speed></trkpt><trkpt lat="25.0378" lon="121.490888"><time>2026-10-02T02:08:47Z</time><ele>6</ele><speed>16.124</speed></trkpt><trkpt lat="25.037782" lon="121.490849"><time>2026-10-02T02:08:48Z</time><ele>6</ele><speed>14.196</speed></trkpt><trkpt lat="25.037765" lon="121.490812"><time>2026-10-02T02:08:49Z</time><ele>6</ele><speed>14.398</speed></trkpt><trkpt lat="25.037747" lon="121.490775"><time>2026-10-02T02:08:50Z</time><ele>6</ele><speed>13.635</speed></trkpt><trkpt lat="25.037728" lon="121.490742"><time>2026-10-02T02:08:51Z</time><ele>6</ele><speed>13.449</speed></trkpt><trkpt lat="25.037707" lon="121.490711"><time>2026-10-02T02:08:52Z</time><ele>6</ele><speed>13.382</speed></trkpt><trkpt lat="25.037685" lon="121.490682"><time>2026-10-02T02:08:53Z</time><ele>6</ele><speed>13.343</speed></trkpt><trkpt lat="25.037664" lon="121.490653"><time>2026-10-02T02:08:54Z</time><ele>6</ele><speed>11.337</speed></trkpt><trkpt lat="25.037639" lon="121.490628"><time>2026-10-02T02:08:55Z</time><ele>6</ele><speed>13.363</speed></trkpt><trkpt lat="25.037616" lon="121.490606"><time>2026-10-02T02:08:56Z</time><ele>6</ele><speed>10.324</speed></trkpt><trkpt lat="25.037596" lon="121.490589"><time>2026-10-02T02:08:57Z</time><ele>6</ele><speed>6.164</speed></trkpt><trkpt lat="25.037579" lon="121.490575"><time>2026-10-02T02:09:01Z</time><ele>5</ele><speed>3.741</speed></trkpt><trkpt lat="25.037564" lon="121.490563"><time>2026-10-02T02:09:03Z</time><ele>5</ele><speed>4.438</speed></trkpt><trkpt lat="25.037548" lon="121.490551"><time>2026-10-02T02:09:05Z</time><ele>5</ele><speed>3.596</speed></trkpt><trkpt lat="25.037534" lon="121.490537"><time>2026-10-02T02:09:09Z</time><ele>4</ele><speed>4.481</speed></trkpt><trkpt lat="25.03752" lon="121.490525"><time>2026-10-02T02:09:11Z</time><ele>4</ele><speed>3.373</speed></trkpt><trkpt lat="25.037505" lon="121.490512"><time>2026-10-02T02:09:12Z</time><ele>4</ele><speed>3.158</speed></trkpt><trkpt lat="25.037492" lon="121.490494"><time>2026-10-02T02:09:20Z</time><ele>3</ele><speed>2.587</speed></trkpt><trkpt lat="25.037474" lon="121.490498"><time>2026-10-02T02:27:09Z</time><ele>4</ele><speed>6.631</speed></trkpt><trkpt lat="25.037455" lon="121.490503"><time>2026-10-02T02:27:10Z</time><ele>4</ele><speed>7.114</speed></trkpt><trkpt lat="25.037439" lon="121.490513"><time>2026-10-02T02:27:11Z</time><ele>4</ele><speed>7.078</speed></trkpt><trkpt lat="25.037423" lon="121.490523"><time>2026-10-02T02:27:12Z</time><ele>4</ele><speed>7.09</speed></trkpt><trkpt lat="25.037404" lon="121.490536"><time>2026-10-02T02:27:13Z</time><ele>4</ele><speed>7.732</speed></trkpt><trkpt lat="25.037381" lon="121.490554"><time>2026-10-02T02:27:14Z</time><ele>4</ele><speed>8.109</speed></trkpt><trkpt lat="25.037362" lon="121.490553"><time>2026-10-02T02:27:15Z</time><ele>4</ele><speed>8.699</speed></trkpt><trkpt lat="25.037341" lon="121.490555"><time>2026-10-02T02:27:16Z</time><ele>4</ele><speed>8.67</speed></trkpt><trkpt lat="25.03732" lon="121.490556"><time>2026-10-02T02:27:17Z</time><ele>5</ele><speed>8.646</speed></trkpt><trkpt lat="25.037299" lon="121.490555"><time>2026-10-02T02:27:18Z</time><ele>4</ele><speed>8.595</speed></trkpt><trkpt lat="25.037277" lon="121.490552"><time>2026-10-02T02:27:19Z</time><ele>4</ele><speed>8.855</speed></trkpt><trkpt lat="25.037255" lon="121.490547"><time>2026-10-02T02:27:20Z</time><ele>5</ele><speed>9.649</speed></trkpt><trkpt lat="25.037233" lon="121.490539"><time>2026-10-02T02:27:21Z</time><ele>5</ele><speed>10.245</speed></trkpt><trkpt lat="25.037212" lon="121.490528"><time>2026-10-02T02:27:22Z</time><ele>5</ele><speed>10.04</speed></trkpt><trkpt lat="25.037191" lon="121.490515"><time>2026-10-02T02:27:23Z</time><ele>5</ele><speed>10.155</speed></trkpt><trkpt lat="25.037169" lon="121.4905"><time>2026-10-02T02:27:24Z</time><ele>4</ele><speed>10.838</speed></trkpt><trkpt lat="25.037147" lon="121.490484"><time>2026-10-02T02:27:25Z</time><ele>5</ele><speed>11.112</speed></trkpt><trkpt lat="25.037126" lon="121.490466"><time>2026-10-02T02:27:26Z</time><ele>5</ele><speed>10.784</speed></trkpt><trkpt lat="25.037105" lon="121.490447"><time>2026-10-02T02:27:27Z</time><ele>5</ele><speed>11.014</speed></trkpt><trkpt lat="25.037083" lon="121.490428"><time>2026-10-02T02:27:28Z</time><ele>5</ele><speed>11.112</speed></trkpt><trkpt lat="25.03706" lon="121.49041"><time>2026-10-02T02:27:29Z</time><ele>5</ele><speed>10.953</speed></trkpt><trkpt lat="25.037038" lon="121.490392"><time>2026-10-02T02:27:30Z</time><ele>5</ele><speed>11.252</speed></trkpt><trkpt lat="25.037016" lon="121.490373"><time>2026-10-02T02:27:31Z</time><ele>5</ele><speed>11.752</speed></trkpt><trkpt lat="25.036993" lon="121.490354"><time>2026-10-02T02:27:32Z</time><ele>6</ele><speed>12.01</speed></trkpt><trkpt lat="25.03697" lon="121.490334"><time>2026-10-02T02:27:33Z</time><ele>6</ele><speed>12.178</speed></trkpt><trkpt lat="25.036948" lon="121.490313"><time>2026-10-02T02:27:34Z</time><ele>6</ele><speed>12.317</speed></trkpt><trkpt lat="25.036925" lon="121.490292"><time>2026-10-02T02:27:35Z</time><ele>6</ele><speed>12.197</speed></trkpt><trkpt lat="25.036905" lon="121.490268"><time>2026-10-02T02:27:36Z</time><ele>6</ele><speed>12.254</speed></trkpt><trkpt lat="25.036885" lon="121.490244"><time>2026-10-02T02:27:37Z</time><ele>6</ele><speed>12.154</speed></trkpt><trkpt lat="25.036867" lon="121.490217"><time>2026-10-02T02:27:38Z</time><ele>6</ele><speed>11.924</speed></trkpt><trkpt lat="25.036849" lon="121.490191"><time>2026-10-02T02:27:39Z</time><ele>6</ele><speed>11.943</speed></trkpt><trkpt lat="25.036834" lon="121.490162"><time>2026-10-02T02:27:40Z</time><ele>5</ele><speed>12.05</speed></trkpt><trkpt lat="25.036819" lon="121.490131"><time>2026-10-02T02:27:41Z</time><ele>5</ele><speed>12.309</speed></trkpt><trkpt lat="25.036806" lon="121.490101"><time>2026-10-02T02:27:42Z</time><ele>5</ele><speed>12.399</speed></trkpt><trkpt lat="25.036792" lon="121.49007"><time>2026-10-02T02:27:43Z</time><ele>5</ele><speed>12.568</speed></trkpt><trkpt lat="25.036778" lon="121.490039"><time>2026-10-02T02:27:44Z</time><ele>5</ele><speed>12.6</speed></trkpt><trkpt lat="25.036764" lon="121.490008"><time>2026-10-02T02:27:45Z</time><ele>5</ele><speed>12.607</speed></trkpt><trkpt lat="25.036751" lon="121.489976"><time>2026-10-02T02:27:46Z</time><ele>5</ele><speed>12.957</speed></trkpt><trkpt lat="25.036738" lon="121.489942"><time>2026-10-02T02:27:47Z</time><ele>5</ele><speed>13.739</speed></trkpt><trkpt lat="25.036725" lon="121.489908"><time>2026-10-02T02:27:48Z</time><ele>5</ele><speed>14.384</speed></trkpt><trkpt lat="25.036713" lon="121.489872"><time>2026-10-02T02:27:49Z</time><ele>5</ele><speed>14.045</speed></trkpt><trkpt lat="25.036703" lon="121.489836"><time>2026-10-02T02:27:50Z</time><ele>4</ele><speed>13.117</speed></trkpt><trkpt lat="25.036694" lon="121.4898"><time>2026-10-02T02:27:51Z</time><ele>4</ele><speed>13.018</speed></trkpt><trkpt lat="25.036686" lon="121.489766"><time>2026-10-02T02:27:52Z</time><ele>4</ele><speed>11.914</speed></trkpt><trkpt lat="25.036679" lon="121.489732"><time>2026-10-02T02:27:53Z</time><ele>3</ele><speed>12.287</speed></trkpt><trkpt lat="25.036673" lon="121.489699"><time>2026-10-02T02:27:54Z</time><ele>3</ele><speed>12.661</speed></trkpt><trkpt lat="25.036667" lon="121.489667"><time>2026-10-02T02:27:55Z</time><ele>3</ele><speed>13.004</speed></trkpt><trkpt lat="25.036663" lon="121.489633"><time>2026-10-02T02:27:56Z</time><ele>4</ele><speed>12.982</speed></trkpt><trkpt lat="25.036659" lon="121.489598"><time>2026-10-02T02:27:57Z</time><ele>4</ele><speed>14.367</speed></trkpt><trkpt lat="25.036654" lon="121.489561"><time>2026-10-02T02:27:58Z</time><ele>4</ele><speed>14.954</speed></trkpt><trkpt lat="25.036651" lon="121.489523"><time>2026-10-02T02:27:59Z</time><ele>4</ele><speed>14.929</speed></trkpt><trkpt lat="25.036649" lon="121.489483"><time>2026-10-02T02:28:00Z</time><ele>3</ele><speed>14.973</speed></trkpt><trkpt lat="25.036646" lon="121.489443"><time>2026-10-02T02:28:01Z</time><ele>4</ele><speed>14.909</speed></trkpt><trkpt lat="25.036645" lon="121.489402"><time>2026-10-02T02:28:02Z</time><ele>4</ele><speed>14.868</speed></trkpt><trkpt lat="25.036644" lon="121.489363"><time>2026-10-02T02:28:03Z</time><ele>4</ele><speed>14.002</speed></trkpt><trkpt lat="25.036643" lon="121.489323"><time>2026-10-02T02:28:04Z</time><ele>4</ele><speed>14.32</speed></trkpt><trkpt lat="25.03664" lon="121.489283"><time>2026-10-02T02:28:05Z</time><ele>5</ele><speed>14.845</speed></trkpt><trkpt lat="25.036638" lon="121.489244"><time>2026-10-02T02:28:06Z</time><ele>5</ele><speed>14.396</speed></trkpt><trkpt lat="25.036637" lon="121.489205"><time>2026-10-02T02:28:07Z</time><ele>5</ele><speed>14.819</speed></trkpt><trkpt lat="25.036633" lon="121.489166"><time>2026-10-02T02:28:08Z</time><ele>5</ele><speed>15.21</speed></trkpt><trkpt lat="25.036629" lon="121.489124"><time>2026-10-02T02:28:09Z</time><ele>5</ele><speed>15.931</speed></trkpt><trkpt lat="25.036626" lon="121.489082"><time>2026-10-02T02:28:10Z</time><ele>5</ele><speed>15.683</speed></trkpt><trkpt lat="25.036623" lon="121.489041"><time>2026-10-02T02:28:11Z</time><ele>5</ele><speed>14.413</speed></trkpt><trkpt lat="25.036619" lon="121.489"><time>2026-10-02T02:28:12Z</time><ele>5</ele><speed>14.545</speed></trkpt><trkpt lat="25.036615" lon="121.48896"><time>2026-10-02T02:28:13Z</time><ele>5</ele><speed>13.15</speed></trkpt><trkpt lat="25.036611" lon="121.488921"><time>2026-10-02T02:28:14Z</time><ele>5</ele><speed>12.99</speed></trkpt><trkpt lat="25.036608" lon="121.488883"><time>2026-10-02T02:28:15Z</time><ele>5</ele><speed>13.173</speed></trkpt><trkpt lat="25.036604" lon="121.488845"><time>2026-10-02T02:28:16Z</time><ele>5</ele><speed>13.935</speed></trkpt><trkpt lat="25.036599" lon="121.488807"><time>2026-10-02T02:28:17Z</time><ele>5</ele><speed>13.862</speed></trkpt><trkpt lat="25.036595" lon="121.48877"><time>2026-10-02T02:28:18Z</time><ele>5</ele><speed>13.873</speed></trkpt><trkpt lat="25.036592" lon="121.488731"><time>2026-10-02T02:28:19Z</time><ele>5</ele><speed>14.114</speed></trkpt><trkpt lat="25.036588" lon="121.488692"><time>2026-10-02T02:28:20Z</time><ele>5</ele><speed>14.402</speed></trkpt><trkpt lat="25.036585" lon="121.488652"><time>2026-10-02T02:28:21Z</time><ele>5</ele><speed>15.658</speed></trkpt><trkpt lat="25.036583" lon="121.488611"><time>2026-10-02T02:28:22Z</time><ele>5</ele><speed>15.584</speed></trkpt><trkpt lat="25.036583" lon="121.488572"><time>2026-10-02T02:28:23Z</time><ele>5</ele><speed>15.653</speed></trkpt><trkpt lat="25.036584" lon="121.488532"><time>2026-10-02T02:28:24Z</time><ele>5</ele><speed>15.843</speed></trkpt><trkpt lat="25.036588" lon="121.488491"><time>2026-10-02T02:28:25Z</time><ele>5</ele><speed>16.618</speed></trkpt><trkpt lat="25.036591" lon="121.48845"><time>2026-10-02T02:28:26Z</time><ele>4</ele><speed>17.097</speed></trkpt><trkpt lat="25.036594" lon="121.488408"><time>2026-10-02T02:28:27Z</time><ele>4</ele><speed>16.795</speed></trkpt><trkpt lat="25.036596" lon="121.488365"><time>2026-10-02T02:28:28Z</time><ele>4</ele><speed>16.408</speed></trkpt><trkpt lat="25.036596" lon="121.488321"><time>2026-10-02T02:28:29Z</time><ele>4</ele><speed>16.281</speed></trkpt><trkpt lat="25.036595" lon="121.488275"><time>2026-10-02T02:28:30Z</time><ele>4</ele><speed>14.91</speed></trkpt><trkpt lat="25.036591" lon="121.488229"><time>2026-10-02T02:28:31Z</time><ele>5</ele><speed>15.263</speed></trkpt><trkpt lat="25.036587" lon="121.488184"><time>2026-10-02T02:28:32Z</time><ele>5</ele><speed>15.522</speed></trkpt><trkpt lat="25.036581" lon="121.488142"><time>2026-10-02T02:28:33Z</time><ele>4</ele><speed>13.52</speed></trkpt><trkpt lat="25.036575" lon="121.488098"><time>2026-10-02T02:28:34Z</time><ele>4</ele><speed>15.06</speed></trkpt><trkpt lat="25.036568" lon="121.488055"><time>2026-10-02T02:28:35Z</time><ele>4</ele><speed>15.469</speed></trkpt><trkpt lat="25.036561" lon="121.488012"><time>2026-10-02T02:28:36Z</time><ele>4</ele><speed>15.612</speed></trkpt><trkpt lat="25.036554" lon="121.48797"><time>2026-10-02T02:28:37Z</time><ele>4</ele><speed>16.226</speed></trkpt><trkpt lat="25.036546" lon="121.487927"><time>2026-10-02T02:28:38Z</time><ele>4</ele><speed>17.257</speed></trkpt><trkpt lat="25.036539" lon="121.487882"><time>2026-10-02T02:28:39Z</time><ele>4</ele><speed>16.911</speed></trkpt><trkpt lat="25.036532" lon="121.487838"><time>2026-10-02T02:28:40Z</time><ele>5</ele><speed>16.57</speed></trkpt><trkpt lat="25.036523" lon="121.487794"><time>2026-10-02T02:28:41Z</time><ele>5</ele><speed>16.926</speed></trkpt><trkpt lat="25.036512" lon="121.48775"><time>2026-10-02T02:28:42Z</time><ele>4</ele><speed>16.939</speed></trkpt><trkpt lat="25.0365" lon="121.487705"><time>2026-10-02T02:28:43Z</time><ele>4</ele><speed>16.9</speed></trkpt><trkpt lat="25.036486" lon="121.487662"><time>2026-10-02T02:28:44Z</time><ele>5</ele><speed>16.76</speed></trkpt><trkpt lat="25.036469" lon="121.487619"><time>2026-10-02T02:28:45Z</time><ele>4</ele><speed>16.394</speed></trkpt><trkpt lat="25.03645" lon="121.487577"><time>2026-10-02T02:28:46Z</time><ele>4</ele><speed>15.871</speed></trkpt><trkpt lat="25.036431" lon="121.487536"><time>2026-10-02T02:28:47Z</time><ele>4</ele><speed>15.959</speed></trkpt><trkpt lat="25.036411" lon="121.487496"><time>2026-10-02T02:28:48Z</time><ele>4</ele><speed>16.082</speed></trkpt><trkpt lat="25.03639" lon="121.487457"><time>2026-10-02T02:28:49Z</time><ele>4</ele><speed>15.892</speed></trkpt><trkpt lat="25.03637" lon="121.487418"><time>2026-10-02T02:28:50Z</time><ele>4</ele><speed>15.422</speed></trkpt><trkpt lat="25.036348" lon="121.487381"><time>2026-10-02T02:28:51Z</time><ele>4</ele><speed>15.846</speed></trkpt><trkpt lat="25.036325" lon="121.487344"><time>2026-10-02T02:28:52Z</time><ele>4</ele><speed>16.678</speed></trkpt><trkpt lat="25.036301" lon="121.487308"><time>2026-10-02T02:28:53Z</time><ele>5</ele><speed>16.643</speed></trkpt><trkpt lat="25.036275" lon="121.487274"><time>2026-10-02T02:28:54Z</time><ele>5</ele><speed>16.794</speed></trkpt><trkpt lat="25.036245" lon="121.487241"><time>2026-10-02T02:28:55Z</time><ele>5</ele><speed>17.408</speed></trkpt><trkpt lat="25.036214" lon="121.487209"><time>2026-10-02T02:28:56Z</time><ele>5</ele><speed>17.176</speed></trkpt><trkpt lat="25.036182" lon="121.487178"><time>2026-10-02T02:28:57Z</time><ele>5</ele><speed>16.819</speed></trkpt><trkpt lat="25.036148" lon="121.48715"><time>2026-10-02T02:28:58Z</time><ele>5</ele><speed>16.636</speed></trkpt><trkpt lat="25.036113" lon="121.487122"><time>2026-10-02T02:28:59Z</time><ele>4</ele><speed>17.181</speed></trkpt><trkpt lat="25.036076" lon="121.487097"><time>2026-10-02T02:29:00Z</time><ele>6</ele><speed>16.655</speed></trkpt><trkpt lat="25.036039" lon="121.487072"><time>2026-10-02T02:29:01Z</time><ele>5</ele><speed>16.837</speed></trkpt><trkpt lat="25.036" lon="121.487051"><time>2026-10-02T02:29:02Z</time><ele>6</ele><speed>16.984</speed></trkpt><trkpt lat="25.03596" lon="121.48703"><time>2026-10-02T02:29:03Z</time><ele>5</ele><speed>17.09</speed></trkpt><trkpt lat="25.035923" lon="121.487008"><time>2026-10-02T02:29:04Z</time><ele>5</ele><speed>15.987</speed></trkpt><trkpt lat="25.035889" lon="121.486988"><time>2026-10-02T02:29:05Z</time><ele>5</ele><speed>14.785</speed></trkpt><trkpt lat="25.035855" lon="121.486968"><time>2026-10-02T02:29:06Z</time><ele>5</ele><speed>15.034</speed></trkpt><trkpt lat="25.035821" lon="121.486947"><time>2026-10-02T02:29:07Z</time><ele>6</ele><speed>16.415</speed></trkpt><trkpt lat="25.035786" lon="121.486927"><time>2026-10-02T02:29:08Z</time><ele>6</ele><speed>16.662</speed></trkpt><trkpt lat="25.035752" lon="121.486909"><time>2026-10-02T02:29:09Z</time><ele>6</ele><speed>16.61</speed></trkpt><trkpt lat="25.035715" lon="121.486894"><time>2026-10-02T02:29:10Z</time><ele>6</ele><speed>16.763</speed></trkpt><trkpt lat="25.035674" lon="121.486881"><time>2026-10-02T02:29:11Z</time><ele>6</ele><speed>16.404</speed></trkpt><trkpt lat="25.035631" lon="121.486867"><time>2026-10-02T02:29:12Z</time><ele>6</ele><speed>16.999</speed></trkpt><trkpt lat="25.03559" lon="121.486856"><time>2026-10-02T02:29:13Z</time><ele>6</ele><speed>15.535</speed></trkpt><trkpt lat="25.03555" lon="121.486844"><time>2026-10-02T02:29:14Z</time><ele>6</ele><speed>16.352</speed></trkpt><trkpt lat="25.035508" lon="121.486831"><time>2026-10-02T02:29:15Z</time><ele>7</ele><speed>17.499</speed></trkpt><trkpt lat="25.035466" lon="121.486818"><time>2026-10-02T02:29:16Z</time><ele>7</ele><speed>18.331</speed></trkpt><trkpt lat="25.035422" lon="121.486805"><time>2026-10-02T02:29:17Z</time><ele>7</ele><speed>18.675</speed></trkpt><trkpt lat="25.035378" lon="121.486791"><time>2026-10-02T02:29:18Z</time><ele>7</ele><speed>18.074</speed></trkpt><trkpt lat="25.035331" lon="121.486777"><time>2026-10-02T02:29:19Z</time><ele>7</ele><speed>17.982</speed></trkpt><trkpt lat="25.035284" lon="121.486765"><time>2026-10-02T02:29:20Z</time><ele>7</ele><speed>17.635</speed></trkpt><trkpt lat="25.035238" lon="121.486753"><time>2026-10-02T02:29:21Z</time><ele>8</ele><speed>17.313</speed></trkpt><trkpt lat="25.035193" lon="121.486742"><time>2026-10-02T02:29:22Z</time><ele>7</ele><speed>16.401</speed></trkpt><trkpt lat="25.035149" lon="121.48673"><time>2026-10-02T02:29:23Z</time><ele>7</ele><speed>16.995</speed></trkpt><trkpt lat="25.035106" lon="121.486718"><time>2026-10-02T02:29:24Z</time><ele>7</ele><speed>17.208</speed></trkpt><trkpt lat="25.035063" lon="121.486706"><time>2026-10-02T02:29:25Z</time><ele>7</ele><speed>17.745</speed></trkpt><trkpt lat="25.035021" lon="121.486692"><time>2026-10-02T02:29:26Z</time><ele>7</ele><speed>17.74</speed></trkpt><trkpt lat="25.034978" lon="121.486678"><time>2026-10-02T02:29:27Z</time><ele>7</ele><speed>17.663</speed></trkpt><trkpt lat="25.034935" lon="121.486662"><time>2026-10-02T02:29:28Z</time><ele>7</ele><speed>17.897</speed></trkpt><trkpt lat="25.034892" lon="121.486646"><time>2026-10-02T02:29:29Z</time><ele>6</ele><speed>17.92</speed></trkpt><trkpt lat="25.034848" lon="121.48663"><time>2026-10-02T02:29:30Z</time><ele>6</ele><speed>18.244</speed></trkpt><trkpt lat="25.034805" lon="121.486615"><time>2026-10-02T02:29:31Z</time><ele>7</ele><speed>17.73</speed></trkpt><trkpt lat="25.03476" lon="121.4866"><time>2026-10-02T02:29:32Z</time><ele>5</ele><speed>18.507</speed></trkpt><trkpt lat="25.034715" lon="121.486587"><time>2026-10-02T02:29:33Z</time><ele>6</ele><speed>18.598</speed></trkpt><trkpt lat="25.03467" lon="121.486575"><time>2026-10-02T02:29:34Z</time><ele>7</ele><speed>18.404</speed></trkpt><trkpt lat="25.034625" lon="121.486562"><time>2026-10-02T02:29:35Z</time><ele>6</ele><speed>18.061</speed></trkpt><trkpt lat="25.034581" lon="121.486551"><time>2026-10-02T02:29:36Z</time><ele>6</ele><speed>17.64</speed></trkpt><trkpt lat="25.034537" lon="121.486539"><time>2026-10-02T02:29:37Z</time><ele>6</ele><speed>17.753</speed></trkpt><trkpt lat="25.034493" lon="121.486528"><time>2026-10-02T02:29:38Z</time><ele>6</ele><speed>17.693</speed></trkpt><trkpt lat="25.034449" lon="121.486517"><time>2026-10-02T02:29:39Z</time><ele>5</ele><speed>17.823</speed></trkpt><trkpt lat="25.034405" lon="121.486506"><time>2026-10-02T02:29:40Z</time><ele>5</ele><speed>18.05</speed></trkpt><trkpt lat="25.034361" lon="121.486497"><time>2026-10-02T02:29:41Z</time><ele>5</ele><speed>17.901</speed></trkpt><trkpt lat="25.034316" lon="121.486488"><time>2026-10-02T02:29:42Z</time><ele>5</ele><speed>17.297</speed></trkpt><trkpt lat="25.034271" lon="121.486482"><time>2026-10-02T02:29:43Z</time><ele>6</ele><speed>17.606</speed></trkpt><trkpt lat="25.034226" lon="121.486477"><time>2026-10-02T02:29:44Z</time><ele>6</ele><speed>17.553</speed></trkpt><trkpt lat="25.034181" lon="121.486472"><time>2026-10-02T02:29:45Z</time><ele>6</ele><speed>17.402</speed></trkpt><trkpt lat="25.034137" lon="121.486469"><time>2026-10-02T02:29:46Z</time><ele>7</ele><speed>17.104</speed></trkpt><trkpt lat="25.034094" lon="121.486466"><time>2026-10-02T02:29:47Z</time><ele>6</ele><speed>17.0</speed></trkpt><trkpt lat="25.034051" lon="121.486463"><time>2026-10-02T02:29:48Z</time><ele>6</ele><speed>16.882</speed></trkpt><trkpt lat="25.034008" lon="121.48646"><time>2026-10-02T02:29:49Z</time><ele>6</ele><speed>17.378</speed></trkpt><trkpt lat="25.033964" lon="121.486459"><time>2026-10-02T02:29:50Z</time><ele>7</ele><speed>17.766</speed></trkpt><trkpt lat="25.033921" lon="121.486457"><time>2026-10-02T02:29:51Z</time><ele>6</ele><speed>17.935</speed></trkpt><trkpt lat="25.033877" lon="121.486455"><time>2026-10-02T02:29:52Z</time><ele>6</ele><speed>17.284</speed></trkpt><trkpt lat="25.033833" lon="121.486454"><time>2026-10-02T02:29:53Z</time><ele>6</ele><speed>16.808</speed></trkpt><trkpt lat="25.03379" lon="121.486453"><time>2026-10-02T02:29:54Z</time><ele>6</ele><speed>16.708</speed></trkpt><trkpt lat="25.033747" lon="121.486451"><time>2026-10-02T02:29:55Z</time><ele>6</ele><speed>17.357</speed></trkpt><trkpt lat="25.033704" lon="121.486449"><time>2026-10-02T02:29:56Z</time><ele>6</ele><speed>16.703</speed></trkpt><trkpt lat="25.033663" lon="121.486447"><time>2026-10-02T02:29:57Z</time><ele>6</ele><speed>16.499</speed></trkpt><trkpt lat="25.033621" lon="121.486445"><time>2026-10-02T02:29:58Z</time><ele>6</ele><speed>16.35</speed></trkpt><trkpt lat="25.03358" lon="121.486443"><time>2026-10-02T02:29:59Z</time><ele>7</ele><speed>16.593</speed></trkpt><trkpt lat="25.033538" lon="121.48644"><time>2026-10-02T02:30:00Z</time><ele>6</ele><speed>16.481</speed></trkpt><trkpt lat="25.033498" lon="121.486437"><time>2026-10-02T02:30:01Z</time><ele>6</ele><speed>17.081</speed></trkpt><trkpt lat="25.033456" lon="121.486434"><time>2026-10-02T02:30:02Z</time><ele>6</ele><speed>16.964</speed></trkpt><trkpt lat="25.033415" lon="121.48643"><time>2026-10-02T02:30:03Z</time><ele>5</ele><speed>16.828</speed></trkpt><trkpt lat="25.033374" lon="121.486426"><time>2026-10-02T02:30:04Z</time><ele>6</ele><speed>16.801</speed></trkpt><trkpt lat="25.033332" lon="121.486423"><time>2026-10-02T02:30:05Z</time><ele>6</ele><speed>17.307</speed></trkpt><trkpt lat="25.03329" lon="121.486421"><time>2026-10-02T02:30:06Z</time><ele>5</ele><speed>17.446</speed></trkpt><trkpt lat="25.033248" lon="121.486419"><time>2026-10-02T02:30:07Z</time><ele>6</ele><speed>17.323</speed></trkpt><trkpt lat="25.033207" lon="121.486418"><time>2026-10-02T02:30:08Z</time><ele>6</ele><speed>17.044</speed></trkpt><trkpt lat="25.033165" lon="121.486417"><time>2026-10-02T02:30:09Z</time><ele>6</ele><speed>17.566</speed></trkpt><trkpt lat="25.033122" lon="121.486417"><time>2026-10-02T02:30:10Z</time><ele>6</ele><speed>17.807</speed></trkpt><trkpt lat="25.033077" lon="121.486418"><time>2026-10-02T02:30:11Z</time><ele>6</ele><speed>18.387</speed></trkpt><trkpt lat="25.033032" lon="121.486419"><time>2026-10-02T02:30:12Z</time><ele>6</ele><speed>18.82</speed></trkpt><trkpt lat="25.032984" lon="121.486421"><time>2026-10-02T02:30:13Z</time><ele>7</ele><speed>19.365</speed></trkpt><trkpt lat="25.032935" lon="121.486425"><time>2026-10-02T02:30:14Z</time><ele>6</ele><speed>19.392</speed></trkpt><trkpt lat="25.032887" lon="121.48643"><time>2026-10-02T02:30:15Z</time><ele>6</ele><speed>18.662</speed></trkpt><trkpt lat="25.032838" lon="121.486437"><time>2026-10-02T02:30:16Z</time><ele>5</ele><speed>18.992</speed></trkpt><trkpt lat="25.032791" lon="121.486443"><time>2026-10-02T02:30:17Z</time><ele>5</ele><speed>18.74</speed></trkpt><trkpt lat="25.032744" lon="121.486449"><time>2026-10-02T02:30:18Z</time><ele>5</ele><speed>19.013</speed></trkpt><trkpt lat="25.032698" lon="121.486457"><time>2026-10-02T02:30:19Z</time><ele>5</ele><speed>18.983</speed></trkpt><trkpt lat="25.032652" lon="121.486464"><time>2026-10-02T02:30:20Z</time><ele>4</ele><speed>18.909</speed></trkpt><trkpt lat="25.032603" lon="121.486473"><time>2026-10-02T02:30:21Z</time><ele>6</ele><speed>20.191</speed></trkpt><trkpt lat="25.032556" lon="121.486483"><time>2026-10-02T02:30:22Z</time><ele>5</ele><speed>20.175</speed></trkpt><trkpt lat="25.032507" lon="121.486493"><time>2026-10-02T02:30:23Z</time><ele>5</ele><speed>20.168</speed></trkpt><trkpt lat="25.032457" lon="121.486505"><time>2026-10-02T02:30:24Z</time><ele>5</ele><speed>20.481</speed></trkpt><trkpt lat="25.032407" lon="121.486518"><time>2026-10-02T02:30:25Z</time><ele>5</ele><speed>20.407</speed></trkpt><trkpt lat="25.032356" lon="121.486532"><time>2026-10-02T02:30:26Z</time><ele>5</ele><speed>20.307</speed></trkpt><trkpt lat="25.032306" lon="121.486546"><time>2026-10-02T02:30:27Z</time><ele>5</ele><speed>19.733</speed></trkpt><trkpt lat="25.032257" lon="121.486561"><time>2026-10-02T02:30:28Z</time><ele>5</ele><speed>19.158</speed></trkpt><trkpt lat="25.032208" lon="121.486577"><time>2026-10-02T02:30:29Z</time><ele>5</ele><speed>19.18</speed></trkpt><trkpt lat="25.032161" lon="121.486595"><time>2026-10-02T02:30:30Z</time><ele>4</ele><speed>18.265</speed></trkpt><trkpt lat="25.032116" lon="121.486614"><time>2026-10-02T02:30:31Z</time><ele>5</ele><speed>18.154</speed></trkpt><trkpt lat="25.032073" lon="121.486635"><time>2026-10-02T02:30:32Z</time><ele>5</ele><speed>19.173</speed></trkpt><trkpt lat="25.032031" lon="121.48666"><time>2026-10-02T02:30:33Z</time><ele>5</ele><speed>18.833</speed></trkpt><trkpt lat="25.031991" lon="121.486688"><time>2026-10-02T02:30:34Z</time><ele>4</ele><speed>18.514</speed></trkpt><trkpt lat="25.031952" lon="121.48672"><time>2026-10-02T02:30:35Z</time><ele>5</ele><speed>19.604</speed></trkpt><trkpt lat="25.031916" lon="121.486755"><time>2026-10-02T02:30:36Z</time><ele>4</ele><speed>18.338</speed></trkpt><trkpt lat="25.03188" lon="121.486792"><time>2026-10-02T02:30:37Z</time><ele>3</ele><speed>18.671</speed></trkpt><trkpt lat="25.031847" lon="121.486829"><time>2026-10-02T02:30:38Z</time><ele>4</ele><speed>18.645</speed></trkpt><trkpt lat="25.031816" lon="121.486867"><time>2026-10-02T02:30:39Z</time><ele>4</ele><speed>18.872</speed></trkpt><trkpt lat="25.031784" lon="121.486906"><time>2026-10-02T02:30:40Z</time><ele>4</ele><speed>18.812</speed></trkpt><trkpt lat="25.031755" lon="121.486944"><time>2026-10-02T02:30:41Z</time><ele>5</ele><speed>19.144</speed></trkpt><trkpt lat="25.031725" lon="121.486983"><time>2026-10-02T02:30:42Z</time><ele>4</ele><speed>19.407</speed></trkpt><trkpt lat="25.031696" lon="121.487023"><time>2026-10-02T02:30:43Z</time><ele>5</ele><speed>19.46</speed></trkpt><trkpt lat="25.031668" lon="121.487062"><time>2026-10-02T02:30:44Z</time><ele>5</ele><speed>18.933</speed></trkpt><trkpt lat="25.031639" lon="121.487102"><time>2026-10-02T02:30:45Z</time><ele>5</ele><speed>18.936</speed></trkpt><trkpt lat="25.031611" lon="121.487141"><time>2026-10-02T02:30:46Z</time><ele>5</ele><speed>18.195</speed></trkpt><trkpt lat="25.031583" lon="121.487183"><time>2026-10-02T02:30:47Z</time><ele>6</ele><speed>19.521</speed></trkpt><trkpt lat="25.031552" lon="121.487225"><time>2026-10-02T02:30:48Z</time><ele>4</ele><speed>21.049</speed></trkpt><trkpt lat="25.03152" lon="121.487265"><time>2026-10-02T02:30:49Z</time><ele>4</ele><speed>19.852</speed></trkpt><trkpt lat="25.031487" lon="121.487306"><time>2026-10-02T02:30:50Z</time><ele>4</ele><speed>19.196</speed></trkpt><trkpt lat="25.031454" lon="121.487348"><time>2026-10-02T02:30:51Z</time><ele>4</ele><speed>19.386</speed></trkpt><trkpt lat="25.031422" lon="121.487388"><time>2026-10-02T02:30:52Z</time><ele>1</ele><speed>17.59</speed></trkpt><trkpt lat="25.031389" lon="121.487429"><time>2026-10-02T02:30:53Z</time><ele>4</ele><speed>19.433</speed></trkpt><trkpt lat="25.031358" lon="121.487469"><time>2026-10-02T02:30:54Z</time><ele>4</ele><speed>19.499</speed></trkpt><trkpt lat="25.031327" lon="121.487509"><time>2026-10-02T02:30:55Z</time><ele>4</ele><speed>18.153</speed></trkpt><trkpt lat="25.031294" lon="121.487544"><time>2026-10-02T02:30:56Z</time><ele>4</ele><speed>17.763</speed></trkpt><trkpt lat="25.031259" lon="121.487571"><time>2026-10-02T02:30:57Z</time><ele>5</ele><speed>17.995</speed></trkpt><trkpt lat="25.031221" lon="121.48759"><time>2026-10-02T02:30:58Z</time><ele>6</ele><speed>17.179</speed></trkpt><trkpt lat="25.031182" lon="121.487599"><time>2026-10-02T02:30:59Z</time><ele>6</ele><speed>16.223</speed></trkpt><trkpt lat="25.031141" lon="121.4876"><time>2026-10-02T02:31:00Z</time><ele>6</ele><speed>16.962</speed></trkpt><trkpt lat="25.0311" lon="121.487596"><time>2026-10-02T02:31:01Z</time><ele>7</ele><speed>16.069</speed></trkpt><trkpt lat="25.03106" lon="121.487588"><time>2026-10-02T02:31:02Z</time><ele>7</ele><speed>15.239</speed></trkpt><trkpt lat="25.031022" lon="121.487579"><time>2026-10-02T02:31:03Z</time><ele>7</ele><speed>14.948</speed></trkpt><trkpt lat="25.030985" lon="121.487572"><time>2026-10-02T02:31:04Z</time><ele>7</ele><speed>14.629</speed></trkpt><trkpt lat="25.030949" lon="121.487566"><time>2026-10-02T02:31:05Z</time><ele>7</ele><speed>14.647</speed></trkpt><trkpt lat="25.030915" lon="121.487561"><time>2026-10-02T02:31:06Z</time><ele>6</ele><speed>14.415</speed></trkpt><trkpt lat="25.03088" lon="121.487558"><time>2026-10-02T02:31:07Z</time><ele>7</ele><speed>14.843</speed></trkpt><trkpt lat="25.030845" lon="121.487554"><time>2026-10-02T02:31:08Z</time><ele>6</ele><speed>15.449</speed></trkpt><trkpt lat="25.030808" lon="121.487551"><time>2026-10-02T02:31:09Z</time><ele>7</ele><speed>16.405</speed></trkpt><trkpt lat="25.030771" lon="121.487548"><time>2026-10-02T02:31:10Z</time><ele>6</ele><speed>16.412</speed></trkpt><trkpt lat="25.030733" lon="121.487542"><time>2026-10-02T02:31:11Z</time><ele>6</ele><speed>16.293</speed></trkpt><trkpt lat="25.030694" lon="121.487534"><time>2026-10-02T02:31:12Z</time><ele>6</ele><speed>16.923</speed></trkpt><trkpt lat="25.030652" lon="121.487526"><time>2026-10-02T02:31:13Z</time><ele>5</ele><speed>17.642</speed></trkpt><trkpt lat="25.03061" lon="121.487517"><time>2026-10-02T02:31:14Z</time><ele>5</ele><speed>17.128</speed></trkpt><trkpt lat="25.030569" lon="121.487508"><time>2026-10-02T02:31:15Z</time><ele>4</ele><speed>16.188</speed></trkpt><trkpt lat="25.030524" lon="121.487499"><time>2026-10-02T02:31:16Z</time><ele>4</ele><speed>19.519</speed></trkpt><trkpt lat="25.030474" lon="121.48749"><time>2026-10-02T02:31:17Z</time><ele>4</ele><speed>22.053</speed></trkpt><trkpt lat="25.030421" lon="121.487481"><time>2026-10-02T02:31:18Z</time><ele>4</ele><speed>23.505</speed></trkpt><trkpt lat="25.030366" lon="121.487471"><time>2026-10-02T02:31:19Z</time><ele>4</ele><speed>23.309</speed></trkpt><trkpt lat="25.030307" lon="121.487463"><time>2026-10-02T02:31:20Z</time><ele>3</ele><speed>23.638</speed></trkpt><trkpt lat="25.030246" lon="121.487457"><time>2026-10-02T02:31:21Z</time><ele>4</ele><speed>22.48</speed></trkpt><trkpt lat="25.030188" lon="121.487454"><time>2026-10-02T02:31:22Z</time><ele>3</ele><speed>21.343</speed></trkpt><trkpt lat="25.030133" lon="121.487456"><time>2026-10-02T02:31:23Z</time><ele>3</ele><speed>21.033</speed></trkpt><trkpt lat="25.030079" lon="121.48746"><time>2026-10-02T02:31:24Z</time><ele>3</ele><speed>21.51</speed></trkpt><trkpt lat="25.030028" lon="121.48747"><time>2026-10-02T02:31:25Z</time><ele>3</ele><speed>20.78</speed></trkpt><trkpt lat="25.029981" lon="121.487481"><time>2026-10-02T02:31:26Z</time><ele>3</ele><speed>19.819</speed></trkpt><trkpt lat="25.029934" lon="121.487494"><time>2026-10-02T02:31:27Z</time><ele>3</ele><speed>19.266</speed></trkpt><trkpt lat="25.029887" lon="121.487509"><time>2026-10-02T02:31:28Z</time><ele>5</ele><speed>19.002</speed></trkpt><trkpt lat="25.029841" lon="121.487523"><time>2026-10-02T02:31:29Z</time><ele>4</ele><speed>18.474</speed></trkpt><trkpt lat="25.029796" lon="121.487537"><time>2026-10-02T02:31:30Z</time><ele>3</ele><speed>18.753</speed></trkpt><trkpt lat="25.029752" lon="121.48755"><time>2026-10-02T02:31:31Z</time><ele>5</ele><speed>18.21</speed></trkpt><trkpt lat="25.029706" lon="121.487565"><time>2026-10-02T02:31:32Z</time><ele>4</ele><speed>18.649</speed></trkpt><trkpt lat="25.029659" lon="121.48758"><time>2026-10-02T02:31:33Z</time><ele>5</ele><speed>18.948</speed></trkpt><trkpt lat="25.029613" lon="121.487595"><time>2026-10-02T02:31:34Z</time><ele>4</ele><speed>19.043</speed></trkpt><trkpt lat="25.029565" lon="121.487613"><time>2026-10-02T02:31:35Z</time><ele>5</ele><speed>20.239</speed></trkpt><trkpt lat="25.029516" lon="121.487632"><time>2026-10-02T02:31:36Z</time><ele>6</ele><speed>20.29</speed></trkpt><trkpt lat="25.029468" lon="121.48765"><time>2026-10-02T02:31:37Z</time><ele>6</ele><speed>18.787</speed></trkpt><trkpt lat="25.029422" lon="121.487669"><time>2026-10-02T02:31:38Z</time><ele>6</ele><speed>18.074</speed></trkpt><trkpt lat="25.029376" lon="121.487688"><time>2026-10-02T02:31:39Z</time><ele>6</ele><speed>19.298</speed></trkpt><trkpt lat="25.029329" lon="121.487705"><time>2026-10-02T02:31:40Z</time><ele>7</ele><speed>18.831</speed></trkpt><trkpt lat="25.029284" lon="121.487723"><time>2026-10-02T02:31:41Z</time><ele>6</ele><speed>19.053</speed></trkpt><trkpt lat="25.029239" lon="121.48774"><time>2026-10-02T02:31:42Z</time><ele>7</ele><speed>19.627</speed></trkpt><trkpt lat="25.029194" lon="121.487759"><time>2026-10-02T02:31:43Z</time><ele>7</ele><speed>19.411</speed></trkpt><trkpt lat="25.029147" lon="121.487778"><time>2026-10-02T02:31:44Z</time><ele>8</ele><speed>19.446</speed></trkpt><trkpt lat="25.029101" lon="121.487796"><time>2026-10-02T02:31:45Z</time><ele>8</ele><speed>19.302</speed></trkpt><trkpt lat="25.029056" lon="121.487816"><time>2026-10-02T02:31:46Z</time><ele>8</ele><speed>19.115</speed></trkpt><trkpt lat="25.029012" lon="121.487833"><time>2026-10-02T02:31:47Z</time><ele>7</ele><speed>18.577</speed></trkpt><trkpt lat="25.028968" lon="121.48785"><time>2026-10-02T02:31:48Z</time><ele>8</ele><speed>19.093</speed></trkpt><trkpt lat="25.028924" lon="121.487867"><time>2026-10-02T02:31:49Z</time><ele>8</ele><speed>18.906</speed></trkpt><trkpt lat="25.02888" lon="121.487883"><time>2026-10-02T02:31:50Z</time><ele>8</ele><speed>18.934</speed></trkpt><trkpt lat="25.028836" lon="121.487899"><time>2026-10-02T02:31:51Z</time><ele>7</ele><speed>18.735</speed></trkpt><trkpt lat="25.028793" lon="121.487917"><time>2026-10-02T02:31:52Z</time><ele>8</ele><speed>18.77</speed></trkpt><trkpt lat="25.02875" lon="121.487936"><time>2026-10-02T02:31:53Z</time><ele>8</ele><speed>17.91</speed></trkpt><trkpt lat="25.028706" lon="121.487954"><time>2026-10-02T02:31:54Z</time><ele>8</ele><speed>19.124</speed></trkpt><trkpt lat="25.028661" lon="121.487971"><time>2026-10-02T02:31:55Z</time><ele>7</ele><speed>20.459</speed></trkpt><trkpt lat="25.028614" lon="121.48799"><time>2026-10-02T02:31:56Z</time><ele>7</ele><speed>21.577</speed></trkpt><trkpt lat="25.028566" lon="121.488007"><time>2026-10-02T02:31:57Z</time><ele>7</ele><speed>21.619</speed></trkpt><trkpt lat="25.028516" lon="121.488024"><time>2026-10-02T02:31:58Z</time><ele>7</ele><speed>21.141</speed></trkpt><trkpt lat="25.028465" lon="121.48804"><time>2026-10-02T02:31:59Z</time><ele>7</ele><speed>20.835</speed></trkpt><trkpt lat="25.028413" lon="121.488056"><time>2026-10-02T02:32:00Z</time><ele>7</ele><speed>20.791</speed></trkpt><trkpt lat="25.028362" lon="121.488072"><time>2026-10-02T02:32:01Z</time><ele>7</ele><speed>20.594</speed></trkpt><trkpt lat="25.028312" lon="121.488087"><time>2026-10-02T02:32:02Z</time><ele>6</ele><speed>21.075</speed></trkpt><trkpt lat="25.028261" lon="121.488104"><time>2026-10-02T02:32:03Z</time><ele>6</ele><speed>20.882</speed></trkpt><trkpt lat="25.028212" lon="121.488119"><time>2026-10-02T02:32:04Z</time><ele>6</ele><speed>19.876</speed></trkpt><trkpt lat="25.028163" lon="121.488135"><time>2026-10-02T02:32:05Z</time><ele>6</ele><speed>19.405</speed></trkpt><trkpt lat="25.028116" lon="121.488151"><time>2026-10-02T02:32:06Z</time><ele>6</ele><speed>19.211</speed></trkpt><trkpt lat="25.028069" lon="121.488167"><time>2026-10-02T02:32:07Z</time><ele>6</ele><speed>19.367</speed></trkpt><trkpt lat="25.028023" lon="121.488183"><time>2026-10-02T02:32:08Z</time><ele>8</ele><speed>19.377</speed></trkpt><trkpt lat="25.027977" lon="121.488201"><time>2026-10-02T02:32:09Z</time><ele>5</ele><speed>20.226</speed></trkpt><trkpt lat="25.027931" lon="121.488219"><time>2026-10-02T02:32:10Z</time><ele>6</ele><speed>19.653</speed></trkpt><trkpt lat="25.027884" lon="121.488238"><time>2026-10-02T02:32:11Z</time><ele>6</ele><speed>20.527</speed></trkpt><trkpt lat="25.027838" lon="121.488259"><time>2026-10-02T02:32:12Z</time><ele>7</ele><speed>19.956</speed></trkpt><trkpt lat="25.027793" lon="121.488281"><time>2026-10-02T02:32:13Z</time><ele>7</ele><speed>19.652</speed></trkpt><trkpt lat="25.027751" lon="121.488304"><time>2026-10-02T02:32:14Z</time><ele>8</ele><speed>17.505</speed></trkpt><trkpt lat="25.027713" lon="121.488328"><time>2026-10-02T02:32:15Z</time><ele>7</ele><speed>16.468</speed></trkpt><trkpt lat="25.027675" lon="121.488354"><time>2026-10-02T02:32:16Z</time><ele>7</ele><speed>17.582</speed></trkpt><trkpt lat="25.02764" lon="121.488382"><time>2026-10-02T02:32:17Z</time><ele>7</ele><speed>18.755</speed></trkpt><trkpt lat="25.027606" lon="121.488408"><time>2026-10-02T02:32:18Z</time><ele>7</ele><speed>16.995</speed></trkpt><trkpt lat="25.027573" lon="121.488437"><time>2026-10-02T02:32:19Z</time><ele>7</ele><speed>17.645</speed></trkpt><trkpt lat="25.027536" lon="121.488468"><time>2026-10-02T02:32:20Z</time><ele>7</ele><speed>19.308</speed></trkpt><trkpt lat="25.027494" lon="121.488499"><time>2026-10-02T02:32:21Z</time><ele>7</ele><speed>20.152</speed></trkpt><trkpt lat="25.027451" lon="121.488533"><time>2026-10-02T02:32:22Z</time><ele>8</ele><speed>20.548</speed></trkpt><trkpt lat="25.027406" lon="121.488565"><time>2026-10-02T02:32:23Z</time><ele>8</ele><speed>19.807</speed></trkpt><trkpt lat="25.02736" lon="121.488599"><time>2026-10-02T02:32:24Z</time><ele>8</ele><speed>18.513</speed></trkpt><trkpt lat="25.027314" lon="121.488632"><time>2026-10-02T02:32:25Z</time><ele>7</ele><speed>18.247</speed></trkpt><trkpt lat="25.02727" lon="121.488664"><time>2026-10-02T02:32:26Z</time><ele>7</ele><speed>18.086</speed></trkpt><trkpt lat="25.027229" lon="121.488696"><time>2026-10-02T02:32:27Z</time><ele>6</ele><speed>18.139</speed></trkpt><trkpt lat="25.02719" lon="121.488723"><time>2026-10-02T02:32:28Z</time><ele>6</ele><speed>16.132</speed></trkpt><trkpt lat="25.027154" lon="121.488749"><time>2026-10-02T02:32:29Z</time><ele>6</ele><speed>16.568</speed></trkpt><trkpt lat="25.027118" lon="121.488779"><time>2026-10-02T02:32:30Z</time><ele>5</ele><speed>16.726</speed></trkpt><trkpt lat="25.027083" lon="121.488809"><time>2026-10-02T02:32:31Z</time><ele>6</ele><speed>17.659</speed></trkpt><trkpt lat="25.027046" lon="121.488841"><time>2026-10-02T02:32:32Z</time><ele>7</ele><speed>19.145</speed></trkpt><trkpt lat="25.027009" lon="121.488875"><time>2026-10-02T02:32:33Z</time><ele>7</ele><speed>20.334</speed></trkpt><trkpt lat="25.026971" lon="121.488911"><time>2026-10-02T02:32:34Z</time><ele>8</ele><speed>19.946</speed></trkpt><trkpt lat="25.026933" lon="121.488946"><time>2026-10-02T02:32:35Z</time><ele>8</ele><speed>19.086</speed></trkpt><trkpt lat="25.026893" lon="121.48898"><time>2026-10-02T02:32:36Z</time><ele>8</ele><speed>19.242</speed></trkpt><trkpt lat="25.026852" lon="121.489014"><time>2026-10-02T02:32:37Z</time><ele>7</ele><speed>19.109</speed></trkpt><trkpt lat="25.026813" lon="121.489044"><time>2026-10-02T02:32:38Z</time><ele>9</ele><speed>18.524</speed></trkpt><trkpt lat="25.026774" lon="121.489072"><time>2026-10-02T02:32:39Z</time><ele>6</ele><speed>18.06</speed></trkpt><trkpt lat="25.026735" lon="121.489099"><time>2026-10-02T02:32:40Z</time><ele>7</ele><speed>17.686</speed></trkpt><trkpt lat="25.026696" lon="121.489125"><time>2026-10-02T02:32:41Z</time><ele>7</ele><speed>17.447</speed></trkpt><trkpt lat="25.026658" lon="121.489151"><time>2026-10-02T02:32:42Z</time><ele>8</ele><speed>16.997</speed></trkpt><trkpt lat="25.026621" lon="121.489175"><time>2026-10-02T02:32:43Z</time><ele>9</ele><speed>16.845</speed></trkpt><trkpt lat="25.026586" lon="121.4892"><time>2026-10-02T02:32:44Z</time><ele>8</ele><speed>15.974</speed></trkpt><trkpt lat="25.026554" lon="121.489226"><time>2026-10-02T02:32:45Z</time><ele>9</ele><speed>15.573</speed></trkpt><trkpt lat="25.026523" lon="121.489253"><time>2026-10-02T02:32:46Z</time><ele>9</ele><speed>15.741</speed></trkpt><trkpt lat="25.026494" lon="121.489278"><time>2026-10-02T02:32:47Z</time><ele>8</ele><speed>14.232</speed></trkpt><trkpt lat="25.026465" lon="121.489302"><time>2026-10-02T02:32:48Z</time><ele>9</ele><speed>14.504</speed></trkpt><trkpt lat="25.026433" lon="121.489325"><time>2026-10-02T02:32:49Z</time><ele>8</ele><speed>15.8</speed></trkpt><trkpt lat="25.026401" lon="121.489351"><time>2026-10-02T02:32:50Z</time><ele>9</ele><speed>15.625</speed></trkpt><trkpt lat="25.026369" lon="121.489379"><time>2026-10-02T02:32:51Z</time><ele>9</ele><speed>15.787</speed></trkpt><trkpt lat="25.026333" lon="121.489406"><time>2026-10-02T02:32:52Z</time><ele>8</ele><speed>16.319</speed></trkpt><trkpt lat="25.026293" lon="121.489438"><time>2026-10-02T02:32:53Z</time><ele>8</ele><speed>16.76</speed></trkpt><trkpt lat="25.026253" lon="121.489472"><time>2026-10-02T02:32:54Z</time><ele>9</ele><speed>17.334</speed></trkpt><trkpt lat="25.026217" lon="121.489505"><time>2026-10-02T02:32:55Z</time><ele>9</ele><speed>16.334</speed></trkpt><trkpt lat="25.026179" lon="121.489535"><time>2026-10-02T02:32:56Z</time><ele>10</ele><speed>16.577</speed></trkpt><trkpt lat="25.02614" lon="121.489562"><time>2026-10-02T02:32:57Z</time><ele>9</ele><speed>16.085</speed></trkpt><trkpt lat="25.026101" lon="121.489582"><time>2026-10-02T02:32:58Z</time><ele>9</ele><speed>15.803</speed></trkpt><trkpt lat="25.026061" lon="121.489604"><time>2026-10-02T02:32:59Z</time><ele>9</ele><speed>17.199</speed></trkpt><trkpt lat="25.026026" lon="121.489618"><time>2026-10-02T02:33:00Z</time><ele>10</ele><speed>15.325</speed></trkpt><trkpt lat="25.025989" lon="121.489634"><time>2026-10-02T02:33:01Z</time><ele>9</ele><speed>15.783</speed></trkpt><trkpt lat="25.025951" lon="121.489648"><time>2026-10-02T02:33:02Z</time><ele>9</ele><speed>15.531</speed></trkpt><trkpt lat="25.025911" lon="121.489661"><time>2026-10-02T02:33:03Z</time><ele>9</ele><speed>16.35</speed></trkpt><trkpt lat="25.025874" lon="121.48968"><time>2026-10-02T02:33:04Z</time><ele>9</ele><speed>15.678</speed></trkpt><trkpt lat="25.025839" lon="121.489694"><time>2026-10-02T02:33:05Z</time><ele>9</ele><speed>15.873</speed></trkpt><trkpt lat="25.0258" lon="121.489713"><time>2026-10-02T02:33:06Z</time><ele>10</ele><speed>15.466</speed></trkpt><trkpt lat="25.025759" lon="121.489729"><time>2026-10-02T02:33:07Z</time><ele>9</ele><speed>16.469</speed></trkpt><trkpt lat="25.025718" lon="121.489744"><time>2026-10-02T02:33:08Z</time><ele>9</ele><speed>15.704</speed></trkpt><trkpt lat="25.025676" lon="121.489761"><time>2026-10-02T02:33:09Z</time><ele>10</ele><speed>16.636</speed></trkpt><trkpt lat="25.025632" lon="121.489776"><time>2026-10-02T02:33:10Z</time><ele>9</ele><speed>16.548</speed></trkpt><trkpt lat="25.025589" lon="121.489793"><time>2026-10-02T02:33:11Z</time><ele>9</ele><speed>16.254</speed></trkpt><trkpt lat="25.025544" lon="121.489816"><time>2026-10-02T02:33:12Z</time><ele>10</ele><speed>17.158</speed></trkpt><trkpt lat="25.0255" lon="121.489844"><time>2026-10-02T02:33:13Z</time><ele>9</ele><speed>17.994</speed></trkpt><trkpt lat="25.025451" lon="121.489875"><time>2026-10-02T02:33:14Z</time><ele>9</ele><speed>19.136</speed></trkpt><trkpt lat="25.025404" lon="121.489906"><time>2026-10-02T02:33:15Z</time><ele>10</ele><speed>18.83</speed></trkpt><trkpt lat="25.025359" lon="121.489936"><time>2026-10-02T02:33:16Z</time><ele>9</ele><speed>17.538</speed></trkpt><trkpt lat="25.025319" lon="121.489961"><time>2026-10-02T02:33:17Z</time><ele>9</ele><speed>15.925</speed></trkpt><trkpt lat="25.025282" lon="121.489977"><time>2026-10-02T02:33:18Z</time><ele>10</ele><speed>14.818</speed></trkpt><trkpt lat="25.025248" lon="121.48999"><time>2026-10-02T02:33:19Z</time><ele>10</ele><speed>14.844</speed></trkpt><trkpt lat="25.025223" lon="121.490003"><time>2026-10-02T02:33:20Z</time><ele>10</ele><speed>12.943</speed></trkpt><trkpt lat="25.025195" lon="121.490017"><time>2026-10-02T02:33:21Z</time><ele>11</ele><speed>14.597</speed></trkpt><trkpt lat="25.025167" lon="121.490034"><time>2026-10-02T02:33:22Z</time><ele>11</ele><speed>15.49</speed></trkpt><trkpt lat="25.025133" lon="121.490054"><time>2026-10-02T02:33:23Z</time><ele>11</ele><speed>16.445</speed></trkpt><trkpt lat="25.025094" lon="121.49008"><time>2026-10-02T02:33:24Z</time><ele>11</ele><speed>17.24</speed></trkpt><trkpt lat="25.025055" lon="121.490104"><time>2026-10-02T02:33:25Z</time><ele>10</ele><speed>16.804</speed></trkpt><trkpt lat="25.025012" lon="121.490125"><time>2026-10-02T02:33:26Z</time><ele>10</ele><speed>16.343</speed></trkpt><trkpt lat="25.024973" lon="121.490143"><time>2026-10-02T02:33:27Z</time><ele>11</ele><speed>15.881</speed></trkpt><trkpt lat="25.02493" lon="121.49016"><time>2026-10-02T02:33:28Z</time><ele>9</ele><speed>16.605</speed></trkpt><trkpt lat="25.024891" lon="121.490174"><time>2026-10-02T02:33:29Z</time><ele>10</ele><speed>15.834</speed></trkpt><trkpt lat="25.024853" lon="121.490185"><time>2026-10-02T02:33:30Z</time><ele>9</ele><speed>16.179</speed></trkpt><trkpt lat="25.024814" lon="121.490195"><time>2026-10-02T02:33:31Z</time><ele>10</ele><speed>16.002</speed></trkpt><trkpt lat="25.024774" lon="121.490206"><time>2026-10-02T02:33:32Z</time><ele>10</ele><speed>16.251</speed></trkpt><trkpt lat="25.024732" lon="121.490217"><time>2026-10-02T02:33:33Z</time><ele>10</ele><speed>15.868</speed></trkpt><trkpt lat="25.024694" lon="121.490227"><time>2026-10-02T02:33:34Z</time><ele>10</ele><speed>15.54</speed></trkpt><trkpt lat="25.024652" lon="121.490237"><time>2026-10-02T02:33:35Z</time><ele>11</ele><speed>17.299</speed></trkpt><trkpt lat="25.024614" lon="121.490247"><time>2026-10-02T02:33:36Z</time><ele>10</ele><speed>15.907</speed></trkpt><trkpt lat="25.024576" lon="121.490258"><time>2026-10-02T02:33:37Z</time><ele>10</ele><speed>16.284</speed></trkpt><trkpt lat="25.024537" lon="121.490268"><time>2026-10-02T02:33:38Z</time><ele>11</ele><speed>17.082</speed></trkpt><trkpt lat="25.024497" lon="121.490274"><time>2026-10-02T02:33:39Z</time><ele>10</ele><speed>16.936</speed></trkpt><trkpt lat="25.024454" lon="121.490282"><time>2026-10-02T02:33:40Z</time><ele>11</ele><speed>16.165</speed></trkpt><trkpt lat="25.024413" lon="121.490292"><time>2026-10-02T02:33:41Z</time><ele>10</ele><speed>15.587</speed></trkpt><trkpt lat="25.024369" lon="121.490299"><time>2026-10-02T02:33:42Z</time><ele>11</ele><speed>14.864</speed></trkpt><trkpt lat="25.024325" lon="121.490307"><time>2026-10-02T02:33:43Z</time><ele>10</ele><speed>14.999</speed></trkpt><trkpt lat="25.024284" lon="121.490313"><time>2026-10-02T02:33:44Z</time><ele>10</ele><speed>14.891</speed></trkpt><trkpt lat="25.024244" lon="121.490322"><time>2026-10-02T02:33:45Z</time><ele>10</ele><speed>14.881</speed></trkpt><trkpt lat="25.024206" lon="121.490328"><time>2026-10-02T02:33:46Z</time><ele>9</ele><speed>14.78</speed></trkpt><trkpt lat="25.024172" lon="121.490335"><time>2026-10-02T02:33:47Z</time><ele>10</ele><speed>14.243</speed></trkpt><trkpt lat="25.024137" lon="121.490344"><time>2026-10-02T02:33:48Z</time><ele>9</ele><speed>14.796</speed></trkpt><trkpt lat="25.024096" lon="121.490352"><time>2026-10-02T02:33:49Z</time><ele>10</ele><speed>16.814</speed></trkpt><trkpt lat="25.024052" lon="121.490365"><time>2026-10-02T02:33:50Z</time><ele>10</ele><speed>17.47</speed></trkpt><trkpt lat="25.024008" lon="121.490379"><time>2026-10-02T02:33:51Z</time><ele>11</ele><speed>17.419</speed></trkpt><trkpt lat="25.023965" lon="121.490399"><time>2026-10-02T02:33:52Z</time><ele>9</ele><speed>18.361</speed></trkpt><trkpt lat="25.023917" lon="121.490423"><time>2026-10-02T02:33:53Z</time><ele>9</ele><speed>19.355</speed></trkpt><trkpt lat="25.023871" lon="121.490447"><time>2026-10-02T02:33:54Z</time><ele>9</ele><speed>19.777</speed></trkpt><trkpt lat="25.023829" lon="121.490476"><time>2026-10-02T02:33:55Z</time><ele>10</ele><speed>19.153</speed></trkpt><trkpt lat="25.023789" lon="121.490502"><time>2026-10-02T02:33:56Z</time><ele>8</ele><speed>18.895</speed></trkpt><trkpt lat="25.023747" lon="121.490529"><time>2026-10-02T02:33:57Z</time><ele>9</ele><speed>18.948</speed></trkpt><trkpt lat="25.023702" lon="121.49055"><time>2026-10-02T02:33:58Z</time><ele>10</ele><speed>19.738</speed></trkpt><trkpt lat="25.023658" lon="121.490569"><time>2026-10-02T02:33:59Z</time><ele>10</ele><speed>19.163</speed></trkpt><trkpt lat="25.023614" lon="121.490588"><time>2026-10-02T02:34:00Z</time><ele>9</ele><speed>18.287</speed></trkpt><trkpt lat="25.023571" lon="121.490603"><time>2026-10-02T02:34:01Z</time><ele>10</ele><speed>17.963</speed></trkpt><trkpt lat="25.023529" lon="121.490618"><time>2026-10-02T02:34:02Z</time><ele>9</ele><speed>17.604</speed></trkpt><trkpt lat="25.023487" lon="121.490633"><time>2026-10-02T02:34:03Z</time><ele>9</ele><speed>17.852</speed></trkpt><trkpt lat="25.023446" lon="121.490647"><time>2026-10-02T02:34:04Z</time><ele>9</ele><speed>17.88</speed></trkpt><trkpt lat="25.023404" lon="121.49066"><time>2026-10-02T02:34:05Z</time><ele>8</ele><speed>17.539</speed></trkpt><trkpt lat="25.023361" lon="121.490671"><time>2026-10-02T02:34:06Z</time><ele>9</ele><speed>17.883</speed></trkpt><trkpt lat="25.023316" lon="121.49068"><time>2026-10-02T02:34:07Z</time><ele>9</ele><speed>19.723</speed></trkpt><trkpt lat="25.023269" lon="121.490685"><time>2026-10-02T02:34:08Z</time><ele>8</ele><speed>20.267</speed></trkpt><trkpt lat="25.023221" lon="121.490685"><time>2026-10-02T02:34:09Z</time><ele>8</ele><speed>20.436</speed></trkpt><trkpt lat="25.023171" lon="121.490682"><time>2026-10-02T02:34:10Z</time><ele>8</ele><speed>20.418</speed></trkpt><trkpt lat="25.023121" lon="121.490678"><time>2026-10-02T02:34:11Z</time><ele>7</ele><speed>18.909</speed></trkpt><trkpt lat="25.023071" lon="121.490674"><time>2026-10-02T02:34:12Z</time><ele>7</ele><speed>19.214</speed></trkpt><trkpt lat="25.023021" lon="121.490672"><time>2026-10-02T02:34:13Z</time><ele>8</ele><speed>20.205</speed></trkpt><trkpt lat="25.02297" lon="121.490674"><time>2026-10-02T02:34:14Z</time><ele>7</ele><speed>20.412</speed></trkpt><trkpt lat="25.02292" lon="121.490679"><time>2026-10-02T02:34:15Z</time><ele>8</ele><speed>20.264</speed></trkpt><trkpt lat="25.022871" lon="121.490687"><time>2026-10-02T02:34:16Z</time><ele>7</ele><speed>20.068</speed></trkpt><trkpt lat="25.022822" lon="121.490697"><time>2026-10-02T02:34:17Z</time><ele>8</ele><speed>19.76</speed></trkpt><trkpt lat="25.022773" lon="121.490707"><time>2026-10-02T02:34:18Z</time><ele>8</ele><speed>19.605</speed></trkpt><trkpt lat="25.022724" lon="121.490719"><time>2026-10-02T02:34:19Z</time><ele>8</ele><speed>21.879</speed></trkpt><trkpt lat="25.022675" lon="121.490732"><time>2026-10-02T02:34:20Z</time><ele>8</ele><speed>20.028</speed></trkpt><trkpt lat="25.022629" lon="121.490745"><time>2026-10-02T02:34:21Z</time><ele>7</ele><speed>18.385</speed></trkpt><trkpt lat="25.022583" lon="121.490758"><time>2026-10-02T02:34:22Z</time><ele>8</ele><speed>17.779</speed></trkpt><trkpt lat="25.022539" lon="121.490771"><time>2026-10-02T02:34:23Z</time><ele>8</ele><speed>17.026</speed></trkpt><trkpt lat="25.022496" lon="121.49078"><time>2026-10-02T02:34:24Z</time><ele>8</ele><speed>16.006</speed></trkpt><trkpt lat="25.022456" lon="121.490787"><time>2026-10-02T02:34:25Z</time><ele>7</ele><speed>15.832</speed></trkpt><trkpt lat="25.022416" lon="121.490794"><time>2026-10-02T02:34:26Z</time><ele>8</ele><speed>16.835</speed></trkpt><trkpt lat="25.022374" lon="121.490802"><time>2026-10-02T02:34:27Z</time><ele>6</ele><speed>17.313</speed></trkpt><trkpt lat="25.022332" lon="121.490811"><time>2026-10-02T02:34:28Z</time><ele>7</ele><speed>18.028</speed></trkpt><trkpt lat="25.022288" lon="121.490821"><time>2026-10-02T02:34:29Z</time><ele>8</ele><speed>18.378</speed></trkpt><trkpt lat="25.022244" lon="121.490831"><time>2026-10-02T02:34:30Z</time><ele>6</ele><speed>18.596</speed></trkpt><trkpt lat="25.022199" lon="121.490842"><time>2026-10-02T02:34:31Z</time><ele>8</ele><speed>18.786</speed></trkpt><trkpt lat="25.022155" lon="121.49085"><time>2026-10-02T02:34:32Z</time><ele>7</ele><speed>17.576</speed></trkpt><trkpt lat="25.022111" lon="121.490855"><time>2026-10-02T02:34:33Z</time><ele>7</ele><speed>17.718</speed></trkpt><trkpt lat="25.022069" lon="121.490858"><time>2026-10-02T02:34:34Z</time><ele>7</ele><speed>16.9</speed></trkpt><trkpt lat="25.022027" lon="121.49086"><time>2026-10-02T02:34:35Z</time><ele>8</ele><speed>16.931</speed></trkpt><trkpt lat="25.021983" lon="121.490864"><time>2026-10-02T02:34:36Z</time><ele>8</ele><speed>18.144</speed></trkpt><trkpt lat="25.02194" lon="121.490868"><time>2026-10-02T02:34:37Z</time><ele>6</ele><speed>17.061</speed></trkpt><trkpt lat="25.021896" lon="121.490873"><time>2026-10-02T02:34:38Z</time><ele>7</ele><speed>18.105</speed></trkpt><trkpt lat="25.021852" lon="121.490878"><time>2026-10-02T02:34:39Z</time><ele>7</ele><speed>17.955</speed></trkpt><trkpt lat="25.021806" lon="121.490884"><time>2026-10-02T02:34:40Z</time><ele>6</ele><speed>19.062</speed></trkpt><trkpt lat="25.021759" lon="121.49089"><time>2026-10-02T02:34:41Z</time><ele>7</ele><speed>19.172</speed></trkpt><trkpt lat="25.021714" lon="121.490894"><time>2026-10-02T02:34:42Z</time><ele>6</ele><speed>17.771</speed></trkpt><trkpt lat="25.021668" lon="121.490899"><time>2026-10-02T02:34:43Z</time><ele>7</ele><speed>17.919</speed></trkpt><trkpt lat="25.021623" lon="121.490903"><time>2026-10-02T02:34:44Z</time><ele>7</ele><speed>17.43</speed></trkpt><trkpt lat="25.021578" lon="121.490907"><time>2026-10-02T02:34:45Z</time><ele>7</ele><speed>17.404</speed></trkpt><trkpt lat="25.021533" lon="121.490908"><time>2026-10-02T02:34:46Z</time><ele>7</ele><speed>17.914</speed></trkpt><trkpt lat="25.021487" lon="121.490907"><time>2026-10-02T02:34:47Z</time><ele>6</ele><speed>19.296</speed></trkpt><trkpt lat="25.02144" lon="121.490906"><time>2026-10-02T02:34:48Z</time><ele>6</ele><speed>19.289</speed></trkpt><trkpt lat="25.021392" lon="121.490904"><time>2026-10-02T02:34:49Z</time><ele>9</ele><speed>19.365</speed></trkpt><trkpt lat="25.021344" lon="121.490902"><time>2026-10-02T02:34:50Z</time><ele>9</ele><speed>18.898</speed></trkpt><trkpt lat="25.021296" lon="121.490899"><time>2026-10-02T02:34:51Z</time><ele>10</ele><speed>19.055</speed></trkpt><trkpt lat="25.021248" lon="121.490898"><time>2026-10-02T02:34:52Z</time><ele>7</ele><speed>17.969</speed></trkpt><trkpt lat="25.021203" lon="121.490896"><time>2026-10-02T02:34:53Z</time><ele>8</ele><speed>16.919</speed></trkpt><trkpt lat="25.021158" lon="121.490895"><time>2026-10-02T02:34:54Z</time><ele>8</ele><speed>17.615</speed></trkpt><trkpt lat="25.021113" lon="121.490892"><time>2026-10-02T02:34:55Z</time><ele>8</ele><speed>18.211</speed></trkpt><trkpt lat="25.021066" lon="121.490889"><time>2026-10-02T02:34:56Z</time><ele>7</ele><speed>19.85</speed></trkpt><trkpt lat="25.021019" lon="121.490885"><time>2026-10-02T02:34:57Z</time><ele>8</ele><speed>19.931</speed></trkpt><trkpt lat="25.020972" lon="121.490879"><time>2026-10-02T02:34:58Z</time><ele>6</ele><speed>19.484</speed></trkpt><trkpt lat="25.020923" lon="121.490873"><time>2026-10-02T02:34:59Z</time><ele>7</ele><speed>19.129</speed></trkpt><trkpt lat="25.020873" lon="121.490867"><time>2026-10-02T02:35:00Z</time><ele>6</ele><speed>19.467</speed></trkpt><trkpt lat="25.020824" lon="121.490861"><time>2026-10-02T02:35:01Z</time><ele>5</ele><speed>19.275</speed></trkpt><trkpt lat="25.020777" lon="121.490856"><time>2026-10-02T02:35:02Z</time><ele>7</ele><speed>18.456</speed></trkpt><trkpt lat="25.020729" lon="121.490852"><time>2026-10-02T02:35:03Z</time><ele>7</ele><speed>18.531</speed></trkpt><trkpt lat="25.020681" lon="121.49085"><time>2026-10-02T02:35:04Z</time><ele>6</ele><speed>18.431</speed></trkpt><trkpt lat="25.020634" lon="121.490847"><time>2026-10-02T02:35:05Z</time><ele>6</ele><speed>18.427</speed></trkpt><trkpt lat="25.020586" lon="121.490845"><time>2026-10-02T02:35:06Z</time><ele>6</ele><speed>19.452</speed></trkpt><trkpt lat="25.020541" lon="121.490841"><time>2026-10-02T02:35:07Z</time><ele>6</ele><speed>17.39</speed></trkpt><trkpt lat="25.020494" lon="121.490835"><time>2026-10-02T02:35:08Z</time><ele>6</ele><speed>18.765</speed></trkpt><trkpt lat="25.020448" lon="121.490828"><time>2026-10-02T02:35:09Z</time><ele>5</ele><speed>18.557</speed></trkpt><trkpt lat="25.020399" lon="121.490821"><time>2026-10-02T02:35:10Z</time><ele>7</ele><speed>21.422</speed></trkpt><trkpt lat="25.020351" lon="121.490816"><time>2026-10-02T02:35:11Z</time><ele>6</ele><speed>20.377</speed></trkpt><trkpt lat="25.020305" lon="121.490812"><time>2026-10-02T02:35:12Z</time><ele>6</ele><speed>18.665</speed></trkpt><trkpt lat="25.020255" lon="121.490809"><time>2026-10-02T02:35:13Z</time><ele>6</ele><speed>18.966</speed></trkpt><trkpt lat="25.020206" lon="121.490806"><time>2026-10-02T02:35:14Z</time><ele>7</ele><speed>19.02</speed></trkpt><trkpt lat="25.020158" lon="121.490803"><time>2026-10-02T02:35:15Z</time><ele>6</ele><speed>17.078</speed></trkpt><trkpt lat="25.020114" lon="121.4908"><time>2026-10-02T02:35:16Z</time><ele>6</ele><speed>17.28</speed></trkpt><trkpt lat="25.020069" lon="121.490796"><time>2026-10-02T02:35:17Z</time><ele>6</ele><speed>17.528</speed></trkpt><trkpt lat="25.020024" lon="121.49079"><time>2026-10-02T02:35:18Z</time><ele>7</ele><speed>17.503</speed></trkpt><trkpt lat="25.019979" lon="121.490784"><time>2026-10-02T02:35:19Z</time><ele>8</ele><speed>18.55</speed></trkpt><trkpt lat="25.019934" lon="121.490777"><time>2026-10-02T02:35:20Z</time><ele>7</ele><speed>19.013</speed></trkpt><trkpt lat="25.019887" lon="121.490771"><time>2026-10-02T02:35:21Z</time><ele>6</ele><speed>19.321</speed></trkpt><trkpt lat="25.01984" lon="121.490764"><time>2026-10-02T02:35:22Z</time><ele>8</ele><speed>18.974</speed></trkpt><trkpt lat="25.019792" lon="121.490756"><time>2026-10-02T02:35:23Z</time><ele>6</ele><speed>18.919</speed></trkpt><trkpt lat="25.019743" lon="121.49075"><time>2026-10-02T02:35:24Z</time><ele>7</ele><speed>19.791</speed></trkpt><trkpt lat="25.019693" lon="121.490747"><time>2026-10-02T02:35:25Z</time><ele>6</ele><speed>19.081</speed></trkpt><trkpt lat="25.019644" lon="121.490749"><time>2026-10-02T02:35:26Z</time><ele>8</ele><speed>19.21</speed></trkpt><trkpt lat="25.019595" lon="121.490755"><time>2026-10-02T02:35:27Z</time><ele>6</ele><speed>18.656</speed></trkpt><trkpt lat="25.019546" lon="121.490763"><time>2026-10-02T02:35:28Z</time><ele>7</ele><speed>19.415</speed></trkpt><trkpt lat="25.019497" lon="121.490777"><time>2026-10-02T02:35:29Z</time><ele>7</ele><speed>18.94</speed></trkpt><trkpt lat="25.019451" lon="121.490791"><time>2026-10-02T02:35:30Z</time><ele>6</ele><speed>18.31</speed></trkpt><trkpt lat="25.019408" lon="121.490806"><time>2026-10-02T02:35:31Z</time><ele>7</ele><speed>15.995</speed></trkpt><trkpt lat="25.019366" lon="121.490821"><time>2026-10-02T02:35:32Z</time><ele>7</ele><speed>16.574</speed></trkpt><trkpt lat="25.019323" lon="121.490838"><time>2026-10-02T02:35:33Z</time><ele>7</ele><speed>18.32</speed></trkpt><trkpt lat="25.01928" lon="121.490855"><time>2026-10-02T02:35:34Z</time><ele>7</ele><speed>18.879</speed></trkpt><trkpt lat="25.019237" lon="121.490873"><time>2026-10-02T02:35:35Z</time><ele>8</ele><speed>19.071</speed></trkpt><trkpt lat="25.019193" lon="121.490893"><time>2026-10-02T02:35:36Z</time><ele>8</ele><speed>19.516</speed></trkpt><trkpt lat="25.019148" lon="121.490912"><time>2026-10-02T02:35:37Z</time><ele>8</ele><speed>17.497</speed></trkpt><trkpt lat="25.019102" lon="121.49093"><time>2026-10-02T02:35:38Z</time><ele>8</ele><speed>17.524</speed></trkpt><trkpt lat="25.019058" lon="121.490948"><time>2026-10-02T02:35:39Z</time><ele>6</ele><speed>18.739</speed></trkpt><trkpt lat="25.019014" lon="121.490966"><time>2026-10-02T02:35:40Z</time><ele>6</ele><speed>18.533</speed></trkpt><trkpt lat="25.018971" lon="121.490982"><time>2026-10-02T02:35:41Z</time><ele>7</ele><speed>18.893</speed></trkpt><trkpt lat="25.018928" lon="121.490998"><time>2026-10-02T02:35:42Z</time><ele>7</ele><speed>18.798</speed></trkpt><trkpt lat="25.018884" lon="121.491015"><time>2026-10-02T02:35:43Z</time><ele>8</ele><speed>19.157</speed></trkpt><trkpt lat="25.018839" lon="121.491031"><time>2026-10-02T02:35:44Z</time><ele>7</ele><speed>19.357</speed></trkpt><trkpt lat="25.018796" lon="121.491046"><time>2026-10-02T02:35:45Z</time><ele>7</ele><speed>18.687</speed></trkpt><trkpt lat="25.018754" lon="121.491061"><time>2026-10-02T02:35:46Z</time><ele>8</ele><speed>16.837</speed></trkpt><trkpt lat="25.01871" lon="121.491074"><time>2026-10-02T02:35:47Z</time><ele>7</ele><speed>18.081</speed></trkpt><trkpt lat="25.018666" lon="121.491088"><time>2026-10-02T02:35:48Z</time><ele>7</ele><speed>18.591</speed></trkpt><trkpt lat="25.018622" lon="121.491101"><time>2026-10-02T02:35:49Z</time><ele>7</ele><speed>18.908</speed></trkpt><trkpt lat="25.018578" lon="121.491115"><time>2026-10-02T02:35:50Z</time><ele>7</ele><speed>18.907</speed></trkpt><trkpt lat="25.018532" lon="121.491129"><time>2026-10-02T02:35:51Z</time><ele>7</ele><speed>19.884</speed></trkpt><trkpt lat="25.018484" lon="121.491142"><time>2026-10-02T02:35:52Z</time><ele>7</ele><speed>19.299</speed></trkpt><trkpt lat="25.018437" lon="121.491155"><time>2026-10-02T02:35:53Z</time><ele>6</ele><speed>19.13</speed></trkpt><trkpt lat="25.018393" lon="121.491162"><time>2026-10-02T02:35:54Z</time><ele>7</ele><speed>15.971</speed></trkpt><trkpt lat="25.018348" lon="121.491167"><time>2026-10-02T02:35:55Z</time><ele>6</ele><speed>18.076</speed></trkpt><trkpt lat="25.018302" lon="121.491168"><time>2026-10-02T02:35:56Z</time><ele>7</ele><speed>18.814</speed></trkpt><trkpt lat="25.018256" lon="121.491167"><time>2026-10-02T02:35:57Z</time><ele>6</ele><speed>19.351</speed></trkpt><trkpt lat="25.018209" lon="121.491164"><time>2026-10-02T02:35:58Z</time><ele>6</ele><speed>19.783</speed></trkpt><trkpt lat="25.018162" lon="121.491158"><time>2026-10-02T02:35:59Z</time><ele>7</ele><speed>20.151</speed></trkpt><trkpt lat="25.018111" lon="121.491155"><time>2026-10-02T02:36:00Z</time><ele>7</ele><speed>20.052</speed></trkpt><trkpt lat="25.018062" lon="121.49115"><time>2026-10-02T02:36:01Z</time><ele>7</ele><speed>19.106</speed></trkpt><trkpt lat="25.018014" lon="121.491144"><time>2026-10-02T02:36:02Z</time><ele>7</ele><speed>18.444</speed></trkpt><trkpt lat="25.017968" lon="121.491137"><time>2026-10-02T02:36:03Z</time><ele>7</ele><speed>17.292</speed></trkpt><trkpt lat="25.017922" lon="121.491128"><time>2026-10-02T02:36:04Z</time><ele>7</ele><speed>17.724</speed></trkpt><trkpt lat="25.017877" lon="121.491118"><time>2026-10-02T02:36:05Z</time><ele>7</ele><speed>18.239</speed></trkpt><trkpt lat="25.017833" lon="121.491108"><time>2026-10-02T02:36:06Z</time><ele>6</ele><speed>17.692</speed></trkpt><trkpt lat="25.017788" lon="121.491098"><time>2026-10-02T02:36:07Z</time><ele>5</ele><speed>18.126</speed></trkpt><trkpt lat="25.017743" lon="121.491087"><time>2026-10-02T02:36:08Z</time><ele>4</ele><speed>18.386</speed></trkpt><trkpt lat="25.017697" lon="121.491076"><time>2026-10-02T02:36:09Z</time><ele>5</ele><speed>18.121</speed></trkpt><trkpt lat="25.017652" lon="121.491065"><time>2026-10-02T02:36:10Z</time><ele>5</ele><speed>18.698</speed></trkpt><trkpt lat="25.017606" lon="121.491054"><time>2026-10-02T02:36:11Z</time><ele>5</ele><speed>19.231</speed></trkpt><trkpt lat="25.017559" lon="121.491042"><time>2026-10-02T02:36:12Z</time><ele>6</ele><speed>19.773</speed></trkpt><trkpt lat="25.017513" lon="121.491031"><time>2026-10-02T02:36:13Z</time><ele>6</ele><speed>19.185</speed></trkpt><trkpt lat="25.017466" lon="121.49102"><time>2026-10-02T02:36:14Z</time><ele>6</ele><speed>19.129</speed></trkpt><trkpt lat="25.017419" lon="121.491009"><time>2026-10-02T02:36:15Z</time><ele>5</ele><speed>17.447</speed></trkpt><trkpt lat="25.017373" lon="121.490997"><time>2026-10-02T02:36:16Z</time><ele>6</ele><speed>17.989</speed></trkpt><trkpt lat="25.017328" lon="121.490985"><time>2026-10-02T02:36:17Z</time><ele>5</ele><speed>18.173</speed></trkpt><trkpt lat="25.017282" lon="121.490973"><time>2026-10-02T02:36:18Z</time><ele>5</ele><speed>18.893</speed></trkpt><trkpt lat="25.017236" lon="121.490961"><time>2026-10-02T02:36:19Z</time><ele>5</ele><speed>19.227</speed></trkpt><trkpt lat="25.01719" lon="121.49095"><time>2026-10-02T02:36:20Z</time><ele>5</ele><speed>19.378</speed></trkpt><trkpt lat="25.017141" lon="121.490941"><time>2026-10-02T02:36:21Z</time><ele>5</ele><speed>19.597</speed></trkpt><trkpt lat="25.017093" lon="121.490935"><time>2026-10-02T02:36:22Z</time><ele>5</ele><speed>18.728</speed></trkpt><trkpt lat="25.017044" lon="121.490937"><time>2026-10-02T02:36:23Z</time><ele>5</ele><speed>19.342</speed></trkpt><trkpt lat="25.016998" lon="121.490945"><time>2026-10-02T02:36:24Z</time><ele>5</ele><speed>18.815</speed></trkpt><trkpt lat="25.016953" lon="121.490959"><time>2026-10-02T02:36:25Z</time><ele>4</ele><speed>18.372</speed></trkpt><trkpt lat="25.016912" lon="121.490979"><time>2026-10-02T02:36:26Z</time><ele>5</ele><speed>18.073</speed></trkpt><trkpt lat="25.016872" lon="121.491009"><time>2026-10-02T02:36:27Z</time><ele>5</ele><speed>19.463</speed></trkpt><trkpt lat="25.016833" lon="121.491042"><time>2026-10-02T02:36:28Z</time><ele>4</ele><speed>19.106</speed></trkpt><trkpt lat="25.016794" lon="121.491075"><time>2026-10-02T02:36:29Z</time><ele>5</ele><speed>20.025</speed></trkpt><trkpt lat="25.016757" lon="121.491109"><time>2026-10-02T02:36:30Z</time><ele>4</ele><speed>18.6</speed></trkpt><trkpt lat="25.016719" lon="121.491144"><time>2026-10-02T02:36:31Z</time><ele>4</ele><speed>19.743</speed></trkpt><trkpt lat="25.016682" lon="121.491177"><time>2026-10-02T02:36:32Z</time><ele>5</ele><speed>17.816</speed></trkpt><trkpt lat="25.016646" lon="121.491207"><time>2026-10-02T02:36:33Z</time><ele>5</ele><speed>17.467</speed></trkpt><trkpt lat="25.016611" lon="121.491237"><time>2026-10-02T02:36:34Z</time><ele>5</ele><speed>16.648</speed></trkpt><trkpt lat="25.016578" lon="121.491266"><time>2026-10-02T02:36:35Z</time><ele>4</ele><speed>15.656</speed></trkpt><trkpt lat="25.016544" lon="121.491296"><time>2026-10-02T02:36:36Z</time><ele>6</ele><speed>17.082</speed></trkpt><trkpt lat="25.016509" lon="121.491325"><time>2026-10-02T02:36:37Z</time><ele>5</ele><speed>18.556</speed></trkpt><trkpt lat="25.016472" lon="121.491355"><time>2026-10-02T02:36:38Z</time><ele>5</ele><speed>18.557</speed></trkpt><trkpt lat="25.016434" lon="121.491384"><time>2026-10-02T02:36:39Z</time><ele>5</ele><speed>18.97</speed></trkpt><trkpt lat="25.016395" lon="121.491409"><time>2026-10-02T02:36:40Z</time><ele>6</ele><speed>18.631</speed></trkpt><trkpt lat="25.016353" lon="121.49143"><time>2026-10-02T02:36:41Z</time><ele>5</ele><speed>18.359</speed></trkpt><trkpt lat="25.016311" lon="121.491445"><time>2026-10-02T02:36:42Z</time><ele>7</ele><speed>18.374</speed></trkpt><trkpt lat="25.016267" lon="121.491456"><time>2026-10-02T02:36:43Z</time><ele>6</ele><speed>18.437</speed></trkpt><trkpt lat="25.016223" lon="121.491461"><time>2026-10-02T02:36:44Z</time><ele>5</ele><speed>18.157</speed></trkpt><trkpt lat="25.016179" lon="121.491463"><time>2026-10-02T02:36:45Z</time><ele>6</ele><speed>18.211</speed></trkpt><trkpt lat="25.016133" lon="121.491463"><time>2026-10-02T02:36:46Z</time><ele>6</ele><speed>18.58</speed></trkpt><trkpt lat="25.016088" lon="121.491462"><time>2026-10-02T02:36:47Z</time><ele>7</ele><speed>17.862</speed></trkpt><trkpt lat="25.016042" lon="121.49146"><time>2026-10-02T02:36:48Z</time><ele>6</ele><speed>18.036</speed></trkpt><trkpt lat="25.015997" lon="121.491457"><time>2026-10-02T02:36:49Z</time><ele>6</ele><speed>17.321</speed></trkpt><trkpt lat="25.015951" lon="121.491455"><time>2026-10-02T02:36:50Z</time><ele>6</ele><speed>18.174</speed></trkpt><trkpt lat="25.015905" lon="121.491451"><time>2026-10-02T02:36:51Z</time><ele>6</ele><speed>19.196</speed></trkpt><trkpt lat="25.015859" lon="121.491449"><time>2026-10-02T02:36:52Z</time><ele>7</ele><speed>18.666</speed></trkpt><trkpt lat="25.015813" lon="121.491447"><time>2026-10-02T02:36:53Z</time><ele>6</ele><speed>18.529</speed></trkpt><trkpt lat="25.015768" lon="121.491447"><time>2026-10-02T02:36:54Z</time><ele>6</ele><speed>17.697</speed></trkpt><trkpt lat="25.015724" lon="121.491448"><time>2026-10-02T02:36:55Z</time><ele>6</ele><speed>16.891</speed></trkpt><trkpt lat="25.015681" lon="121.491452"><time>2026-10-02T02:36:56Z</time><ele>6</ele><speed>16.998</speed></trkpt><trkpt lat="25.01564" lon="121.491462"><time>2026-10-02T02:36:57Z</time><ele>6</ele><speed>16.727</speed></trkpt><trkpt lat="25.0156" lon="121.491475"><time>2026-10-02T02:36:58Z</time><ele>6</ele><speed>16.46</speed></trkpt><trkpt lat="25.015561" lon="121.491492"><time>2026-10-02T02:36:59Z</time><ele>6</ele><speed>17.803</speed></trkpt><trkpt lat="25.015523" lon="121.491512"><time>2026-10-02T02:37:00Z</time><ele>6</ele><speed>17.299</speed></trkpt><trkpt lat="25.015485" lon="121.491533"><time>2026-10-02T02:37:01Z</time><ele>6</ele><speed>17.747</speed></trkpt><trkpt lat="25.015447" lon="121.491555"><time>2026-10-02T02:37:02Z</time><ele>6</ele><speed>17.624</speed></trkpt><trkpt lat="25.015408" lon="121.491576"><time>2026-10-02T02:37:03Z</time><ele>6</ele><speed>17.291</speed></trkpt><trkpt lat="25.015369" lon="121.491597"><time>2026-10-02T02:37:04Z</time><ele>6</ele><speed>16.624</speed></trkpt><trkpt lat="25.015331" lon="121.491617"><time>2026-10-02T02:37:05Z</time><ele>7</ele><speed>17.094</speed></trkpt><trkpt lat="25.01529" lon="121.491638"><time>2026-10-02T02:37:06Z</time><ele>6</ele><speed>17.806</speed></trkpt><trkpt lat="25.015248" lon="121.49166"><time>2026-10-02T02:37:07Z</time><ele>6</ele><speed>19.63</speed></trkpt><trkpt lat="25.015207" lon="121.491681"><time>2026-10-02T02:37:08Z</time><ele>6</ele><speed>18.64</speed></trkpt><trkpt lat="25.015166" lon="121.491704"><time>2026-10-02T02:37:09Z</time><ele>8</ele><speed>18.138</speed></trkpt><trkpt lat="25.015124" lon="121.491729"><time>2026-10-02T02:37:10Z</time><ele>8</ele><speed>17.95</speed></trkpt><trkpt lat="25.015082" lon="121.491753"><time>2026-10-02T02:37:11Z</time><ele>7</ele><speed>17.856</speed></trkpt><trkpt lat="25.015042" lon="121.491777"><time>2026-10-02T02:37:12Z</time><ele>7</ele><speed>17.422</speed></trkpt><trkpt lat="25.015004" lon="121.4918"><time>2026-10-02T02:37:13Z</time><ele>8</ele><speed>17.08</speed></trkpt><trkpt lat="25.014966" lon="121.491824"><time>2026-10-02T02:37:14Z</time><ele>7</ele><speed>17.23</speed></trkpt><trkpt lat="25.014927" lon="121.491848"><time>2026-10-02T02:37:15Z</time><ele>6</ele><speed>17.166</speed></trkpt><trkpt lat="25.014889" lon="121.491872"><time>2026-10-02T02:37:16Z</time><ele>7</ele><speed>17.488</speed></trkpt><trkpt lat="25.014851" lon="121.491895"><time>2026-10-02T02:37:17Z</time><ele>7</ele><speed>17.973</speed></trkpt><trkpt lat="25.014812" lon="121.49192"><time>2026-10-02T02:37:18Z</time><ele>7</ele><speed>18.483</speed></trkpt><trkpt lat="25.014773" lon="121.491946"><time>2026-10-02T02:37:19Z</time><ele>7</ele><speed>18.385</speed></trkpt><trkpt lat="25.014735" lon="121.491971"><time>2026-10-02T02:37:20Z</time><ele>6</ele><speed>17.679</speed></trkpt><trkpt lat="25.014698" lon="121.491997"><time>2026-10-02T02:37:21Z</time><ele>7</ele><speed>17.179</speed></trkpt><trkpt lat="25.014661" lon="121.492024"><time>2026-10-02T02:37:22Z</time><ele>7</ele><speed>17.731</speed></trkpt><trkpt lat="25.014623" lon="121.492052"><time>2026-10-02T02:37:23Z</time><ele>7</ele><speed>17.388</speed></trkpt><trkpt lat="25.014587" lon="121.492079"><time>2026-10-02T02:37:24Z</time><ele>8</ele><speed>16.693</speed></trkpt><trkpt lat="25.01455" lon="121.492108"><time>2026-10-02T02:37:25Z</time><ele>7</ele><speed>16.973</speed></trkpt><trkpt lat="25.014514" lon="121.49214"><time>2026-10-02T02:37:26Z</time><ele>8</ele><speed>17.065</speed></trkpt><trkpt lat="25.01448" lon="121.492173"><time>2026-10-02T02:37:27Z</time><ele>7</ele><speed>17.016</speed></trkpt><trkpt lat="25.01445" lon="121.49221"><time>2026-10-02T02:37:28Z</time><ele>7</ele><speed>18.224</speed></trkpt><trkpt lat="25.014423" lon="121.49225"><time>2026-10-02T02:37:29Z</time><ele>7</ele><speed>18.86</speed></trkpt><trkpt lat="25.014398" lon="121.492294"><time>2026-10-02T02:37:30Z</time><ele>7</ele><speed>19.147</speed></trkpt><trkpt lat="25.014376" lon="121.49234"><time>2026-10-02T02:37:31Z</time><ele>6</ele><speed>19.361</speed></trkpt><trkpt lat="25.014356" lon="121.492386"><time>2026-10-02T02:37:32Z</time><ele>8</ele><speed>18.779</speed></trkpt><trkpt lat="25.014335" lon="121.492433"><time>2026-10-02T02:37:33Z</time><ele>7</ele><speed>18.479</speed></trkpt><trkpt lat="25.014314" lon="121.492478"><time>2026-10-02T02:37:34Z</time><ele>8</ele><speed>17.801</speed></trkpt><trkpt lat="25.014293" lon="121.492522"><time>2026-10-02T02:37:35Z</time><ele>7</ele><speed>17.63</speed></trkpt><trkpt lat="25.01427" lon="121.492567"><time>2026-10-02T02:37:36Z</time><ele>9</ele><speed>20.054</speed></trkpt><trkpt lat="25.014245" lon="121.492611"><time>2026-10-02T02:37:37Z</time><ele>7</ele><speed>19.658</speed></trkpt><trkpt lat="25.014219" lon="121.492655"><time>2026-10-02T02:37:38Z</time><ele>8</ele><speed>18.961</speed></trkpt><trkpt lat="25.014193" lon="121.492695"><time>2026-10-02T02:37:39Z</time><ele>8</ele><speed>17.047</speed></trkpt><trkpt lat="25.014164" lon="121.492734"><time>2026-10-02T02:37:40Z</time><ele>7</ele><speed>17.097</speed></trkpt><trkpt lat="25.014133" lon="121.492771"><time>2026-10-02T02:37:41Z</time><ele>9</ele><speed>17.191</speed></trkpt><trkpt lat="25.014102" lon="121.492805"><time>2026-10-02T02:37:42Z</time><ele>8</ele><speed>17.625</speed></trkpt><trkpt lat="25.014071" lon="121.492836"><time>2026-10-02T02:37:43Z</time><ele>7</ele><speed>17.293</speed></trkpt><trkpt lat="25.014039" lon="121.492866"><time>2026-10-02T02:37:44Z</time><ele>7</ele><speed>17.547</speed></trkpt><trkpt lat="25.014006" lon="121.492895"><time>2026-10-02T02:37:45Z</time><ele>6</ele><speed>16.261</speed></trkpt><trkpt lat="25.013973" lon="121.492921"><time>2026-10-02T02:37:46Z</time><ele>7</ele><speed>17.733</speed></trkpt><trkpt lat="25.013938" lon="121.492946"><time>2026-10-02T02:37:47Z</time><ele>7</ele><speed>17.262</speed></trkpt><trkpt lat="25.013901" lon="121.492969"><time>2026-10-02T02:37:48Z</time><ele>7</ele><speed>17.836</speed></trkpt><trkpt lat="25.013862" lon="121.492991"><time>2026-10-02T02:37:49Z</time><ele>7</ele><speed>17.269</speed></trkpt><trkpt lat="25.013823" lon="121.493011"><time>2026-10-02T02:37:50Z</time><ele>7</ele><speed>17.891</speed></trkpt><trkpt lat="25.013782" lon="121.493033"><time>2026-10-02T02:37:51Z</time><ele>7</ele><speed>17.395</speed></trkpt><trkpt lat="25.013741" lon="121.493058"><time>2026-10-02T02:37:52Z</time><ele>6</ele><speed>17.753</speed></trkpt><trkpt lat="25.013699" lon="121.49308"><time>2026-10-02T02:37:53Z</time><ele>6</ele><speed>17.979</speed></trkpt><trkpt lat="25.013658" lon="121.493101"><time>2026-10-02T02:37:54Z</time><ele>7</ele><speed>18.695</speed></trkpt><trkpt lat="25.013615" lon="121.493119"><time>2026-10-02T02:37:55Z</time><ele>7</ele><speed>18.025</speed></trkpt><trkpt lat="25.013571" lon="121.493133"><time>2026-10-02T02:37:56Z</time><ele>7</ele><speed>18.207</speed></trkpt><trkpt lat="25.013526" lon="121.493142"><time>2026-10-02T02:37:57Z</time><ele>6</ele><speed>18.157</speed></trkpt><trkpt lat="25.013478" lon="121.493145"><time>2026-10-02T02:37:58Z</time><ele>7</ele><speed>18.536</speed></trkpt><trkpt lat="25.013431" lon="121.493146"><time>2026-10-02T02:37:59Z</time><ele>7</ele><speed>17.947</speed></trkpt><trkpt lat="25.013383" lon="121.493148"><time>2026-10-02T02:38:00Z</time><ele>7</ele><speed>18.438</speed></trkpt><trkpt lat="25.013336" lon="121.493151"><time>2026-10-02T02:38:01Z</time><ele>5</ele><speed>17.727</speed></trkpt><trkpt lat="25.013289" lon="121.493157"><time>2026-10-02T02:38:02Z</time><ele>7</ele><speed>17.671</speed></trkpt><trkpt lat="25.013242" lon="121.493167"><time>2026-10-02T02:38:03Z</time><ele>6</ele><speed>18.423</speed></trkpt><trkpt lat="25.013198" lon="121.493178"><time>2026-10-02T02:38:04Z</time><ele>6</ele><speed>17.122</speed></trkpt><trkpt lat="25.013154" lon="121.493193"><time>2026-10-02T02:38:05Z</time><ele>7</ele><speed>17.164</speed></trkpt><trkpt lat="25.013114" lon="121.493211"><time>2026-10-02T02:38:06Z</time><ele>5</ele><speed>16.656</speed></trkpt><trkpt lat="25.013074" lon="121.493232"><time>2026-10-02T02:38:07Z</time><ele>7</ele><speed>17.744</speed></trkpt><trkpt lat="25.013035" lon="121.493255"><time>2026-10-02T02:38:08Z</time><ele>6</ele><speed>18.185</speed></trkpt><trkpt lat="25.012996" lon="121.493281"><time>2026-10-02T02:38:09Z</time><ele>7</ele><speed>19.079</speed></trkpt><trkpt lat="25.012958" lon="121.49331"><time>2026-10-02T02:38:10Z</time><ele>7</ele><speed>18.491</speed></trkpt><trkpt lat="25.01292" lon="121.493339"><time>2026-10-02T02:38:11Z</time><ele>6</ele><speed>18.036</speed></trkpt><trkpt lat="25.012882" lon="121.493368"><time>2026-10-02T02:38:12Z</time><ele>6</ele><speed>17.264</speed></trkpt><trkpt lat="25.012844" lon="121.493396"><time>2026-10-02T02:38:13Z</time><ele>7</ele><speed>17.779</speed></trkpt><trkpt lat="25.012806" lon="121.493426"><time>2026-10-02T02:38:14Z</time><ele>8</ele><speed>18.201</speed></trkpt><trkpt lat="25.012768" lon="121.493456"><time>2026-10-02T02:38:15Z</time><ele>8</ele><speed>19.33</speed></trkpt><trkpt lat="25.01273" lon="121.493486"><time>2026-10-02T02:38:16Z</time><ele>9</ele><speed>19.685</speed></trkpt><trkpt lat="25.012692" lon="121.493514"><time>2026-10-02T02:38:17Z</time><ele>7</ele><speed>19.254</speed></trkpt><trkpt lat="25.012654" lon="121.493542"><time>2026-10-02T02:38:18Z</time><ele>6</ele><speed>17.656</speed></trkpt><trkpt lat="25.012617" lon="121.49357"><time>2026-10-02T02:38:19Z</time><ele>5</ele><speed>17.454</speed></trkpt><trkpt lat="25.01258" lon="121.493595"><time>2026-10-02T02:38:20Z</time><ele>2</ele><speed>16.318</speed></trkpt><trkpt lat="25.012544" lon="121.49362"><time>2026-10-02T02:38:21Z</time><ele>4</ele><speed>16.952</speed></trkpt><trkpt lat="25.012509" lon="121.493644"><time>2026-10-02T02:38:22Z</time><ele>4</ele><speed>16.794</speed></trkpt><trkpt lat="25.012475" lon="121.493672"><time>2026-10-02T02:38:23Z</time><ele>5</ele><speed>17.965</speed></trkpt><trkpt lat="25.01244" lon="121.493702"><time>2026-10-02T02:38:24Z</time><ele>5</ele><speed>18.235</speed></trkpt><trkpt lat="25.012405" lon="121.493733"><time>2026-10-02T02:38:25Z</time><ele>5</ele><speed>19.165</speed></trkpt><trkpt lat="25.012371" lon="121.493767"><time>2026-10-02T02:38:26Z</time><ele>5</ele><speed>18.408</speed></trkpt><trkpt lat="25.012338" lon="121.493803"><time>2026-10-02T02:38:27Z</time><ele>4</ele><speed>18.586</speed></trkpt><trkpt lat="25.012306" lon="121.49384"><time>2026-10-02T02:38:28Z</time><ele>6</ele><speed>18.501</speed></trkpt><trkpt lat="25.012277" lon="121.493879"><time>2026-10-02T02:38:29Z</time><ele>6</ele><speed>18.343</speed></trkpt><trkpt lat="25.01225" lon="121.49392"><time>2026-10-02T02:38:30Z</time><ele>9</ele><speed>18.513</speed></trkpt><trkpt lat="25.012226" lon="121.493962"><time>2026-10-02T02:38:31Z</time><ele>9</ele><speed>17.756</speed></trkpt><trkpt lat="25.012205" lon="121.494005"><time>2026-10-02T02:38:32Z</time><ele>6</ele><speed>16.592</speed></trkpt><trkpt lat="25.012185" lon="121.494048"><time>2026-10-02T02:38:33Z</time><ele>5</ele><speed>16.768</speed></trkpt><trkpt lat="25.012168" lon="121.49409"><time>2026-10-02T02:38:34Z</time><ele>3</ele><speed>15.782</speed></trkpt><trkpt lat="25.012151" lon="121.494131"><time>2026-10-02T02:38:35Z</time><ele>4</ele><speed>16.266</speed></trkpt><trkpt lat="25.012135" lon="121.494173"><time>2026-10-02T02:38:36Z</time><ele>6</ele><speed>16.874</speed></trkpt><trkpt lat="25.012119" lon="121.494215"><time>2026-10-02T02:38:37Z</time><ele>4</ele><speed>16.867</speed></trkpt><trkpt lat="25.012103" lon="121.494258"><time>2026-10-02T02:38:38Z</time><ele>4</ele><speed>17.151</speed></trkpt><trkpt lat="25.012088" lon="121.4943"><time>2026-10-02T02:38:39Z</time><ele>5</ele><speed>16.734</speed></trkpt><trkpt lat="25.012071" lon="121.494346"><time>2026-10-02T02:38:40Z</time><ele>5</ele><speed>18.061</speed></trkpt><trkpt lat="25.012054" lon="121.494391"><time>2026-10-02T02:38:41Z</time><ele>6</ele><speed>18.202</speed></trkpt><trkpt lat="25.012038" lon="121.494437"><time>2026-10-02T02:38:42Z</time><ele>6</ele><speed>18.211</speed></trkpt><trkpt lat="25.012023" lon="121.494482"><time>2026-10-02T02:38:43Z</time><ele>5</ele><speed>17.187</speed></trkpt><trkpt lat="25.012008" lon="121.494529"><time>2026-10-02T02:38:44Z</time><ele>7</ele><speed>17.984</speed></trkpt><trkpt lat="25.011995" lon="121.494577"><time>2026-10-02T02:38:45Z</time><ele>5</ele><speed>18.748</speed></trkpt><trkpt lat="25.011982" lon="121.494624"><time>2026-10-02T02:38:46Z</time><ele>5</ele><speed>17.471</speed></trkpt><trkpt lat="25.01197" lon="121.494671"><time>2026-10-02T02:38:47Z</time><ele>6</ele><speed>17.27</speed></trkpt><trkpt lat="25.011959" lon="121.494718"><time>2026-10-02T02:38:48Z</time><ele>6</ele><speed>17.63</speed></trkpt><trkpt lat="25.011947" lon="121.494766"><time>2026-10-02T02:38:49Z</time><ele>5</ele><speed>17.299</speed></trkpt><trkpt lat="25.011937" lon="121.494814"><time>2026-10-02T02:38:50Z</time><ele>8</ele><speed>17.433</speed></trkpt><trkpt lat="25.011928" lon="121.494862"><time>2026-10-02T02:38:51Z</time><ele>8</ele><speed>17.667</speed></trkpt><trkpt lat="25.011922" lon="121.49491"><time>2026-10-02T02:38:52Z</time><ele>7</ele><speed>17.566</speed></trkpt><trkpt lat="25.011917" lon="121.494958"><time>2026-10-02T02:38:53Z</time><ele>8</ele><speed>17.402</speed></trkpt><trkpt lat="25.011914" lon="121.495007"><time>2026-10-02T02:38:54Z</time><ele>7</ele><speed>18.073</speed></trkpt><trkpt lat="25.011911" lon="121.495055"><time>2026-10-02T02:38:55Z</time><ele>5</ele><speed>17.888</speed></trkpt><trkpt lat="25.011908" lon="121.495103"><time>2026-10-02T02:38:56Z</time><ele>5</ele><speed>17.32</speed></trkpt><trkpt lat="25.011904" lon="121.495152"><time>2026-10-02T02:38:57Z</time><ele>3</ele><speed>17.554</speed></trkpt><trkpt lat="25.011897" lon="121.495199"><time>2026-10-02T02:38:58Z</time><ele>3</ele><speed>17.116</speed></trkpt><trkpt lat="25.011889" lon="121.495245"><time>2026-10-02T02:38:59Z</time><ele>4</ele><speed>15.935</speed></trkpt><trkpt lat="25.01188" lon="121.495289"><time>2026-10-02T02:39:00Z</time><ele>2</ele><speed>16.151</speed></trkpt><trkpt lat="25.011869" lon="121.49533"><time>2026-10-02T02:39:01Z</time><ele>5</ele><speed>15.236</speed></trkpt><trkpt lat="25.011859" lon="121.495373"><time>2026-10-02T02:39:02Z</time><ele>5</ele><speed>16.049</speed></trkpt><trkpt lat="25.01185" lon="121.495412"><time>2026-10-02T02:39:03Z</time><ele>3</ele><speed>15.35</speed></trkpt><trkpt lat="25.011842" lon="121.495453"><time>2026-10-02T02:39:04Z</time><ele>5</ele><speed>16.354</speed></trkpt><trkpt lat="25.011835" lon="121.495497"><time>2026-10-02T02:39:05Z</time><ele>6</ele><speed>17.249</speed></trkpt><trkpt lat="25.011827" lon="121.495541"><time>2026-10-02T02:39:06Z</time><ele>4</ele><speed>18.002</speed></trkpt><trkpt lat="25.01182" lon="121.495589"><time>2026-10-02T02:39:07Z</time><ele>5</ele><speed>17.674</speed></trkpt><trkpt lat="25.011814" lon="121.495636"><time>2026-10-02T02:39:08Z</time><ele>7</ele><speed>16.723</speed></trkpt><trkpt lat="25.011808" lon="121.495686"><time>2026-10-02T02:39:09Z</time><ele>7</ele><speed>16.692</speed></trkpt><trkpt lat="25.011801" lon="121.495735"><time>2026-10-02T02:39:10Z</time><ele>8</ele><speed>16.382</speed></trkpt><trkpt lat="25.011795" lon="121.495784"><time>2026-10-02T02:39:11Z</time><ele>8</ele><speed>17.258</speed></trkpt><trkpt lat="25.011793" lon="121.495832"><time>2026-10-02T02:39:12Z</time><ele>5</ele><speed>17.296</speed></trkpt><trkpt lat="25.011793" lon="121.495879"><time>2026-10-02T02:39:13Z</time><ele>6</ele><speed>17.327</speed></trkpt><trkpt lat="25.011792" lon="121.495928"><time>2026-10-02T02:39:14Z</time><ele>6</ele><speed>17.418</speed></trkpt><trkpt lat="25.011794" lon="121.495976"><time>2026-10-02T02:39:15Z</time><ele>5</ele><speed>17.652</speed></trkpt><trkpt lat="25.011798" lon="121.496024"><time>2026-10-02T02:39:16Z</time><ele>5</ele><speed>16.823</speed></trkpt><trkpt lat="25.011805" lon="121.496072"><time>2026-10-02T02:39:17Z</time><ele>5</ele><speed>16.873</speed></trkpt><trkpt lat="25.011811" lon="121.496119"><time>2026-10-02T02:39:18Z</time><ele>6</ele><speed>17.084</speed></trkpt><trkpt lat="25.011819" lon="121.496166"><time>2026-10-02T02:39:19Z</time><ele>4</ele><speed>16.529</speed></trkpt><trkpt lat="25.01183" lon="121.49621"><time>2026-10-02T02:39:20Z</time><ele>6</ele><speed>15.847</speed></trkpt><trkpt lat="25.011841" lon="121.496252"><time>2026-10-02T02:39:21Z</time><ele>8</ele><speed>16.025</speed></trkpt><trkpt lat="25.011856" lon="121.496293"><time>2026-10-02T02:39:22Z</time><ele>8</ele><speed>16.731</speed></trkpt><trkpt lat="25.01187" lon="121.496333"><time>2026-10-02T02:39:23Z</time><ele>7</ele><speed>16.579</speed></trkpt><trkpt lat="25.011887" lon="121.496371"><time>2026-10-02T02:39:24Z</time><ele>6</ele><speed>15.673</speed></trkpt><trkpt lat="25.011905" lon="121.496409"><time>2026-10-02T02:39:25Z</time><ele>7</ele><speed>16.484</speed></trkpt><trkpt lat="25.011924" lon="121.496449"><time>2026-10-02T02:39:26Z</time><ele>7</ele><speed>16.999</speed></trkpt><trkpt lat="25.011942" lon="121.496486"><time>2026-10-02T02:39:27Z</time><ele>7</ele><speed>15.767</speed></trkpt><trkpt lat="25.011962" lon="121.496523"><time>2026-10-02T02:39:28Z</time><ele>8</ele><speed>16.164</speed></trkpt><trkpt lat="25.011984" lon="121.496558"><time>2026-10-02T02:39:29Z</time><ele>5</ele><speed>17.293</speed></trkpt><trkpt lat="25.012005" lon="121.496596"><time>2026-10-02T02:39:30Z</time><ele>6</ele><speed>16.812</speed></trkpt><trkpt lat="25.012023" lon="121.496634"><time>2026-10-02T02:39:31Z</time><ele>8</ele><speed>14.492</speed></trkpt><trkpt lat="25.012047" lon="121.49667"><time>2026-10-02T02:39:32Z</time><ele>8</ele><speed>17.425</speed></trkpt><trkpt lat="25.012072" lon="121.496707"><time>2026-10-02T02:39:33Z</time><ele>6</ele><speed>17.291</speed></trkpt><trkpt lat="25.012095" lon="121.496747"><time>2026-10-02T02:39:34Z</time><ele>5</ele><speed>17.281</speed></trkpt><trkpt lat="25.012118" lon="121.496785"><time>2026-10-02T02:39:35Z</time><ele>7</ele><speed>15.84</speed></trkpt><trkpt lat="25.012143" lon="121.496822"><time>2026-10-02T02:39:36Z</time><ele>5</ele><speed>15.894</speed></trkpt><trkpt lat="25.01217" lon="121.49686"><time>2026-10-02T02:39:37Z</time><ele>4</ele><speed>15.901</speed></trkpt><trkpt lat="25.012192" lon="121.496899"><time>2026-10-02T02:39:38Z</time><ele>5</ele><speed>16.773</speed></trkpt><trkpt lat="25.012217" lon="121.496938"><time>2026-10-02T02:39:39Z</time><ele>4</ele><speed>17.588</speed></trkpt><trkpt lat="25.012242" lon="121.496976"><time>2026-10-02T02:39:40Z</time><ele>3</ele><speed>17.921</speed></trkpt><trkpt lat="25.012267" lon="121.497015"><time>2026-10-02T02:39:41Z</time><ele>4</ele><speed>17.882</speed></trkpt><trkpt lat="25.012291" lon="121.497055"><time>2026-10-02T02:39:42Z</time><ele>5</ele><speed>16.603</speed></trkpt><trkpt lat="25.012315" lon="121.497093"><time>2026-10-02T02:39:43Z</time><ele>4</ele><speed>16.764</speed></trkpt><trkpt lat="25.012341" lon="121.497132"><time>2026-10-02T02:39:44Z</time><ele>4</ele><speed>17.709</speed></trkpt><trkpt lat="25.012365" lon="121.497169"><time>2026-10-02T02:39:45Z</time><ele>5</ele><speed>16.384</speed></trkpt><trkpt lat="25.012388" lon="121.497205"><time>2026-10-02T02:39:46Z</time><ele>8</ele><speed>15.66</speed></trkpt><trkpt lat="25.012409" lon="121.497243"><time>2026-10-02T02:39:47Z</time><ele>7</ele><speed>16.205</speed></trkpt><trkpt lat="25.012433" lon="121.49728"><time>2026-10-02T02:39:48Z</time><ele>6</ele><speed>16.765</speed></trkpt><trkpt lat="25.012457" lon="121.497317"><time>2026-10-02T02:39:49Z</time><ele>7</ele><speed>17.405</speed></trkpt><trkpt lat="25.012481" lon="121.497354"><time>2026-10-02T02:39:50Z</time><ele>6</ele><speed>17.888</speed></trkpt><trkpt lat="25.012504" lon="121.497392"><time>2026-10-02T02:39:51Z</time><ele>4</ele><speed>17.021</speed></trkpt><trkpt lat="25.012526" lon="121.497432"><time>2026-10-02T02:39:52Z</time><ele>6</ele><speed>16.55</speed></trkpt><trkpt lat="25.012549" lon="121.49747"><time>2026-10-02T02:39:53Z</time><ele>4</ele><speed>16.501</speed></trkpt><trkpt lat="25.012572" lon="121.497508"><time>2026-10-02T02:39:54Z</time><ele>5</ele><speed>16.43</speed></trkpt><trkpt lat="25.012596" lon="121.497546"><time>2026-10-02T02:39:55Z</time><ele>2</ele><speed>17.054</speed></trkpt><trkpt lat="25.012618" lon="121.497583"><time>2026-10-02T02:39:56Z</time><ele>7</ele><speed>15.626</speed></trkpt><trkpt lat="25.012641" lon="121.497619"><time>2026-10-02T02:39:57Z</time><ele>4</ele><speed>15.661</speed></trkpt><trkpt lat="25.012665" lon="121.497655"><time>2026-10-02T02:39:58Z</time><ele>2</ele><speed>15.854</speed></trkpt><trkpt lat="25.012689" lon="121.49769"><time>2026-10-02T02:39:59Z</time><ele>4</ele><speed>15.744</speed></trkpt><trkpt lat="25.012711" lon="121.497724"><time>2026-10-02T02:40:00Z</time><ele>4</ele><speed>15.546</speed></trkpt><trkpt lat="25.012732" lon="121.497759"><time>2026-10-02T02:40:01Z</time><ele>5</ele><speed>14.978</speed></trkpt><trkpt lat="25.012754" lon="121.497794"><time>2026-10-02T02:40:02Z</time><ele>4</ele><speed>15.536</speed></trkpt><trkpt lat="25.012776" lon="121.497829"><time>2026-10-02T02:40:03Z</time><ele>3</ele><speed>14.99</speed></trkpt><trkpt lat="25.012797" lon="121.497864"><time>2026-10-02T02:40:04Z</time><ele>3</ele><speed>16.232</speed></trkpt><trkpt lat="25.012818" lon="121.4979"><time>2026-10-02T02:40:05Z</time><ele>4</ele><speed>16.421</speed></trkpt><trkpt lat="25.01284" lon="121.497937"><time>2026-10-02T02:40:06Z</time><ele>5</ele><speed>17.669</speed></trkpt><trkpt lat="25.012862" lon="121.497976"><time>2026-10-02T02:40:07Z</time><ele>4</ele><speed>17.164</speed></trkpt><trkpt lat="25.012883" lon="121.498013"><time>2026-10-02T02:40:08Z</time><ele>3</ele><speed>15.94</speed></trkpt><trkpt lat="25.012905" lon="121.498051"><time>2026-10-02T02:40:09Z</time><ele>5</ele><speed>15.824</speed></trkpt><trkpt lat="25.012927" lon="121.498089"><time>2026-10-02T02:40:10Z</time><ele>4</ele><speed>16.788</speed></trkpt><trkpt lat="25.012949" lon="121.498126"><time>2026-10-02T02:40:11Z</time><ele>4</ele><speed>15.707</speed></trkpt><trkpt lat="25.012971" lon="121.498161"><time>2026-10-02T02:40:12Z</time><ele>4</ele><speed>15.905</speed></trkpt><trkpt lat="25.012995" lon="121.498196"><time>2026-10-02T02:40:13Z</time><ele>5</ele><speed>17.283</speed></trkpt><trkpt lat="25.013023" lon="121.498232"><time>2026-10-02T02:40:14Z</time><ele>4</ele><speed>18.41</speed></trkpt><trkpt lat="25.013052" lon="121.498268"><time>2026-10-02T02:40:15Z</time><ele>3</ele><speed>18.513</speed></trkpt><trkpt lat="25.013081" lon="121.498305"><time>2026-10-02T02:40:16Z</time><ele>1</ele><speed>19.265</speed></trkpt><trkpt lat="25.013112" lon="121.498343"><time>2026-10-02T02:40:17Z</time><ele>1</ele><speed>18.613</speed></trkpt><trkpt lat="25.013142" lon="121.498381"><time>2026-10-02T02:40:18Z</time><ele>0</ele><speed>17.38</speed></trkpt><trkpt lat="25.013171" lon="121.498417"><time>2026-10-02T02:40:19Z</time><ele>0</ele><speed>16.432</speed></trkpt><trkpt lat="25.013198" lon="121.498453"><time>2026-10-02T02:40:20Z</time><ele>3</ele><speed>15.789</speed></trkpt><trkpt lat="25.013225" lon="121.498487"><time>2026-10-02T02:40:21Z</time><ele>1</ele><speed>16.294</speed></trkpt><trkpt lat="25.013251" lon="121.498519"><time>2026-10-02T02:40:22Z</time><ele>3</ele><speed>15.682</speed></trkpt><trkpt lat="25.013279" lon="121.498549"><time>2026-10-02T02:40:23Z</time><ele>4</ele><speed>15.646</speed></trkpt><trkpt lat="25.013308" lon="121.498579"><time>2026-10-02T02:40:24Z</time><ele>3</ele><speed>17.248</speed></trkpt><trkpt lat="25.013339" lon="121.498611"><time>2026-10-02T02:40:25Z</time><ele>3</ele><speed>18.03</speed></trkpt><trkpt lat="25.013371" lon="121.498644"><time>2026-10-02T02:40:26Z</time><ele>4</ele><speed>17.69</speed></trkpt><trkpt lat="25.013402" lon="121.498677"><time>2026-10-02T02:40:27Z</time><ele>3</ele><speed>16.99</speed></trkpt><trkpt lat="25.013431" lon="121.498712"><time>2026-10-02T02:40:28Z</time><ele>5</ele><speed>16.872</speed></trkpt><trkpt lat="25.013461" lon="121.498748"><time>2026-10-02T02:40:29Z</time><ele>4</ele><speed>17.117</speed></trkpt><trkpt lat="25.013488" lon="121.498784"><time>2026-10-02T02:40:30Z</time><ele>4</ele><speed>16.592</speed></trkpt><trkpt lat="25.013515" lon="121.49882"><time>2026-10-02T02:40:31Z</time><ele>6</ele><speed>17.558</speed></trkpt><trkpt lat="25.013543" lon="121.498856"><time>2026-10-02T02:40:32Z</time><ele>7</ele><speed>18.061</speed></trkpt><trkpt lat="25.013571" lon="121.498892"><time>2026-10-02T02:40:33Z</time><ele>5</ele><speed>17.356</speed></trkpt><trkpt lat="25.013601" lon="121.498929"><time>2026-10-02T02:40:34Z</time><ele>6</ele><speed>17.834</speed></trkpt><trkpt lat="25.013631" lon="121.498966"><time>2026-10-02T02:40:35Z</time><ele>5</ele><speed>16.97</speed></trkpt><trkpt lat="25.013661" lon="121.499004"><time>2026-10-02T02:40:36Z</time><ele>5</ele><speed>17.412</speed></trkpt><trkpt lat="25.01369" lon="121.499042"><time>2026-10-02T02:40:37Z</time><ele>4</ele><speed>16.64</speed></trkpt><trkpt lat="25.013718" lon="121.499079"><time>2026-10-02T02:40:38Z</time><ele>6</ele><speed>16.871</speed></trkpt><trkpt lat="25.013745" lon="121.499116"><time>2026-10-02T02:40:39Z</time><ele>3</ele><speed>16.77</speed></trkpt><trkpt lat="25.013772" lon="121.499153"><time>2026-10-02T02:40:40Z</time><ele>5</ele><speed>17.301</speed></trkpt><trkpt lat="25.013798" lon="121.499191"><time>2026-10-02T02:40:41Z</time><ele>6</ele><speed>16.957</speed></trkpt><trkpt lat="25.013824" lon="121.499228"><time>2026-10-02T02:40:42Z</time><ele>4</ele><speed>17.421</speed></trkpt><trkpt lat="25.01385" lon="121.499265"><time>2026-10-02T02:40:43Z</time><ele>5</ele><speed>16.575</speed></trkpt><trkpt lat="25.013876" lon="121.499302"><time>2026-10-02T02:40:44Z</time><ele>6</ele><speed>16.698</speed></trkpt><trkpt lat="25.013904" lon="121.49934"><time>2026-10-02T02:40:45Z</time><ele>4</ele><speed>17.713</speed></trkpt><trkpt lat="25.01393" lon="121.499376"><time>2026-10-02T02:40:46Z</time><ele>5</ele><speed>17.313</speed></trkpt><trkpt lat="25.013957" lon="121.499411"><time>2026-10-02T02:40:47Z</time><ele>4</ele><speed>17.027</speed></trkpt><trkpt lat="25.013985" lon="121.499445"><time>2026-10-02T02:40:48Z</time><ele>5</ele><speed>16.656</speed></trkpt><trkpt lat="25.014014" lon="121.499478"><time>2026-10-02T02:40:49Z</time><ele>5</ele><speed>17.111</speed></trkpt><trkpt lat="25.014044" lon="121.499511"><time>2026-10-02T02:40:50Z</time><ele>7</ele><speed>17.079</speed></trkpt><trkpt lat="25.014074" lon="121.499545"><time>2026-10-02T02:40:51Z</time><ele>5</ele><speed>17.89</speed></trkpt><trkpt lat="25.014104" lon="121.49958"><time>2026-10-02T02:40:52Z</time><ele>6</ele><speed>17.434</speed></trkpt><trkpt lat="25.014134" lon="121.499616"><time>2026-10-02T02:40:53Z</time><ele>5</ele><speed>17.677</speed></trkpt><trkpt lat="25.014163" lon="121.499654"><time>2026-10-02T02:40:54Z</time><ele>4</ele><speed>18.007</speed></trkpt><trkpt lat="25.014192" lon="121.499693"><time>2026-10-02T02:40:55Z</time><ele>5</ele><speed>17.775</speed></trkpt><trkpt lat="25.014221" lon="121.49973"><time>2026-10-02T02:40:56Z</time><ele>4</ele><speed>17.621</speed></trkpt><trkpt lat="25.01425" lon="121.499767"><time>2026-10-02T02:40:57Z</time><ele>3</ele><speed>18.351</speed></trkpt><trkpt lat="25.01428" lon="121.499805"><time>2026-10-02T02:40:58Z</time><ele>4</ele><speed>18.249</speed></trkpt><trkpt lat="25.01431" lon="121.499842"><time>2026-10-02T02:40:59Z</time><ele>4</ele><speed>18.008</speed></trkpt><trkpt lat="25.014338" lon="121.499877"><time>2026-10-02T02:41:00Z</time><ele>6</ele><speed>16.5</speed></trkpt><trkpt lat="25.014366" lon="121.499913"><time>2026-10-02T02:41:01Z</time><ele>7</ele><speed>16.782</speed></trkpt><trkpt lat="25.014395" lon="121.49995"><time>2026-10-02T02:41:02Z</time><ele>6</ele><speed>17.742</speed></trkpt><trkpt lat="25.014424" lon="121.499987"><time>2026-10-02T02:41:03Z</time><ele>6</ele><speed>18.068</speed></trkpt><trkpt lat="25.014454" lon="121.500022"><time>2026-10-02T02:41:04Z</time><ele>5</ele><speed>18.507</speed></trkpt><trkpt lat="25.014486" lon="121.500056"><time>2026-10-02T02:41:05Z</time><ele>5</ele><speed>18.006</speed></trkpt><trkpt lat="25.014518" lon="121.500091"><time>2026-10-02T02:41:06Z</time><ele>5</ele><speed>17.146</speed></trkpt><trkpt lat="25.014549" lon="121.500125"><time>2026-10-02T02:41:07Z</time><ele>7</ele><speed>16.459</speed></trkpt><trkpt lat="25.014579" lon="121.500162"><time>2026-10-02T02:41:08Z</time><ele>5</ele><speed>18.103</speed></trkpt><trkpt lat="25.014609" lon="121.500199"><time>2026-10-02T02:41:09Z</time><ele>6</ele><speed>18.921</speed></trkpt><trkpt lat="25.01464" lon="121.500235"><time>2026-10-02T02:41:10Z</time><ele>5</ele><speed>19.153</speed></trkpt><trkpt lat="25.014669" lon="121.500273"><time>2026-10-02T02:41:11Z</time><ele>5</ele><speed>18.627</speed></trkpt><trkpt lat="25.014698" lon="121.500311"><time>2026-10-02T02:41:12Z</time><ele>6</ele><speed>17.865</speed></trkpt><trkpt lat="25.014728" lon="121.500349"><time>2026-10-02T02:41:13Z</time><ele>5</ele><speed>17.641</speed></trkpt><trkpt lat="25.01476" lon="121.500386"><time>2026-10-02T02:41:14Z</time><ele>5</ele><speed>18.707</speed></trkpt><trkpt lat="25.014791" lon="121.500422"><time>2026-10-02T02:41:15Z</time><ele>4</ele><speed>18.55</speed></trkpt><trkpt lat="25.014819" lon="121.50046"><time>2026-10-02T02:41:16Z</time><ele>5</ele><speed>17.35</speed></trkpt><trkpt lat="25.014848" lon="121.500495"><time>2026-10-02T02:41:17Z</time><ele>7</ele><speed>16.487</speed></trkpt><trkpt lat="25.014875" lon="121.500531"><time>2026-10-02T02:41:18Z</time><ele>4</ele><speed>16.999</speed></trkpt><trkpt lat="25.014904" lon="121.500566"><time>2026-10-02T02:41:19Z</time><ele>5</ele><speed>17.611</speed></trkpt><trkpt lat="25.014931" lon="121.500602"><time>2026-10-02T02:41:20Z</time><ele>6</ele><speed>17.411</speed></trkpt><trkpt lat="25.014958" lon="121.500639"><time>2026-10-02T02:41:21Z</time><ele>4</ele><speed>18.32</speed></trkpt><trkpt lat="25.014988" lon="121.500675"><time>2026-10-02T02:41:22Z</time><ele>3</ele><speed>18.634</speed></trkpt><trkpt lat="25.01502" lon="121.500713"><time>2026-10-02T02:41:23Z</time><ele>1</ele><speed>19.705</speed></trkpt><trkpt lat="25.01505" lon="121.500751"><time>2026-10-02T02:41:24Z</time><ele>2</ele><speed>18.1</speed></trkpt><trkpt lat="25.01508" lon="121.500789"><time>2026-10-02T02:41:25Z</time><ele>2</ele><speed>17.742</speed></trkpt><trkpt lat="25.015111" lon="121.500826"><time>2026-10-02T02:41:26Z</time><ele>3</ele><speed>17.722</speed></trkpt><trkpt lat="25.015141" lon="121.500864"><time>2026-10-02T02:41:27Z</time><ele>3</ele><speed>18.168</speed></trkpt><trkpt lat="25.015173" lon="121.500901"><time>2026-10-02T02:41:28Z</time><ele>1</ele><speed>19.151</speed></trkpt><trkpt lat="25.015201" lon="121.500938"><time>2026-10-02T02:41:29Z</time><ele>3</ele><speed>17.909</speed></trkpt><trkpt lat="25.015231" lon="121.500975"><time>2026-10-02T02:41:30Z</time><ele>3</ele><speed>18.298</speed></trkpt><trkpt lat="25.015262" lon="121.501013"><time>2026-10-02T02:41:31Z</time><ele>3</ele><speed>18.903</speed></trkpt><trkpt lat="25.015294" lon="121.501051"><time>2026-10-02T02:41:32Z</time><ele>3</ele><speed>19.326</speed></trkpt><trkpt lat="25.015323" lon="121.501087"><time>2026-10-02T02:41:33Z</time><ele>6</ele><speed>17.158</speed></trkpt><trkpt lat="25.015352" lon="121.501123"><time>2026-10-02T02:41:34Z</time><ele>6</ele><speed>16.652</speed></trkpt><trkpt lat="25.015381" lon="121.501159"><time>2026-10-02T02:41:35Z</time><ele>7</ele><speed>17.442</speed></trkpt><trkpt lat="25.015411" lon="121.501197"><time>2026-10-02T02:41:36Z</time><ele>5</ele><speed>18.078</speed></trkpt><trkpt lat="25.01544" lon="121.501235"><time>2026-10-02T02:41:37Z</time><ele>5</ele><speed>18.931</speed></trkpt><trkpt lat="25.015468" lon="121.501272"><time>2026-10-02T02:41:38Z</time><ele>7</ele><speed>18.106</speed></trkpt><trkpt lat="25.015498" lon="121.501311"><time>2026-10-02T02:41:39Z</time><ele>5</ele><speed>18.102</speed></trkpt><trkpt lat="25.015527" lon="121.501349"><time>2026-10-02T02:41:40Z</time><ele>6</ele><speed>17.196</speed></trkpt><trkpt lat="25.015556" lon="121.501388"><time>2026-10-02T02:41:41Z</time><ele>5</ele><speed>18.086</speed></trkpt><trkpt lat="25.015586" lon="121.501427"><time>2026-10-02T02:41:42Z</time><ele>4</ele><speed>18.543</speed></trkpt><trkpt lat="25.015615" lon="121.501463"><time>2026-10-02T02:41:43Z</time><ele>5</ele><speed>17.366</speed></trkpt><trkpt lat="25.015643" lon="121.5015"><time>2026-10-02T02:41:44Z</time><ele>5</ele><speed>17.313</speed></trkpt><trkpt lat="25.01567" lon="121.501538"><time>2026-10-02T02:41:45Z</time><ele>6</ele><speed>17.803</speed></trkpt><trkpt lat="25.015699" lon="121.501577"><time>2026-10-02T02:41:46Z</time><ele>6</ele><speed>18.156</speed></trkpt><trkpt lat="25.015727" lon="121.501615"><time>2026-10-02T02:41:47Z</time><ele>5</ele><speed>18.019</speed></trkpt><trkpt lat="25.015756" lon="121.501651"><time>2026-10-02T02:41:48Z</time><ele>6</ele><speed>17.757</speed></trkpt><trkpt lat="25.015788" lon="121.501688"><time>2026-10-02T02:41:49Z</time><ele>4</ele><speed>18.663</speed></trkpt><trkpt lat="25.015821" lon="121.501725"><time>2026-10-02T02:41:50Z</time><ele>3</ele><speed>18.979</speed></trkpt><trkpt lat="25.015853" lon="121.50176"><time>2026-10-02T02:41:51Z</time><ele>5</ele><speed>17.224</speed></trkpt><trkpt lat="25.015884" lon="121.501795"><time>2026-10-02T02:41:52Z</time><ele>4</ele><speed>17.333</speed></trkpt><trkpt lat="25.015915" lon="121.501831"><time>2026-10-02T02:41:53Z</time><ele>5</ele><speed>17.718</speed></trkpt><trkpt lat="25.015945" lon="121.501867"><time>2026-10-02T02:41:54Z</time><ele>5</ele><speed>17.337</speed></trkpt><trkpt lat="25.015974" lon="121.501902"><time>2026-10-02T02:41:55Z</time><ele>4</ele><speed>17.419</speed></trkpt><trkpt lat="25.016" lon="121.501938"><time>2026-10-02T02:41:56Z</time><ele>5</ele><speed>16.906</speed></trkpt><trkpt lat="25.016028" lon="121.501975"><time>2026-10-02T02:41:57Z</time><ele>5</ele><speed>17.611</speed></trkpt><trkpt lat="25.016056" lon="121.502012"><time>2026-10-02T02:41:58Z</time><ele>5</ele><speed>18.214</speed></trkpt><trkpt lat="25.016085" lon="121.502048"><time>2026-10-02T02:41:59Z</time><ele>5</ele><speed>17.954</speed></trkpt><trkpt lat="25.016114" lon="121.502085"><time>2026-10-02T02:42:00Z</time><ele>4</ele><speed>17.592</speed></trkpt><trkpt lat="25.016144" lon="121.50212"><time>2026-10-02T02:42:01Z</time><ele>4</ele><speed>17.79</speed></trkpt><trkpt lat="25.016175" lon="121.502157"><time>2026-10-02T02:42:02Z</time><ele>6</ele><speed>17.9</speed></trkpt><trkpt lat="25.016205" lon="121.502195"><time>2026-10-02T02:42:03Z</time><ele>5</ele><speed>17.867</speed></trkpt><trkpt lat="25.016235" lon="121.50223"><time>2026-10-02T02:42:04Z</time><ele>4</ele><speed>18.013</speed></trkpt><trkpt lat="25.016266" lon="121.502266"><time>2026-10-02T02:42:05Z</time><ele>6</ele><speed>17.664</speed></trkpt><trkpt lat="25.016295" lon="121.502303"><time>2026-10-02T02:42:06Z</time><ele>5</ele><speed>17.94</speed></trkpt><trkpt lat="25.016324" lon="121.502342"><time>2026-10-02T02:42:07Z</time><ele>5</ele><speed>18.152</speed></trkpt><trkpt lat="25.016357" lon="121.502379"><time>2026-10-02T02:42:08Z</time><ele>6</ele><speed>21.301</speed></trkpt><trkpt lat="25.016392" lon="121.502417"><time>2026-10-02T02:42:09Z</time><ele>4</ele><speed>22.402</speed></trkpt><trkpt lat="25.016425" lon="121.502455"><time>2026-10-02T02:42:10Z</time><ele>4</ele><speed>19.996</speed></trkpt><trkpt lat="25.016458" lon="121.502493"><time>2026-10-02T02:42:11Z</time><ele>2</ele><speed>18.936</speed></trkpt><trkpt lat="25.016491" lon="121.502531"><time>2026-10-02T02:42:12Z</time><ele>3</ele><speed>17.882</speed></trkpt><trkpt lat="25.016523" lon="121.502567"><time>2026-10-02T02:42:13Z</time><ele>5</ele><speed>16.964</speed></trkpt><trkpt lat="25.016552" lon="121.502603"><time>2026-10-02T02:42:14Z</time><ele>4</ele><speed>17.437</speed></trkpt><trkpt lat="25.01658" lon="121.502637"><time>2026-10-02T02:42:15Z</time><ele>6</ele><speed>17.622</speed></trkpt><trkpt lat="25.01661" lon="121.502672"><time>2026-10-02T02:42:16Z</time><ele>6</ele><speed>18.385</speed></trkpt><trkpt lat="25.016641" lon="121.502708"><time>2026-10-02T02:42:17Z</time><ele>6</ele><speed>18.676</speed></trkpt><trkpt lat="25.016672" lon="121.502744"><time>2026-10-02T02:42:18Z</time><ele>6</ele><speed>18.762</speed></trkpt><trkpt lat="25.016702" lon="121.502783"><time>2026-10-02T02:42:19Z</time><ele>4</ele><speed>18.582</speed></trkpt><trkpt lat="25.016731" lon="121.50282"><time>2026-10-02T02:42:20Z</time><ele>5</ele><speed>17.463</speed></trkpt><trkpt lat="25.016761" lon="121.502858"><time>2026-10-02T02:42:21Z</time><ele>5</ele><speed>18.397</speed></trkpt><trkpt lat="25.016789" lon="121.502895"><time>2026-10-02T02:42:22Z</time><ele>7</ele><speed>17.036</speed></trkpt><trkpt lat="25.016816" lon="121.502931"><time>2026-10-02T02:42:23Z</time><ele>7</ele><speed>17.898</speed></trkpt><trkpt lat="25.016845" lon="121.502967"><time>2026-10-02T02:42:24Z</time><ele>6</ele><speed>18.179</speed></trkpt><trkpt lat="25.016876" lon="121.503002"><time>2026-10-02T02:42:25Z</time><ele>6</ele><speed>18.921</speed></trkpt><trkpt lat="25.016906" lon="121.50304"><time>2026-10-02T02:42:26Z</time><ele>6</ele><speed>19.257</speed></trkpt><trkpt lat="25.016933" lon="121.503079"><time>2026-10-02T02:42:27Z</time><ele>5</ele><speed>18.178</speed></trkpt><trkpt lat="25.016962" lon="121.503119"><time>2026-10-02T02:42:28Z</time><ele>7</ele><speed>17.553</speed></trkpt><trkpt lat="25.016992" lon="121.503158"><time>2026-10-02T02:42:29Z</time><ele>4</ele><speed>17.09</speed></trkpt><trkpt lat="25.01702" lon="121.503198"><time>2026-10-02T02:42:30Z</time><ele>6</ele><speed>16.841</speed></trkpt><trkpt lat="25.017049" lon="121.503236"><time>2026-10-02T02:42:31Z</time><ele>6</ele><speed>17.53</speed></trkpt><trkpt lat="25.017079" lon="121.503272"><time>2026-10-02T02:42:32Z</time><ele>5</ele><speed>18.22</speed></trkpt><trkpt lat="25.017112" lon="121.503307"><time>2026-10-02T02:42:33Z</time><ele>6</ele><speed>18.877</speed></trkpt><trkpt lat="25.017145" lon="121.503341"><time>2026-10-02T02:42:34Z</time><ele>5</ele><speed>18.388</speed></trkpt><trkpt lat="25.017177" lon="121.503377"><time>2026-10-02T02:42:35Z</time><ele>4</ele><speed>18.854</speed></trkpt><trkpt lat="25.01721" lon="121.503412"><time>2026-10-02T02:42:36Z</time><ele>4</ele><speed>18.92</speed></trkpt><trkpt lat="25.017243" lon="121.503448"><time>2026-10-02T02:42:37Z</time><ele>3</ele><speed>18.887</speed></trkpt><trkpt lat="25.017275" lon="121.503482"><time>2026-10-02T02:42:38Z</time><ele>7</ele><speed>17.397</speed></trkpt><trkpt lat="25.017307" lon="121.503515"><time>2026-10-02T02:42:39Z</time><ele>4</ele><speed>17.926</speed></trkpt><trkpt lat="25.017341" lon="121.503546"><time>2026-10-02T02:42:40Z</time><ele>5</ele><speed>17.579</speed></trkpt><trkpt lat="25.017376" lon="121.503572"><time>2026-10-02T02:42:41Z</time><ele>5</ele><speed>16.446</speed></trkpt><trkpt lat="25.017412" lon="121.503589"><time>2026-10-02T02:42:42Z</time><ele>5</ele><speed>15.401</speed></trkpt><trkpt lat="25.01745" lon="121.503597"><time>2026-10-02T02:42:43Z</time><ele>5</ele><speed>16.042</speed></trkpt><trkpt lat="25.01749" lon="121.5036"><time>2026-10-02T02:42:44Z</time><ele>5</ele><speed>16.523</speed></trkpt><trkpt lat="25.01753" lon="121.503596"><time>2026-10-02T02:42:45Z</time><ele>6</ele><speed>16.795</speed></trkpt><trkpt lat="25.01757" lon="121.503588"><time>2026-10-02T02:42:46Z</time><ele>6</ele><speed>16.638</speed></trkpt><trkpt lat="25.01761" lon="121.503575"><time>2026-10-02T02:42:47Z</time><ele>6</ele><speed>15.81</speed></trkpt><trkpt lat="25.01765" lon="121.503562"><time>2026-10-02T02:42:48Z</time><ele>6</ele><speed>16.452</speed></trkpt><trkpt lat="25.017689" lon="121.503548"><time>2026-10-02T02:42:49Z</time><ele>8</ele><speed>15.322</speed></trkpt><trkpt lat="25.017726" lon="121.503534"><time>2026-10-02T02:42:50Z</time><ele>9</ele><speed>14.679</speed></trkpt><trkpt lat="25.017764" lon="121.503519"><time>2026-10-02T02:42:51Z</time><ele>9</ele><speed>15.937</speed></trkpt><trkpt lat="25.017803" lon="121.503505"><time>2026-10-02T02:42:52Z</time><ele>8</ele><speed>16.395</speed></trkpt><trkpt lat="25.017844" lon="121.50349"><time>2026-10-02T02:42:53Z</time><ele>8</ele><speed>17.116</speed></trkpt><trkpt lat="25.017886" lon="121.503478"><time>2026-10-02T02:42:54Z</time><ele>8</ele><speed>17.644</speed></trkpt><trkpt lat="25.017931" lon="121.503469"><time>2026-10-02T02:42:55Z</time><ele>7</ele><speed>18.253</speed></trkpt><trkpt lat="25.017978" lon="121.503459"><time>2026-10-02T02:42:56Z</time><ele>8</ele><speed>17.587</speed></trkpt><trkpt lat="25.018024" lon="121.503452"><time>2026-10-02T02:42:57Z</time><ele>6</ele><speed>18.151</speed></trkpt><trkpt lat="25.018068" lon="121.503451"><time>2026-10-02T02:42:58Z</time><ele>6</ele><speed>17.655</speed></trkpt><trkpt lat="25.018109" lon="121.503459"><time>2026-10-02T02:42:59Z</time><ele>5</ele><speed>17.584</speed></trkpt><trkpt lat="25.018146" lon="121.503475"><time>2026-10-02T02:43:00Z</time><ele>7</ele><speed>16.496</speed></trkpt><trkpt lat="25.018178" lon="121.503497"><time>2026-10-02T02:43:01Z</time><ele>5</ele><speed>16.99</speed></trkpt><trkpt lat="25.018205" lon="121.503527"><time>2026-10-02T02:43:02Z</time><ele>5</ele><speed>16.306</speed></trkpt><trkpt lat="25.018228" lon="121.503564"><time>2026-10-02T02:43:03Z</time><ele>6</ele><speed>16.423</speed></trkpt><trkpt lat="25.018249" lon="121.503603"><time>2026-10-02T02:43:04Z</time><ele>6</ele><speed>16.493</speed></trkpt><trkpt lat="25.018269" lon="121.503642"><time>2026-10-02T02:43:05Z</time><ele>8</ele><speed>16.504</speed></trkpt><trkpt lat="25.01829" lon="121.503682"><time>2026-10-02T02:43:06Z</time><ele>8</ele><speed>16.909</speed></trkpt><trkpt lat="25.018311" lon="121.503721"><time>2026-10-02T02:43:07Z</time><ele>6</ele><speed>16.808</speed></trkpt><trkpt lat="25.018331" lon="121.503761"><time>2026-10-02T02:43:08Z</time><ele>5</ele><speed>15.949</speed></trkpt><trkpt lat="25.018351" lon="121.503801"><time>2026-10-02T02:43:09Z</time><ele>4</ele><speed>16.042</speed></trkpt><trkpt lat="25.018368" lon="121.503843"><time>2026-10-02T02:43:10Z</time><ele>3</ele><speed>16.917</speed></trkpt><trkpt lat="25.018383" lon="121.503884"><time>2026-10-02T02:43:11Z</time><ele>4</ele><speed>15.958</speed></trkpt><trkpt lat="25.018394" lon="121.503925"><time>2026-10-02T02:43:12Z</time><ele>5</ele><speed>15.779</speed></trkpt><trkpt lat="25.018403" lon="121.503968"><time>2026-10-02T02:43:13Z</time><ele>6</ele><speed>16.075</speed></trkpt><trkpt lat="25.018412" lon="121.504011"><time>2026-10-02T02:43:14Z</time><ele>5</ele><speed>15.92</speed></trkpt><trkpt lat="25.018422" lon="121.504054"><time>2026-10-02T02:43:15Z</time><ele>3</ele><speed>15.842</speed></trkpt><trkpt lat="25.018433" lon="121.504096"><time>2026-10-02T02:43:16Z</time><ele>4</ele><speed>15.287</speed></trkpt><trkpt lat="25.018446" lon="121.504137"><time>2026-10-02T02:43:17Z</time><ele>5</ele><speed>14.716</speed></trkpt><trkpt lat="25.018461" lon="121.504176"><time>2026-10-02T02:43:18Z</time><ele>5</ele><speed>13.678</speed></trkpt><trkpt lat="25.018476" lon="121.504212"><time>2026-10-02T02:43:19Z</time><ele>6</ele><speed>12.059</speed></trkpt><trkpt lat="25.018491" lon="121.504245"><time>2026-10-02T02:43:20Z</time><ele>6</ele><speed>10.499</speed></trkpt><trkpt lat="25.018506" lon="121.504272"><time>2026-10-02T02:43:21Z</time><ele>7</ele><speed>7.901</speed></trkpt><trkpt lat="25.01852" lon="121.504291"><time>2026-10-02T02:43:22Z</time><ele>7</ele><speed>5.72</speed></trkpt><trkpt lat="25.018526" lon="121.504322"><time>2026-10-02T02:43:57Z</time><ele>6</ele><speed>1.23</speed></trkpt><trkpt lat="25.018535" lon="121.504367"><time>2026-10-02T02:44:08Z</time><ele>5</ele><speed>1.975</speed></trkpt><trkpt lat="25.018543" lon="121.504409"><time>2026-10-02T02:44:09Z</time><ele>0</ele><speed>0.389</speed></trkpt><trkpt lat="25.018549" lon="121.504447"><time>2026-10-02T02:44:10Z</time><ele>5</ele><speed>1.332</speed></trkpt><trkpt lat="25.018552" lon="121.504483"><time>2026-10-02T02:44:11Z</time><ele>0</ele><speed>0.453</speed></trkpt><trkpt lat="25.018553" lon="121.504521"><time>2026-10-02T02:44:12Z</time><ele>5</ele><speed>0.0</speed></trkpt><trkpt lat="25.018568" lon="121.504507"><time>2026-10-02T02:46:43Z</time><ele>5</ele><speed>5.997</speed></trkpt><trkpt lat="25.018577" lon="121.504471"><time>2026-10-02T02:46:44Z</time><ele>5</ele><speed>4.325</speed></trkpt><trkpt lat="25.018587" lon="121.50443"><time>2026-10-02T02:46:45Z</time><ele>7</ele><speed>5.054</speed></trkpt><trkpt lat="25.018596" lon="121.504386"><time>2026-10-02T02:46:46Z</time><ele>7</ele><speed>4.616</speed></trkpt><trkpt lat="25.018604" lon="121.504341"><time>2026-10-02T02:46:47Z</time><ele>6</ele><speed>4.581</speed></trkpt><trkpt lat="25.018611" lon="121.504293"><time>2026-10-02T02:46:48Z</time><ele>5</ele><speed>5.657</speed></trkpt><trkpt lat="25.018618" lon="121.504313"><time>2026-10-02T02:49:56Z</time><ele>5</ele><speed>7.667</speed></trkpt><trkpt lat="25.018627" lon="121.504337"><time>2026-10-02T02:49:57Z</time><ele>5</ele><speed>7.601</speed></trkpt><trkpt lat="25.018637" lon="121.504368"><time>2026-10-02T02:49:58Z</time><ele>5</ele><speed>6.767</speed></trkpt><trkpt lat="25.018648" lon="121.504405"><time>2026-10-02T02:49:59Z</time><ele>5</ele><speed>5.949</speed></trkpt><trkpt lat="25.01866" lon="121.504445"><time>2026-10-02T02:50:00Z</time><ele>5</ele><speed>6.025</speed></trkpt><trkpt lat="25.018675" lon="121.504491"><time>2026-10-02T02:50:01Z</time><ele>6</ele><speed>5.857</speed></trkpt><trkpt lat="25.018688" lon="121.504509"><time>2026-10-02T02:50:04Z</time><ele>6</ele><speed>6.391</speed></trkpt><trkpt lat="25.018702" lon="121.504527"><time>2026-10-02T02:50:05Z</time><ele>6</ele><speed>7.23</speed></trkpt><trkpt lat="25.018718" lon="121.504545"><time>2026-10-02T02:50:06Z</time><ele>6</ele><speed>7.721</speed></trkpt><trkpt lat="25.018735" lon="121.504566"><time>2026-10-02T02:50:07Z</time><ele>5</ele><speed>8.394</speed></trkpt><trkpt lat="25.018753" lon="121.504585"><time>2026-10-02T02:50:08Z</time><ele>6</ele><speed>7.86</speed></trkpt><trkpt lat="25.018773" lon="121.504605"><time>2026-10-02T02:50:09Z</time><ele>6</ele><speed>8.003</speed></trkpt><trkpt lat="25.018788" lon="121.504621"><time>2026-10-02T02:50:10Z</time><ele>7</ele><speed>8.108</speed></trkpt><trkpt lat="25.018804" lon="121.504637"><time>2026-10-02T02:50:11Z</time><ele>7</ele><speed>8.269</speed></trkpt><trkpt lat="25.018818" lon="121.504654"><time>2026-10-02T02:50:12Z</time><ele>5</ele><speed>8.48</speed></trkpt><trkpt lat="25.018832" lon="121.504668"><time>2026-10-02T02:50:13Z</time><ele>6</ele><speed>7.854</speed></trkpt><trkpt lat="25.018845" lon="121.504684"><time>2026-10-02T02:50:14Z</time><ele>7</ele><speed>8.155</speed></trkpt><trkpt lat="25.01886" lon="121.504699"><time>2026-10-02T02:50:15Z</time><ele>5</ele><speed>8.858</speed></trkpt><trkpt lat="25.018874" lon="121.504716"><time>2026-10-02T02:50:16Z</time><ele>6</ele><speed>8.533</speed></trkpt><trkpt lat="25.018887" lon="121.504734"><time>2026-10-02T02:50:17Z</time><ele>7</ele><speed>9.024</speed></trkpt><trkpt lat="25.018901" lon="121.504752"><time>2026-10-02T02:50:18Z</time><ele>5</ele><speed>9.058</speed></trkpt><trkpt lat="25.018916" lon="121.504771"><time>2026-10-02T02:50:19Z</time><ele>7</ele><speed>8.484</speed></trkpt><trkpt lat="25.018933" lon="121.504787"><time>2026-10-02T02:50:20Z</time><ele>8</ele><speed>8.801</speed></trkpt><trkpt lat="25.018949" lon="121.504806"><time>2026-10-02T02:50:21Z</time><ele>8</ele><speed>9.398</speed></trkpt><trkpt lat="25.018966" lon="121.504826"><time>2026-10-02T02:50:22Z</time><ele>6</ele><speed>9.775</speed></trkpt><trkpt lat="25.018983" lon="121.504842"><time>2026-10-02T02:50:23Z</time><ele>5</ele><speed>8.886</speed></trkpt><trkpt lat="25.018999" lon="121.504859"><time>2026-10-02T02:50:24Z</time><ele>7</ele><speed>7.958</speed></trkpt><trkpt lat="25.019015" lon="121.504876"><time>2026-10-02T02:50:25Z</time><ele>6</ele><speed>8.906</speed></trkpt><trkpt lat="25.019029" lon="121.504895"><time>2026-10-02T02:50:26Z</time><ele>6</ele><speed>9.086</speed></trkpt><trkpt lat="25.019044" lon="121.504913"><time>2026-10-02T02:50:27Z</time><ele>7</ele><speed>9.659</speed></trkpt><trkpt lat="25.01906" lon="121.504929"><time>2026-10-02T02:50:28Z</time><ele>7</ele><speed>10.29</speed></trkpt><trkpt lat="25.019077" lon="121.504948"><time>2026-10-02T02:50:29Z</time><ele>6</ele><speed>11.097</speed></trkpt><trkpt lat="25.019096" lon="121.504966"><time>2026-10-02T02:50:30Z</time><ele>5</ele><speed>11.697</speed></trkpt><trkpt lat="25.019116" lon="121.504986"><time>2026-10-02T02:50:31Z</time><ele>5</ele><speed>12.187</speed></trkpt><trkpt lat="25.019137" lon="121.505007"><time>2026-10-02T02:50:32Z</time><ele>6</ele><speed>11.689</speed></trkpt><trkpt lat="25.019157" lon="121.505029"><time>2026-10-02T02:50:33Z</time><ele>6</ele><speed>11.015</speed></trkpt><trkpt lat="25.019176" lon="121.505051"><time>2026-10-02T02:50:34Z</time><ele>6</ele><speed>11.353</speed></trkpt><trkpt lat="25.019195" lon="121.505074"><time>2026-10-02T02:50:35Z</time><ele>7</ele><speed>11.24</speed></trkpt><trkpt lat="25.019215" lon="121.505096"><time>2026-10-02T02:50:36Z</time><ele>7</ele><speed>11.628</speed></trkpt><trkpt lat="25.019234" lon="121.505118"><time>2026-10-02T02:50:37Z</time><ele>7</ele><speed>12.315</speed></trkpt><trkpt lat="25.019254" lon="121.505141"><time>2026-10-02T02:50:38Z</time><ele>6</ele><speed>12.245</speed></trkpt><trkpt lat="25.019273" lon="121.505165"><time>2026-10-02T02:50:39Z</time><ele>7</ele><speed>11.565</speed></trkpt><trkpt lat="25.019292" lon="121.505191"><time>2026-10-02T02:50:40Z</time><ele>6</ele><speed>12.266</speed></trkpt><trkpt lat="25.019311" lon="121.505218"><time>2026-10-02T02:50:41Z</time><ele>7</ele><speed>12.674</speed></trkpt><trkpt lat="25.01933" lon="121.505248"><time>2026-10-02T02:50:42Z</time><ele>6</ele><speed>13.586</speed></trkpt><trkpt lat="25.01935" lon="121.505277"><time>2026-10-02T02:50:43Z</time><ele>6</ele><speed>13.615</speed></trkpt><trkpt lat="25.019372" lon="121.505306"><time>2026-10-02T02:50:44Z</time><ele>6</ele><speed>13.441</speed></trkpt><trkpt lat="25.019394" lon="121.505335"><time>2026-10-02T02:50:45Z</time><ele>6</ele><speed>12.855</speed></trkpt><trkpt lat="25.019417" lon="121.505363"><time>2026-10-02T02:50:46Z</time><ele>6</ele><speed>13.612</speed></trkpt><trkpt lat="25.019442" lon="121.505391"><time>2026-10-02T02:50:47Z</time><ele>5</ele><speed>13.496</speed></trkpt><trkpt lat="25.019465" lon="121.505418"><time>2026-10-02T02:50:48Z</time><ele>5</ele><speed>13.083</speed></trkpt><trkpt lat="25.019487" lon="121.505444"><time>2026-10-02T02:50:49Z</time><ele>6</ele><speed>12.906</speed></trkpt><trkpt lat="25.019508" lon="121.505471"><time>2026-10-02T02:50:50Z</time><ele>5</ele><speed>12.619</speed></trkpt><trkpt lat="25.019529" lon="121.505496"><time>2026-10-02T02:50:51Z</time><ele>6</ele><speed>12.887</speed></trkpt><trkpt lat="25.019548" lon="121.505521"><time>2026-10-02T02:50:52Z</time><ele>6</ele><speed>12.737</speed></trkpt><trkpt lat="25.019567" lon="121.505546"><time>2026-10-02T02:50:53Z</time><ele>6</ele><speed>12.632</speed></trkpt><trkpt lat="25.019585" lon="121.505572"><time>2026-10-02T02:50:54Z</time><ele>5</ele><speed>12.855</speed></trkpt><trkpt lat="25.019607" lon="121.505598"><time>2026-10-02T02:50:55Z</time><ele>6</ele><speed>13.671</speed></trkpt><trkpt lat="25.019628" lon="121.505623"><time>2026-10-02T02:50:56Z</time><ele>6</ele><speed>12.549</speed></trkpt><trkpt lat="25.01965" lon="121.505649"><time>2026-10-02T02:50:57Z</time><ele>7</ele><speed>12.571</speed></trkpt><trkpt lat="25.019676" lon="121.505673"><time>2026-10-02T02:50:58Z</time><ele>7</ele><speed>12.557</speed></trkpt><trkpt lat="25.019701" lon="121.505699"><time>2026-10-02T02:50:59Z</time><ele>6</ele><speed>12.965</speed></trkpt><trkpt lat="25.019728" lon="121.505725"><time>2026-10-02T02:51:00Z</time><ele>6</ele><speed>12.844</speed></trkpt><trkpt lat="25.019754" lon="121.505749"><time>2026-10-02T02:51:01Z</time><ele>7</ele><speed>12.619</speed></trkpt><trkpt lat="25.01978" lon="121.505777"><time>2026-10-02T02:51:02Z</time><ele>6</ele><speed>13.956</speed></trkpt><trkpt lat="25.019806" lon="121.505807"><time>2026-10-02T02:51:03Z</time><ele>7</ele><speed>13.748</speed></trkpt><trkpt lat="25.019829" lon="121.505836"><time>2026-10-02T02:51:04Z</time><ele>7</ele><speed>12.895</speed></trkpt><trkpt lat="25.019852" lon="121.505866"><time>2026-10-02T02:51:05Z</time><ele>6</ele><speed>12.652</speed></trkpt><trkpt lat="25.019875" lon="121.505895"><time>2026-10-02T02:51:06Z</time><ele>6</ele><speed>12.563</speed></trkpt><trkpt lat="25.019898" lon="121.505925"><time>2026-10-02T02:51:07Z</time><ele>6</ele><speed>13.728</speed></trkpt><trkpt lat="25.01992" lon="121.505952"><time>2026-10-02T02:51:08Z</time><ele>7</ele><speed>13.088</speed></trkpt><trkpt lat="25.019943" lon="121.505979"><time>2026-10-02T02:51:09Z</time><ele>7</ele><speed>13.023</speed></trkpt><trkpt lat="25.019965" lon="121.506006"><time>2026-10-02T02:51:10Z</time><ele>7</ele><speed>12.375</speed></trkpt><trkpt lat="25.019988" lon="121.506034"><time>2026-10-02T02:51:11Z</time><ele>6</ele><speed>12.276</speed></trkpt><trkpt lat="25.020007" lon="121.506062"><time>2026-10-02T02:51:12Z</time><ele>6</ele><speed>11.93</speed></trkpt><trkpt lat="25.020028" lon="121.506087"><time>2026-10-02T02:51:13Z</time><ele>6</ele><speed>12.025</speed></trkpt><trkpt lat="25.020048" lon="121.506114"><time>2026-10-02T02:51:14Z</time><ele>6</ele><speed>12.455</speed></trkpt><trkpt lat="25.020067" lon="121.50614"><time>2026-10-02T02:51:15Z</time><ele>6</ele><speed>12.642</speed></trkpt><trkpt lat="25.020087" lon="121.506168"><time>2026-10-02T02:51:16Z</time><ele>6</ele><speed>13.781</speed></trkpt><trkpt lat="25.020107" lon="121.506196"><time>2026-10-02T02:51:17Z</time><ele>7</ele><speed>13.288</speed></trkpt><trkpt lat="25.020131" lon="121.506219"><time>2026-10-02T02:51:18Z</time><ele>6</ele><speed>12.875</speed></trkpt><trkpt lat="25.020155" lon="121.506242"><time>2026-10-02T02:51:19Z</time><ele>6</ele><speed>11.935</speed></trkpt><trkpt lat="25.020179" lon="121.506264"><time>2026-10-02T02:51:20Z</time><ele>6</ele><speed>12.133</speed></trkpt><trkpt lat="25.020206" lon="121.506282"><time>2026-10-02T02:51:21Z</time><ele>6</ele><speed>12.31</speed></trkpt><trkpt lat="25.020232" lon="121.506299"><time>2026-10-02T02:51:22Z</time><ele>6</ele><speed>12.247</speed></trkpt><trkpt lat="25.020257" lon="121.506315"><time>2026-10-02T02:51:23Z</time><ele>6</ele><speed>12.501</speed></trkpt><trkpt lat="25.020282" lon="121.506334"><time>2026-10-02T02:51:24Z</time><ele>6</ele><speed>13.186</speed></trkpt><trkpt lat="25.020308" lon="121.506353"><time>2026-10-02T02:51:25Z</time><ele>6</ele><speed>13.431</speed></trkpt><trkpt lat="25.020334" lon="121.506375"><time>2026-10-02T02:51:26Z</time><ele>6</ele><speed>14.243</speed></trkpt><trkpt lat="25.020358" lon="121.506399"><time>2026-10-02T02:51:27Z</time><ele>5</ele><speed>13.474</speed></trkpt><trkpt lat="25.020383" lon="121.506424"><time>2026-10-02T02:51:28Z</time><ele>4</ele><speed>14.75</speed></trkpt><trkpt lat="25.020409" lon="121.50645"><time>2026-10-02T02:51:29Z</time><ele>4</ele><speed>14.44</speed></trkpt><trkpt lat="25.020434" lon="121.506474"><time>2026-10-02T02:51:30Z</time><ele>5</ele><speed>13.458</speed></trkpt><trkpt lat="25.02046" lon="121.506498"><time>2026-10-02T02:51:31Z</time><ele>6</ele><speed>12.58</speed></trkpt><trkpt lat="25.020485" lon="121.50652"><time>2026-10-02T02:51:32Z</time><ele>5</ele><speed>12.31</speed></trkpt><trkpt lat="25.02051" lon="121.506542"><time>2026-10-02T02:51:33Z</time><ele>5</ele><speed>12.649</speed></trkpt><trkpt lat="25.020535" lon="121.506561"><time>2026-10-02T02:51:34Z</time><ele>6</ele><speed>12.872</speed></trkpt><trkpt lat="25.02056" lon="121.50658"><time>2026-10-02T02:51:35Z</time><ele>6</ele><speed>13.034</speed></trkpt><trkpt lat="25.020585" lon="121.5066"><time>2026-10-02T02:51:36Z</time><ele>6</ele><speed>13.44</speed></trkpt><trkpt lat="25.020611" lon="121.506622"><time>2026-10-02T02:51:37Z</time><ele>7</ele><speed>14.391</speed></trkpt><trkpt lat="25.020637" lon="121.506645"><time>2026-10-02T02:51:38Z</time><ele>8</ele><speed>14.123</speed></trkpt><trkpt lat="25.020663" lon="121.506667"><time>2026-10-02T02:51:39Z</time><ele>6</ele><speed>12.994</speed></trkpt><trkpt lat="25.020687" lon="121.506691"><time>2026-10-02T02:51:40Z</time><ele>6</ele><speed>12.643</speed></trkpt><trkpt lat="25.020711" lon="121.506717"><time>2026-10-02T02:51:41Z</time><ele>7</ele><speed>13.863</speed></trkpt><trkpt lat="25.020736" lon="121.506742"><time>2026-10-02T02:51:42Z</time><ele>7</ele><speed>13.38</speed></trkpt><trkpt lat="25.020759" lon="121.506765"><time>2026-10-02T02:51:43Z</time><ele>8</ele><speed>13.073</speed></trkpt><trkpt lat="25.020782" lon="121.506787"><time>2026-10-02T02:51:44Z</time><ele>8</ele><speed>13.075</speed></trkpt><trkpt lat="25.020807" lon="121.50681"><time>2026-10-02T02:51:45Z</time><ele>8</ele><speed>13.553</speed></trkpt><trkpt lat="25.020835" lon="121.506832"><time>2026-10-02T02:51:46Z</time><ele>7</ele><speed>14.441</speed></trkpt><trkpt lat="25.020862" lon="121.506854"><time>2026-10-02T02:51:47Z</time><ele>7</ele><speed>14.151</speed></trkpt><trkpt lat="25.02089" lon="121.506877"><time>2026-10-02T02:51:48Z</time><ele>7</ele><speed>14.349</speed></trkpt><trkpt lat="25.020918" lon="121.506901"><time>2026-10-02T02:51:49Z</time><ele>7</ele><speed>13.985</speed></trkpt><trkpt lat="25.020944" lon="121.506927"><time>2026-10-02T02:51:50Z</time><ele>7</ele><speed>13.488</speed></trkpt><trkpt lat="25.02097" lon="121.506953"><time>2026-10-02T02:51:51Z</time><ele>7</ele><speed>14.176</speed></trkpt><trkpt lat="25.020997" lon="121.506979"><time>2026-10-02T02:51:52Z</time><ele>7</ele><speed>14.798</speed></trkpt><trkpt lat="25.021024" lon="121.507005"><time>2026-10-02T02:51:53Z</time><ele>8</ele><speed>15.494</speed></trkpt><trkpt lat="25.021051" lon="121.507032"><time>2026-10-02T02:51:54Z</time><ele>10</ele><speed>14.779</speed></trkpt><trkpt lat="25.02108" lon="121.50706"><time>2026-10-02T02:51:55Z</time><ele>9</ele><speed>15.321</speed></trkpt><trkpt lat="25.021107" lon="121.507088"><time>2026-10-02T02:51:56Z</time><ele>10</ele><speed>14.25</speed></trkpt><trkpt lat="25.021135" lon="121.507117"><time>2026-10-02T02:51:57Z</time><ele>9</ele><speed>14.564</speed></trkpt><trkpt lat="25.02116" lon="121.507147"><time>2026-10-02T02:51:58Z</time><ele>9</ele><speed>14.59</speed></trkpt><trkpt lat="25.021183" lon="121.507178"><time>2026-10-02T02:51:59Z</time><ele>9</ele><speed>13.7</speed></trkpt><trkpt lat="25.021206" lon="121.507211"><time>2026-10-02T02:52:00Z</time><ele>7</ele><speed>14.578</speed></trkpt><trkpt lat="25.02123" lon="121.507243"><time>2026-10-02T02:52:01Z</time><ele>8</ele><speed>14.263</speed></trkpt><trkpt lat="25.021253" lon="121.507274"><time>2026-10-02T02:52:02Z</time><ele>10</ele><speed>14.039</speed></trkpt><trkpt lat="25.021278" lon="121.507306"><time>2026-10-02T02:52:03Z</time><ele>9</ele><speed>14.115</speed></trkpt><trkpt lat="25.021303" lon="121.507336"><time>2026-10-02T02:52:04Z</time><ele>9</ele><speed>13.989</speed></trkpt><trkpt lat="25.02133" lon="121.507367"><time>2026-10-02T02:52:05Z</time><ele>8</ele><speed>14.074</speed></trkpt><trkpt lat="25.021356" lon="121.507397"><time>2026-10-02T02:52:06Z</time><ele>8</ele><speed>14.818</speed></trkpt><trkpt lat="25.021382" lon="121.507427"><time>2026-10-02T02:52:07Z</time><ele>8</ele><speed>14.075</speed></trkpt><trkpt lat="25.021408" lon="121.507455"><time>2026-10-02T02:52:08Z</time><ele>7</ele><speed>13.488</speed></trkpt><trkpt lat="25.021433" lon="121.507482"><time>2026-10-02T02:52:09Z</time><ele>7</ele><speed>13.181</speed></trkpt><trkpt lat="25.021456" lon="121.507509"><time>2026-10-02T02:52:10Z</time><ele>8</ele><speed>12.363</speed></trkpt><trkpt lat="25.021478" lon="121.507533"><time>2026-10-02T02:52:11Z</time><ele>7</ele><speed>11.742</speed></trkpt><trkpt lat="25.021499" lon="121.507553"><time>2026-10-02T02:52:12Z</time><ele>8</ele><speed>11.493</speed></trkpt><trkpt lat="25.021522" lon="121.507572"><time>2026-10-02T02:52:13Z</time><ele>8</ele><speed>12.304</speed></trkpt><trkpt lat="25.021542" lon="121.507595"><time>2026-10-02T02:52:14Z</time><ele>7</ele><speed>13.117</speed></trkpt><trkpt lat="25.021563" lon="121.507619"><time>2026-10-02T02:52:15Z</time><ele>7</ele><speed>12.918</speed></trkpt><trkpt lat="25.021585" lon="121.507642"><time>2026-10-02T02:52:16Z</time><ele>8</ele><speed>12.218</speed></trkpt><trkpt lat="25.021607" lon="121.507665"><time>2026-10-02T02:52:17Z</time><ele>8</ele><speed>11.069</speed></trkpt><trkpt lat="25.02163" lon="121.507689"><time>2026-10-02T02:52:18Z</time><ele>8</ele><speed>12.33</speed></trkpt><trkpt lat="25.02165" lon="121.507717"><time>2026-10-02T02:52:19Z</time><ele>8</ele><speed>13.337</speed></trkpt><trkpt lat="25.021673" lon="121.507741"><time>2026-10-02T02:52:20Z</time><ele>8</ele><speed>13.862</speed></trkpt><trkpt lat="25.021695" lon="121.507766"><time>2026-10-02T02:52:21Z</time><ele>8</ele><speed>13.603</speed></trkpt><trkpt lat="25.021717" lon="121.507793"><time>2026-10-02T02:52:22Z</time><ele>8</ele><speed>13.663</speed></trkpt><trkpt lat="25.021741" lon="121.507823"><time>2026-10-02T02:52:23Z</time><ele>8</ele><speed>14.497</speed></trkpt><trkpt lat="25.021765" lon="121.507854"><time>2026-10-02T02:52:24Z</time><ele>8</ele><speed>14.596</speed></trkpt><trkpt lat="25.021791" lon="121.507884"><time>2026-10-02T02:52:25Z</time><ele>7</ele><speed>14.687</speed></trkpt><trkpt lat="25.021815" lon="121.507914"><time>2026-10-02T02:52:26Z</time><ele>9</ele><speed>14.419</speed></trkpt><trkpt lat="25.021839" lon="121.507945"><time>2026-10-02T02:52:27Z</time><ele>9</ele><speed>13.751</speed></trkpt><trkpt lat="25.021863" lon="121.507973"><time>2026-10-02T02:52:28Z</time><ele>9</ele><speed>13.372</speed></trkpt><trkpt lat="25.021885" lon="121.508003"><time>2026-10-02T02:52:29Z</time><ele>8</ele><speed>14.085</speed></trkpt><trkpt lat="25.021908" lon="121.50803"><time>2026-10-02T02:52:30Z</time><ele>8</ele><speed>13.777</speed></trkpt><trkpt lat="25.02193" lon="121.508058"><time>2026-10-02T02:52:31Z</time><ele>8</ele><speed>13.674</speed></trkpt><trkpt lat="25.021951" lon="121.508086"><time>2026-10-02T02:52:32Z</time><ele>8</ele><speed>13.161</speed></trkpt><trkpt lat="25.021971" lon="121.508115"><time>2026-10-02T02:52:33Z</time><ele>8</ele><speed>13.492</speed></trkpt><trkpt lat="25.021991" lon="121.508147"><time>2026-10-02T02:52:34Z</time><ele>8</ele><speed>13.642</speed></trkpt><trkpt lat="25.02201" lon="121.508178"><time>2026-10-02T02:52:35Z</time><ele>7</ele><speed>13.791</speed></trkpt><trkpt lat="25.022028" lon="121.508211"><time>2026-10-02T02:52:36Z</time><ele>7</ele><speed>13.846</speed></trkpt><trkpt lat="25.022046" lon="121.508246"><time>2026-10-02T02:52:37Z</time><ele>7</ele><speed>14.331</speed></trkpt><trkpt lat="25.022062" lon="121.508282"><time>2026-10-02T02:52:38Z</time><ele>7</ele><speed>14.599</speed></trkpt><trkpt lat="25.022079" lon="121.508318"><time>2026-10-02T02:52:39Z</time><ele>8</ele><speed>13.98</speed></trkpt><trkpt lat="25.022097" lon="121.508353"><time>2026-10-02T02:52:40Z</time><ele>9</ele><speed>13.431</speed></trkpt><trkpt lat="25.022116" lon="121.508387"><time>2026-10-02T02:52:41Z</time><ele>9</ele><speed>14.096</speed></trkpt><trkpt lat="25.022133" lon="121.508422"><time>2026-10-02T02:52:42Z</time><ele>9</ele><speed>14.652</speed></trkpt><trkpt lat="25.022149" lon="121.508457"><time>2026-10-02T02:52:43Z</time><ele>8</ele><speed>13.534</speed></trkpt><trkpt lat="25.022167" lon="121.508489"><time>2026-10-02T02:52:44Z</time><ele>9</ele><speed>13.569</speed></trkpt><trkpt lat="25.022185" lon="121.508521"><time>2026-10-02T02:52:45Z</time><ele>9</ele><speed>13.292</speed></trkpt><trkpt lat="25.022202" lon="121.508554"><time>2026-10-02T02:52:46Z</time><ele>9</ele><speed>13.42</speed></trkpt><trkpt lat="25.022216" lon="121.508588"><time>2026-10-02T02:52:47Z</time><ele>9</ele><speed>13.665</speed></trkpt><trkpt lat="25.022233" lon="121.508619"><time>2026-10-02T02:52:48Z</time><ele>10</ele><speed>13.785</speed></trkpt><trkpt lat="25.022252" lon="121.50865"><time>2026-10-02T02:52:49Z</time><ele>10</ele><speed>13.76</speed></trkpt><trkpt lat="25.022269" lon="121.508681"><time>2026-10-02T02:52:50Z</time><ele>11</ele><speed>13.547</speed></trkpt><trkpt lat="25.022286" lon="121.508711"><time>2026-10-02T02:52:51Z</time><ele>12</ele><speed>13.367</speed></trkpt><trkpt lat="25.022305" lon="121.508742"><time>2026-10-02T02:52:52Z</time><ele>11</ele><speed>14.255</speed></trkpt><trkpt lat="25.022324" lon="121.508774"><time>2026-10-02T02:52:53Z</time><ele>11</ele><speed>13.907</speed></trkpt><trkpt lat="25.022342" lon="121.508805"><time>2026-10-02T02:52:54Z</time><ele>11</ele><speed>13.124</speed></trkpt><trkpt lat="25.022357" lon="121.508838"><time>2026-10-02T02:52:55Z</time><ele>11</ele><speed>13.19</speed></trkpt><trkpt lat="25.022372" lon="121.508873"><time>2026-10-02T02:52:56Z</time><ele>11</ele><speed>13.323</speed></trkpt><trkpt lat="25.022388" lon="121.508906"><time>2026-10-02T02:52:57Z</time><ele>11</ele><speed>12.485</speed></trkpt><trkpt lat="25.022396" lon="121.508937"><time>2026-10-02T02:52:58Z</time><ele>11</ele><speed>11.549</speed></trkpt><trkpt lat="25.022406" lon="121.508966"><time>2026-10-02T02:52:59Z</time><ele>11</ele><speed>11.919</speed></trkpt><trkpt lat="25.022421" lon="121.508997"><time>2026-10-02T02:53:00Z</time><ele>11</ele><speed>13.378</speed></trkpt><trkpt lat="25.022438" lon="121.509026"><time>2026-10-02T02:53:01Z</time><ele>11</ele><speed>12.35</speed></trkpt><trkpt lat="25.022455" lon="121.509053"><time>2026-10-02T02:53:02Z</time><ele>10</ele><speed>12.053</speed></trkpt><trkpt lat="25.02247" lon="121.509083"><time>2026-10-02T02:53:03Z</time><ele>11</ele><speed>11.867</speed></trkpt><trkpt lat="25.022494" lon="121.509117"><time>2026-10-02T02:53:04Z</time><ele>11</ele><speed>13.331</speed></trkpt><trkpt lat="25.022517" lon="121.509153"><time>2026-10-02T02:53:05Z</time><ele>11</ele><speed>13.76</speed></trkpt><trkpt lat="25.022533" lon="121.50919"><time>2026-10-02T02:53:06Z</time><ele>11</ele><speed>13.452</speed></trkpt><trkpt lat="25.022546" lon="121.509227"><time>2026-10-02T02:53:07Z</time><ele>11</ele><speed>12.313</speed></trkpt><trkpt lat="25.022558" lon="121.509263"><time>2026-10-02T02:53:08Z</time><ele>11</ele><speed>12.033</speed></trkpt><trkpt lat="25.02257" lon="121.509302"><time>2026-10-02T02:53:09Z</time><ele>13</ele><speed>12.629</speed></trkpt><trkpt lat="25.022577" lon="121.509338"><time>2026-10-02T02:53:10Z</time><ele>12</ele><speed>13.425</speed></trkpt><trkpt lat="25.022581" lon="121.509376"><time>2026-10-02T02:53:11Z</time><ele>12</ele><speed>13.879</speed></trkpt><trkpt lat="25.022587" lon="121.509411"><time>2026-10-02T02:53:12Z</time><ele>12</ele><speed>13.665</speed></trkpt><trkpt lat="25.022589" lon="121.509458"><time>2026-10-02T02:53:13Z</time><ele>12</ele><speed>15.454</speed></trkpt><trkpt lat="25.022588" lon="121.509502"><time>2026-10-02T02:53:14Z</time><ele>12</ele><speed>13.565</speed></trkpt><trkpt lat="25.022586" lon="121.509547"><time>2026-10-02T02:53:15Z</time><ele>11</ele><speed>13.669</speed></trkpt><trkpt lat="25.022584" lon="121.509592"><time>2026-10-02T02:53:16Z</time><ele>10</ele><speed>13.986</speed></trkpt><trkpt lat="25.022583" lon="121.509635"><time>2026-10-02T02:53:17Z</time><ele>10</ele><speed>14.266</speed></trkpt><trkpt lat="25.022578" lon="121.509679"><time>2026-10-02T02:53:18Z</time><ele>10</ele><speed>13.794</speed></trkpt><trkpt lat="25.022573" lon="121.509712"><time>2026-10-02T02:53:19Z</time><ele>9</ele><speed>13.02</speed></trkpt><trkpt lat="25.022571" lon="121.509747"><time>2026-10-02T02:53:20Z</time><ele>9</ele><speed>12.567</speed></trkpt><trkpt lat="25.022571" lon="121.509781"><time>2026-10-02T02:53:21Z</time><ele>9</ele><speed>13.664</speed></trkpt><trkpt lat="25.022569" lon="121.509816"><time>2026-10-02T02:53:22Z</time><ele>8</ele><speed>14.616</speed></trkpt><trkpt lat="25.022566" lon="121.509852"><time>2026-10-02T02:53:23Z</time><ele>9</ele><speed>14.708</speed></trkpt><trkpt lat="25.022564" lon="121.509887"><time>2026-10-02T02:53:24Z</time><ele>9</ele><speed>13.892</speed></trkpt><trkpt lat="25.022566" lon="121.509924"><time>2026-10-02T02:53:25Z</time><ele>9</ele><speed>13.403</speed></trkpt><trkpt lat="25.022571" lon="121.509959"><time>2026-10-02T02:53:26Z</time><ele>9</ele><speed>11.934</speed></trkpt><trkpt lat="25.022571" lon="121.509997"><time>2026-10-02T02:53:27Z</time><ele>7</ele><speed>12.714</speed></trkpt><trkpt lat="25.022568" lon="121.510031"><time>2026-10-02T02:53:28Z</time><ele>7</ele><speed>13.218</speed></trkpt><trkpt lat="25.022562" lon="121.510067"><time>2026-10-02T02:53:29Z</time><ele>7</ele><speed>14.86</speed></trkpt><trkpt lat="25.022555" lon="121.510104"><time>2026-10-02T02:53:30Z</time><ele>8</ele><speed>14.738</speed></trkpt><trkpt lat="25.022548" lon="121.51014"><time>2026-10-02T02:53:31Z</time><ele>7</ele><speed>13.912</speed></trkpt><trkpt lat="25.022539" lon="121.510175"><time>2026-10-02T02:53:32Z</time><ele>7</ele><speed>10.07</speed></trkpt><trkpt lat="25.022535" lon="121.510209"><time>2026-10-02T02:53:33Z</time><ele>6</ele><speed>11.762</speed></trkpt><trkpt lat="25.022533" lon="121.510244"><time>2026-10-02T02:53:34Z</time><ele>6</ele><speed>13.911</speed></trkpt><trkpt lat="25.022535" lon="121.510281"><time>2026-10-02T02:53:35Z</time><ele>5</ele><speed>15.69</speed></trkpt><trkpt lat="25.022538" lon="121.510316"><time>2026-10-02T02:53:36Z</time><ele>6</ele><speed>14.623</speed></trkpt><trkpt lat="25.022546" lon="121.510354"><time>2026-10-02T02:53:37Z</time><ele>5</ele><speed>14.915</speed></trkpt><trkpt lat="25.022552" lon="121.510396"><time>2026-10-02T02:53:38Z</time><ele>5</ele><speed>14.429</speed></trkpt><trkpt lat="25.022555" lon="121.510437"><time>2026-10-02T02:53:39Z</time><ele>6</ele><speed>13.917</speed></trkpt><trkpt lat="25.022556" lon="121.510477"><time>2026-10-02T02:53:40Z</time><ele>7</ele><speed>13.688</speed></trkpt><trkpt lat="25.022556" lon="121.510516"><time>2026-10-02T02:53:41Z</time><ele>8</ele><speed>14.253</speed></trkpt><trkpt lat="25.02256" lon="121.510557"><time>2026-10-02T02:53:42Z</time><ele>6</ele><speed>15.335</speed></trkpt><trkpt lat="25.022559" lon="121.510597"><time>2026-10-02T02:53:43Z</time><ele>5</ele><speed>15.627</speed></trkpt><trkpt lat="25.022556" lon="121.510638"><time>2026-10-02T02:53:44Z</time><ele>5</ele><speed>15.506</speed></trkpt><trkpt lat="25.022555" lon="121.51068"><time>2026-10-02T02:53:45Z</time><ele>6</ele><speed>15.965</speed></trkpt><trkpt lat="25.022559" lon="121.510724"><time>2026-10-02T02:53:46Z</time><ele>7</ele><speed>16.338</speed></trkpt><trkpt lat="25.022562" lon="121.510768"><time>2026-10-02T02:53:47Z</time><ele>6</ele><speed>16.518</speed></trkpt><trkpt lat="25.022566" lon="121.510813"><time>2026-10-02T02:53:48Z</time><ele>5</ele><speed>16.192</speed></trkpt><trkpt lat="25.02257" lon="121.510857"><time>2026-10-02T02:53:49Z</time><ele>7</ele><speed>15.931</speed></trkpt><trkpt lat="25.022578" lon="121.510901"><time>2026-10-02T02:53:50Z</time><ele>6</ele><speed>15.115</speed></trkpt><trkpt lat="25.022589" lon="121.510945"><time>2026-10-02T02:53:51Z</time><ele>5</ele><speed>14.931</speed></trkpt><trkpt lat="25.022599" lon="121.510988"><time>2026-10-02T02:53:52Z</time><ele>6</ele><speed>14.633</speed></trkpt><trkpt lat="25.022614" lon="121.511029"><time>2026-10-02T02:53:53Z</time><ele>5</ele><speed>14.079</speed></trkpt><trkpt lat="25.022632" lon="121.511069"><time>2026-10-02T02:53:54Z</time><ele>6</ele><speed>13.916</speed></trkpt><trkpt lat="25.022649" lon="121.511107"><time>2026-10-02T02:53:55Z</time><ele>7</ele><speed>13.552</speed></trkpt><trkpt lat="25.022665" lon="121.511143"><time>2026-10-02T02:53:56Z</time><ele>7</ele><speed>12.501</speed></trkpt><trkpt lat="25.02268" lon="121.511181"><time>2026-10-02T02:53:57Z</time><ele>8</ele><speed>14.077</speed></trkpt><trkpt lat="25.022694" lon="121.511218"><time>2026-10-02T02:53:58Z</time><ele>7</ele><speed>15.132</speed></trkpt><trkpt lat="25.022705" lon="121.511256"><time>2026-10-02T02:53:59Z</time><ele>6</ele><speed>15.315</speed></trkpt><trkpt lat="25.022713" lon="121.511296"><time>2026-10-02T02:54:00Z</time><ele>6</ele><speed>15.387</speed></trkpt><trkpt lat="25.022723" lon="121.511337"><time>2026-10-02T02:54:01Z</time><ele>6</ele><speed>15.592</speed></trkpt><trkpt lat="25.022735" lon="121.51138"><time>2026-10-02T02:54:02Z</time><ele>6</ele><speed>15.192</speed></trkpt><trkpt lat="25.022747" lon="121.511421"><time>2026-10-02T02:54:03Z</time><ele>6</ele><speed>14.551</speed></trkpt><trkpt lat="25.022757" lon="121.51146"><time>2026-10-02T02:54:04Z</time><ele>7</ele><speed>12.472</speed></trkpt><trkpt lat="25.022766" lon="121.511498"><time>2026-10-02T02:54:05Z</time><ele>7</ele><speed>12.302</speed></trkpt><trkpt lat="25.022771" lon="121.511536"><time>2026-10-02T02:54:06Z</time><ele>8</ele><speed>13.318</speed></trkpt><trkpt lat="25.022773" lon="121.511573"><time>2026-10-02T02:54:07Z</time><ele>8</ele><speed>13.758</speed></trkpt><trkpt lat="25.022772" lon="121.51161"><time>2026-10-02T02:54:08Z</time><ele>8</ele><speed>14.18</speed></trkpt><trkpt lat="25.02277" lon="121.511648"><time>2026-10-02T02:54:09Z</time><ele>6</ele><speed>14.102</speed></trkpt><trkpt lat="25.022768" lon="121.511687"><time>2026-10-02T02:54:10Z</time><ele>6</ele><speed>13.937</speed></trkpt><trkpt lat="25.022768" lon="121.511726"><time>2026-10-02T02:54:11Z</time><ele>5</ele><speed>14.294</speed></trkpt><trkpt lat="25.022769" lon="121.511766"><time>2026-10-02T02:54:12Z</time><ele>5</ele><speed>14.748</speed></trkpt><trkpt lat="25.022771" lon="121.511807"><time>2026-10-02T02:54:13Z</time><ele>6</ele><speed>14.867</speed></trkpt><trkpt lat="25.022772" lon="121.511847"><time>2026-10-02T02:54:14Z</time><ele>6</ele><speed>15.188</speed></trkpt><trkpt lat="25.022774" lon="121.51189"><time>2026-10-02T02:54:15Z</time><ele>5</ele><speed>16.744</speed></trkpt><trkpt lat="25.022777" lon="121.511933"><time>2026-10-02T02:54:16Z</time><ele>4</ele><speed>17.272</speed></trkpt><trkpt lat="25.022777" lon="121.511978"><time>2026-10-02T02:54:17Z</time><ele>7</ele><speed>16.817</speed></trkpt><trkpt lat="25.022779" lon="121.512022"><time>2026-10-02T02:54:18Z</time><ele>6</ele><speed>16.476</speed></trkpt><trkpt lat="25.022781" lon="121.512068"><time>2026-10-02T02:54:19Z</time><ele>4</ele><speed>17.066</speed></trkpt><trkpt lat="25.022785" lon="121.512115"><time>2026-10-02T02:54:20Z</time><ele>5</ele><speed>17.325</speed></trkpt><trkpt lat="25.022786" lon="121.512162"><time>2026-10-02T02:54:21Z</time><ele>5</ele><speed>17.403</speed></trkpt><trkpt lat="25.022785" lon="121.512209"><time>2026-10-02T02:54:22Z</time><ele>5</ele><speed>17.458</speed></trkpt><trkpt lat="25.022784" lon="121.512256"><time>2026-10-02T02:54:23Z</time><ele>4</ele><speed>16.889</speed></trkpt><trkpt lat="25.022781" lon="121.512305"><time>2026-10-02T02:54:24Z</time><ele>6</ele><speed>17.593</speed></trkpt><trkpt lat="25.022775" lon="121.512352"><time>2026-10-02T02:54:25Z</time><ele>5</ele><speed>16.945</speed></trkpt><trkpt lat="25.022767" lon="121.512398"><time>2026-10-02T02:54:26Z</time><ele>5</ele><speed>15.869</speed></trkpt><trkpt lat="25.022757" lon="121.512442"><time>2026-10-02T02:54:27Z</time><ele>5</ele><speed>14.694</speed></trkpt><trkpt lat="25.022746" lon="121.512484"><time>2026-10-02T02:54:28Z</time><ele>4</ele><speed>14.436</speed></trkpt><trkpt lat="25.022733" lon="121.512524"><time>2026-10-02T02:54:29Z</time><ele>5</ele><speed>14.706</speed></trkpt><trkpt lat="25.022719" lon="121.512564"><time>2026-10-02T02:54:30Z</time><ele>5</ele><speed>15.366</speed></trkpt><trkpt lat="25.022705" lon="121.512603"><time>2026-10-02T02:54:31Z</time><ele>4</ele><speed>16.205</speed></trkpt><trkpt lat="25.022689" lon="121.512642"><time>2026-10-02T02:54:32Z</time><ele>5</ele><speed>16.407</speed></trkpt><trkpt lat="25.022673" lon="121.512684"><time>2026-10-02T02:54:33Z</time><ele>4</ele><speed>16.84</speed></trkpt><trkpt lat="25.022656" lon="121.512726"><time>2026-10-02T02:54:34Z</time><ele>4</ele><speed>16.792</speed></trkpt><trkpt lat="25.022639" lon="121.512768"><time>2026-10-02T02:54:35Z</time><ele>3</ele><speed>15.989</speed></trkpt><trkpt lat="25.022622" lon="121.51281"><time>2026-10-02T02:54:36Z</time><ele>5</ele><speed>16.291</speed></trkpt><trkpt lat="25.022604" lon="121.512852"><time>2026-10-02T02:54:37Z</time><ele>5</ele><speed>16.059</speed></trkpt><trkpt lat="25.022588" lon="121.512892"><time>2026-10-02T02:54:38Z</time><ele>4</ele><speed>15.21</speed></trkpt><trkpt lat="25.022572" lon="121.512929"><time>2026-10-02T02:54:39Z</time><ele>3</ele><speed>14.581</speed></trkpt><trkpt lat="25.022559" lon="121.512967"><time>2026-10-02T02:54:40Z</time><ele>3</ele><speed>14.322</speed></trkpt><trkpt lat="25.022548" lon="121.513006"><time>2026-10-02T02:54:41Z</time><ele>3</ele><speed>14.116</speed></trkpt><trkpt lat="25.022537" lon="121.513042"><time>2026-10-02T02:54:42Z</time><ele>3</ele><speed>14.68</speed></trkpt><trkpt lat="25.022526" lon="121.513081"><time>2026-10-02T02:54:43Z</time><ele>5</ele><speed>15.587</speed></trkpt><trkpt lat="25.022513" lon="121.51312"><time>2026-10-02T02:54:44Z</time><ele>6</ele><speed>15.359</speed></trkpt><trkpt lat="25.022501" lon="121.51316"><time>2026-10-02T02:54:45Z</time><ele>4</ele><speed>15.516</speed></trkpt><trkpt lat="25.022492" lon="121.513202"><time>2026-10-02T02:54:46Z</time><ele>3</ele><speed>15.804</speed></trkpt><trkpt lat="25.02248" lon="121.513243"><time>2026-10-02T02:54:47Z</time><ele>3</ele><speed>15.468</speed></trkpt><trkpt lat="25.022469" lon="121.513285"><time>2026-10-02T02:54:48Z</time><ele>5</ele><speed>16.152</speed></trkpt><trkpt lat="25.022461" lon="121.513328"><time>2026-10-02T02:54:49Z</time><ele>4</ele><speed>16.995</speed></trkpt><trkpt lat="25.022454" lon="121.513372"><time>2026-10-02T02:54:50Z</time><ele>3</ele><speed>16.999</speed></trkpt><trkpt lat="25.022447" lon="121.513415"><time>2026-10-02T02:54:51Z</time><ele>3</ele><speed>16.154</speed></trkpt><trkpt lat="25.022436" lon="121.513458"><time>2026-10-02T02:54:52Z</time><ele>3</ele><speed>15.358</speed></trkpt><trkpt lat="25.022429" lon="121.513501"><time>2026-10-02T02:54:53Z</time><ele>4</ele><speed>15.587</speed></trkpt><trkpt lat="25.022421" lon="121.513543"><time>2026-10-02T02:54:54Z</time><ele>4</ele><speed>15.959</speed></trkpt><trkpt lat="25.022412" lon="121.513585"><time>2026-10-02T02:54:55Z</time><ele>4</ele><speed>16.631</speed></trkpt><trkpt lat="25.022403" lon="121.513627"><time>2026-10-02T02:54:56Z</time><ele>3</ele><speed>16.571</speed></trkpt><trkpt lat="25.022395" lon="121.51367"><time>2026-10-02T02:54:57Z</time><ele>4</ele><speed>16.575</speed></trkpt><trkpt lat="25.022389" lon="121.513712"><time>2026-10-02T02:54:58Z</time><ele>4</ele><speed>15.421</speed></trkpt><trkpt lat="25.022379" lon="121.513755"><time>2026-10-02T02:54:59Z</time><ele>4</ele><speed>15.343</speed></trkpt><trkpt lat="25.022371" lon="121.513797"><time>2026-10-02T02:55:00Z</time><ele>3</ele><speed>15.408</speed></trkpt><trkpt lat="25.022362" lon="121.513838"><time>2026-10-02T02:55:01Z</time><ele>3</ele><speed>15.697</speed></trkpt><trkpt lat="25.022352" lon="121.51388"><time>2026-10-02T02:55:02Z</time><ele>3</ele><speed>15.849</speed></trkpt><trkpt lat="25.022338" lon="121.51392"><time>2026-10-02T02:55:03Z</time><ele>4</ele><speed>15.887</speed></trkpt><trkpt lat="25.022325" lon="121.513961"><time>2026-10-02T02:55:04Z</time><ele>3</ele><speed>15.185</speed></trkpt><trkpt lat="25.022313" lon="121.514"><time>2026-10-02T02:55:05Z</time><ele>4</ele><speed>14.354</speed></trkpt><trkpt lat="25.022301" lon="121.51404"><time>2026-10-02T02:55:06Z</time><ele>4</ele><speed>15.076</speed></trkpt><trkpt lat="25.022289" lon="121.514081"><time>2026-10-02T02:55:07Z</time><ele>5</ele><speed>15.334</speed></trkpt><trkpt lat="25.02228" lon="121.514122"><time>2026-10-02T02:55:08Z</time><ele>4</ele><speed>15.642</speed></trkpt><trkpt lat="25.022275" lon="121.514163"><time>2026-10-02T02:55:09Z</time><ele>3</ele><speed>15.587</speed></trkpt><trkpt lat="25.022272" lon="121.514204"><time>2026-10-02T02:55:10Z</time><ele>3</ele><speed>15.358</speed></trkpt><trkpt lat="25.022269" lon="121.514247"><time>2026-10-02T02:55:11Z</time><ele>5</ele><speed>15.363</speed></trkpt><trkpt lat="25.022265" lon="121.51429"><time>2026-10-02T02:55:12Z</time><ele>6</ele><speed>15.393</speed></trkpt><trkpt lat="25.022262" lon="121.514332"><time>2026-10-02T02:55:13Z</time><ele>6</ele><speed>14.827</speed></trkpt><trkpt lat="25.022255" lon="121.514372"><time>2026-10-02T02:55:14Z</time><ele>5</ele><speed>14.241</speed></trkpt><trkpt lat="25.022246" lon="121.514411"><time>2026-10-02T02:55:15Z</time><ele>4</ele><speed>14.736</speed></trkpt><trkpt lat="25.022233" lon="121.514451"><time>2026-10-02T02:55:16Z</time><ele>4</ele><speed>15.238</speed></trkpt><trkpt lat="25.022219" lon="121.514491"><time>2026-10-02T02:55:17Z</time><ele>3</ele><speed>15.378</speed></trkpt><trkpt lat="25.022207" lon="121.514532"><time>2026-10-02T02:55:18Z</time><ele>5</ele><speed>15.877</speed></trkpt><trkpt lat="25.022195" lon="121.514573"><time>2026-10-02T02:55:19Z</time><ele>4</ele><speed>16.012</speed></trkpt><trkpt lat="25.022184" lon="121.514615"><time>2026-10-02T02:55:20Z</time><ele>4</ele><speed>15.953</speed></trkpt><trkpt lat="25.022174" lon="121.514658"><time>2026-10-02T02:55:21Z</time><ele>3</ele><speed>15.984</speed></trkpt><trkpt lat="25.022166" lon="121.514701"><time>2026-10-02T02:55:22Z</time><ele>5</ele><speed>15.954</speed></trkpt><trkpt lat="25.022159" lon="121.514745"><time>2026-10-02T02:55:23Z</time><ele>5</ele><speed>16.206</speed></trkpt><trkpt lat="25.022155" lon="121.514788"><time>2026-10-02T02:55:24Z</time><ele>4</ele><speed>16.182</speed></trkpt><trkpt lat="25.022151" lon="121.514831"><time>2026-10-02T02:55:25Z</time><ele>4</ele><speed>15.596</speed></trkpt><trkpt lat="25.022146" lon="121.514875"><time>2026-10-02T02:55:26Z</time><ele>5</ele><speed>15.461</speed></trkpt><trkpt lat="25.022142" lon="121.514918"><time>2026-10-02T02:55:27Z</time><ele>5</ele><speed>15.517</speed></trkpt><trkpt lat="25.022138" lon="121.514961"><time>2026-10-02T02:55:28Z</time><ele>5</ele><speed>14.976</speed></trkpt><trkpt lat="25.022133" lon="121.515001"><time>2026-10-02T02:55:29Z</time><ele>6</ele><speed>14.558</speed></trkpt><trkpt lat="25.022121" lon="121.515039"><time>2026-10-02T02:55:30Z</time><ele>5</ele><speed>14.152</speed></trkpt><trkpt lat="25.022107" lon="121.515076"><time>2026-10-02T02:55:31Z</time><ele>5</ele><speed>13.84</speed></trkpt><trkpt lat="25.022093" lon="121.515111"><time>2026-10-02T02:55:32Z</time><ele>4</ele><speed>13.687</speed></trkpt><trkpt lat="25.022077" lon="121.515147"><time>2026-10-02T02:55:33Z</time><ele>4</ele><speed>14.018</speed></trkpt><trkpt lat="25.022058" lon="121.515183"><time>2026-10-02T02:55:34Z</time><ele>4</ele><speed>15.692</speed></trkpt><trkpt lat="25.02204" lon="121.51522"><time>2026-10-02T02:55:35Z</time><ele>4</ele><speed>15.62</speed></trkpt><trkpt lat="25.022025" lon="121.515259"><time>2026-10-02T02:55:36Z</time><ele>3</ele><speed>15.922</speed></trkpt><trkpt lat="25.022012" lon="121.5153"><time>2026-10-02T02:55:37Z</time><ele>3</ele><speed>16.243</speed></trkpt><trkpt lat="25.022" lon="121.515341"><time>2026-10-02T02:55:38Z</time><ele>2</ele><speed>15.991</speed></trkpt><trkpt lat="25.021986" lon="121.515382"><time>2026-10-02T02:55:39Z</time><ele>4</ele><speed>16.547</speed></trkpt><trkpt lat="25.021973" lon="121.515424"><time>2026-10-02T02:55:40Z</time><ele>5</ele><speed>16.81</speed></trkpt><trkpt lat="25.021957" lon="121.515465"><time>2026-10-02T02:55:41Z</time><ele>3</ele><speed>16.447</speed></trkpt><trkpt lat="25.021941" lon="121.515507"><time>2026-10-02T02:55:42Z</time><ele>4</ele><speed>16.632</speed></trkpt><trkpt lat="25.021923" lon="121.515549"><time>2026-10-02T02:55:43Z</time><ele>4</ele><speed>15.814</speed></trkpt><trkpt lat="25.021905" lon="121.515589"><time>2026-10-02T02:55:44Z</time><ele>5</ele><speed>15.386</speed></trkpt><trkpt lat="25.021886" lon="121.515626"><time>2026-10-02T02:55:45Z</time><ele>5</ele><speed>13.573</speed></trkpt><trkpt lat="25.021871" lon="121.515664"><time>2026-10-02T02:55:46Z</time><ele>5</ele><speed>14.998</speed></trkpt><trkpt lat="25.021857" lon="121.515702"><time>2026-10-02T02:55:47Z</time><ele>5</ele><speed>14.868</speed></trkpt><trkpt lat="25.021843" lon="121.515739"><time>2026-10-02T02:55:48Z</time><ele>4</ele><speed>15.153</speed></trkpt><trkpt lat="25.021833" lon="121.515777"><time>2026-10-02T02:55:49Z</time><ele>4</ele><speed>14.765</speed></trkpt><trkpt lat="25.021827" lon="121.515815"><time>2026-10-02T02:55:50Z</time><ele>5</ele><speed>14.496</speed></trkpt><trkpt lat="25.021826" lon="121.515857"><time>2026-10-02T02:55:51Z</time><ele>6</ele><speed>14.674</speed></trkpt><trkpt lat="25.021826" lon="121.515895"><time>2026-10-02T02:55:52Z</time><ele>7</ele><speed>14.148</speed></trkpt><trkpt lat="25.021829" lon="121.515932"><time>2026-10-02T02:55:53Z</time><ele>7</ele><speed>12.976</speed></trkpt><trkpt lat="25.021832" lon="121.515969"><time>2026-10-02T02:55:54Z</time><ele>7</ele><speed>12.818</speed></trkpt><trkpt lat="25.021844" lon="121.515991"><time>2026-10-02T02:55:55Z</time><ele>7</ele><speed>4.734</speed></trkpt><trkpt lat="25.021858" lon="121.516007"><time>2026-10-02T02:55:56Z</time><ele>8</ele><speed>3.99</speed></trkpt><trkpt lat="25.021874" lon="121.516017"><time>2026-10-02T02:55:58Z</time><ele>7</ele><speed>3.927</speed></trkpt><trkpt lat="25.021891" lon="121.516024"><time>2026-10-02T02:56:00Z</time><ele>7</ele><speed>4.768</speed></trkpt><trkpt lat="25.021911" lon="121.516026"><time>2026-10-02T02:56:02Z</time><ele>7</ele><speed>4.709</speed></trkpt><trkpt lat="25.021933" lon="121.516023"><time>2026-10-02T02:56:03Z</time><ele>7</ele><speed>4.571</speed></trkpt><trkpt lat="25.021904" lon="121.516073"><time>2026-10-02T02:56:04Z</time><ele>7</ele><speed>14.471</speed></trkpt><trkpt lat="25.021861" lon="121.516136"><time>2026-10-02T02:56:07Z</time><ele>8</ele><speed>17.893</speed></trkpt><trkpt lat="25.021824" lon="121.51622"><time>2026-10-02T02:56:08Z</time><ele>9</ele><speed>17.962</speed></trkpt><trkpt lat="25.021778" lon="121.51631"><time>2026-10-02T02:56:09Z</time><ele>9</ele><speed>16.131</speed></trkpt><trkpt lat="25.021736" lon="121.516412"><time>2026-10-02T02:56:10Z</time><ele>9</ele><speed>15.466</speed></trkpt><trkpt lat="25.021709" lon="121.516511"><time>2026-10-02T02:56:11Z</time><ele>10</ele><speed>13.956</speed></trkpt><trkpt lat="25.021724" lon="121.51657"><time>2026-10-02T02:56:12Z</time><ele>9</ele><speed>13.944</speed></trkpt><trkpt lat="25.021749" lon="121.516618"><time>2026-10-02T02:56:13Z</time><ele>10</ele><speed>11.721</speed></trkpt><trkpt lat="25.02176" lon="121.516644"><time>2026-10-02T02:56:14Z</time><ele>11</ele><speed>7.99</speed></trkpt><trkpt lat="25.021763" lon="121.516679"><time>2026-10-02T02:56:15Z</time><ele>11</ele><speed>13.725</speed></trkpt><trkpt lat="25.021749" lon="121.516705"><time>2026-10-02T02:56:16Z</time><ele>11</ele><speed>12.246</speed></trkpt><trkpt lat="25.021716" lon="121.516743"><time>2026-10-02T02:56:17Z</time><ele>10</ele><speed>14.688</speed></trkpt><trkpt lat="25.021676" lon="121.516789"><time>2026-10-02T02:56:18Z</time><ele>11</ele><speed>17.46</speed></trkpt><trkpt lat="25.021633" lon="121.516844"><time>2026-10-02T02:56:19Z</time><ele>11</ele><speed>19.276</speed></trkpt><trkpt lat="25.021593" lon="121.516908"><time>2026-10-02T02:56:20Z</time><ele>11</ele><speed>20.274</speed></trkpt><trkpt lat="25.021559" lon="121.516964"><time>2026-10-02T02:56:21Z</time><ele>11</ele><speed>19.845</speed></trkpt><trkpt lat="25.02153" lon="121.517025"><time>2026-10-02T02:56:22Z</time><ele>11</ele><speed>19.662</speed></trkpt><trkpt lat="25.021495" lon="121.517084"><time>2026-10-02T02:56:23Z</time><ele>11</ele><speed>19.437</speed></trkpt><trkpt lat="25.021465" lon="121.517136"><time>2026-10-02T02:56:24Z</time><ele>10</ele><speed>18.658</speed></trkpt><trkpt lat="25.021436" lon="121.517187"><time>2026-10-02T02:56:25Z</time><ele>11</ele><speed>18.158</speed></trkpt><trkpt lat="25.021409" lon="121.517234"><time>2026-10-02T02:56:26Z</time><ele>10</ele><speed>17.431</speed></trkpt><trkpt lat="25.02139" lon="121.51728"><time>2026-10-02T02:56:27Z</time><ele>11</ele><speed>16.481</speed></trkpt><trkpt lat="25.021373" lon="121.517326"><time>2026-10-02T02:56:28Z</time><ele>11</ele><speed>16.922</speed></trkpt><trkpt lat="25.021361" lon="121.517373"><time>2026-10-02T02:56:29Z</time><ele>11</ele><speed>17.12</speed></trkpt><trkpt lat="25.021343" lon="121.51742"><time>2026-10-02T02:56:30Z</time><ele>12</ele><speed>17.392</speed></trkpt><trkpt lat="25.021328" lon="121.517463"><time>2026-10-02T02:56:31Z</time><ele>11</ele><speed>16.577</speed></trkpt><trkpt lat="25.021312" lon="121.517508"><time>2026-10-02T02:56:32Z</time><ele>10</ele><speed>17.249</speed></trkpt><trkpt lat="25.021291" lon="121.517553"><time>2026-10-02T02:56:33Z</time><ele>12</ele><speed>17.502</speed></trkpt><trkpt lat="25.02127" lon="121.517597"><time>2026-10-02T02:56:34Z</time><ele>11</ele><speed>17.805</speed></trkpt><trkpt lat="25.02125" lon="121.517642"><time>2026-10-02T02:56:35Z</time><ele>11</ele><speed>18.016</speed></trkpt><trkpt lat="25.021236" lon="121.517688"><time>2026-10-02T02:56:36Z</time><ele>12</ele><speed>17.468</speed></trkpt><trkpt lat="25.021221" lon="121.517736"><time>2026-10-02T02:56:37Z</time><ele>11</ele><speed>17.678</speed></trkpt><trkpt lat="25.021207" lon="121.517783"><time>2026-10-02T02:56:38Z</time><ele>12</ele><speed>17.203</speed></trkpt><trkpt lat="25.021197" lon="121.517831"><time>2026-10-02T02:56:39Z</time><ele>12</ele><speed>16.373</speed></trkpt><trkpt lat="25.021187" lon="121.517876"><time>2026-10-02T02:56:40Z</time><ele>13</ele><speed>15.823</speed></trkpt><trkpt lat="25.021176" lon="121.51792"><time>2026-10-02T02:56:41Z</time><ele>12</ele><speed>16.006</speed></trkpt><trkpt lat="25.021165" lon="121.517962"><time>2026-10-02T02:56:42Z</time><ele>12</ele><speed>15.695</speed></trkpt><trkpt lat="25.021154" lon="121.518003"><time>2026-10-02T02:56:43Z</time><ele>11</ele><speed>15.58</speed></trkpt><trkpt lat="25.021141" lon="121.518042"><time>2026-10-02T02:56:44Z</time><ele>13</ele><speed>15.017</speed></trkpt><trkpt lat="25.021127" lon="121.518079"><time>2026-10-02T02:56:45Z</time><ele>13</ele><speed>15.09</speed></trkpt><trkpt lat="25.021115" lon="121.518119"><time>2026-10-02T02:56:46Z</time><ele>12</ele><speed>15.727</speed></trkpt><trkpt lat="25.021103" lon="121.518158"><time>2026-10-02T02:56:47Z</time><ele>12</ele><speed>15.603</speed></trkpt><trkpt lat="25.021092" lon="121.518199"><time>2026-10-02T02:56:48Z</time><ele>12</ele><speed>15.543</speed></trkpt><trkpt lat="25.02108" lon="121.518239"><time>2026-10-02T02:56:49Z</time><ele>12</ele><speed>15.233</speed></trkpt><trkpt lat="25.02107" lon="121.518279"><time>2026-10-02T02:56:50Z</time><ele>12</ele><speed>14.284</speed></trkpt><trkpt lat="25.021061" lon="121.51832"><time>2026-10-02T02:56:51Z</time><ele>12</ele><speed>14.237</speed></trkpt><trkpt lat="25.021053" lon="121.51836"><time>2026-10-02T02:56:52Z</time><ele>11</ele><speed>14.048</speed></trkpt><trkpt lat="25.021047" lon="121.518399"><time>2026-10-02T02:56:53Z</time><ele>12</ele><speed>14.081</speed></trkpt><trkpt lat="25.021044" lon="121.518439"><time>2026-10-02T02:56:54Z</time><ele>12</ele><speed>14.425</speed></trkpt><trkpt lat="25.021041" lon="121.518478"><time>2026-10-02T02:56:55Z</time><ele>13</ele><speed>14.099</speed></trkpt><trkpt lat="25.02104" lon="121.518519"><time>2026-10-02T02:56:56Z</time><ele>12</ele><speed>14.449</speed></trkpt><trkpt lat="25.021044" lon="121.518562"><time>2026-10-02T02:56:57Z</time><ele>12</ele><speed>14.325</speed></trkpt><trkpt lat="25.021052" lon="121.518603"><time>2026-10-02T02:56:58Z</time><ele>11</ele><speed>13.817</speed></trkpt><trkpt lat="25.021056" lon="121.518644"><time>2026-10-02T02:56:59Z</time><ele>12</ele><speed>13.532</speed></trkpt><trkpt lat="25.021058" lon="121.518684"><time>2026-10-02T02:57:00Z</time><ele>12</ele><speed>14.76</speed></trkpt><trkpt lat="25.021062" lon="121.518725"><time>2026-10-02T02:57:01Z</time><ele>11</ele><speed>15.452</speed></trkpt><trkpt lat="25.021064" lon="121.518767"><time>2026-10-02T02:57:02Z</time><ele>12</ele><speed>14.999</speed></trkpt><trkpt lat="25.021062" lon="121.518806"><time>2026-10-02T02:57:03Z</time><ele>13</ele><speed>14.052</speed></trkpt><trkpt lat="25.021057" lon="121.518846"><time>2026-10-02T02:57:04Z</time><ele>13</ele><speed>14.035</speed></trkpt><trkpt lat="25.021052" lon="121.518886"><time>2026-10-02T02:57:05Z</time><ele>12</ele><speed>13.55</speed></trkpt><trkpt lat="25.021051" lon="121.518924"><time>2026-10-02T02:57:06Z</time><ele>12</ele><speed>13.122</speed></trkpt><trkpt lat="25.021051" lon="121.518962"><time>2026-10-02T02:57:07Z</time><ele>12</ele><speed>13.993</speed></trkpt><trkpt lat="25.021046" lon="121.518998"><time>2026-10-02T02:57:08Z</time><ele>12</ele><speed>13.955</speed></trkpt><trkpt lat="25.021041" lon="121.519036"><time>2026-10-02T02:57:09Z</time><ele>12</ele><speed>14.69</speed></trkpt><trkpt lat="25.02103" lon="121.519073"><time>2026-10-02T02:57:10Z</time><ele>12</ele><speed>14.166</speed></trkpt><trkpt lat="25.021022" lon="121.519111"><time>2026-10-02T02:57:11Z</time><ele>12</ele><speed>14.327</speed></trkpt><trkpt lat="25.021009" lon="121.519152"><time>2026-10-02T02:57:12Z</time><ele>13</ele><speed>15.0</speed></trkpt><trkpt lat="25.020997" lon="121.519193"><time>2026-10-02T02:57:13Z</time><ele>13</ele><speed>15.619</speed></trkpt><trkpt lat="25.020988" lon="121.519236"><time>2026-10-02T02:57:14Z</time><ele>12</ele><speed>15.844</speed></trkpt><trkpt lat="25.020979" lon="121.519275"><time>2026-10-02T02:57:15Z</time><ele>12</ele><speed>15.0</speed></trkpt><trkpt lat="25.020979" lon="121.519316"><time>2026-10-02T02:57:16Z</time><ele>12</ele><speed>14.436</speed></trkpt><trkpt lat="25.020979" lon="121.519356"><time>2026-10-02T02:57:17Z</time><ele>12</ele><speed>14.241</speed></trkpt><trkpt lat="25.020979" lon="121.519396"><time>2026-10-02T02:57:18Z</time><ele>12</ele><speed>15.083</speed></trkpt><trkpt lat="25.020972" lon="121.519433"><time>2026-10-02T02:57:19Z</time><ele>13</ele><speed>15.038</speed></trkpt><trkpt lat="25.020964" lon="121.51947"><time>2026-10-02T02:57:20Z</time><ele>12</ele><speed>15.019</speed></trkpt><trkpt lat="25.020957" lon="121.519507"><time>2026-10-02T02:57:21Z</time><ele>13</ele><speed>14.325</speed></trkpt><trkpt lat="25.020945" lon="121.519547"><time>2026-10-02T02:57:22Z</time><ele>11</ele><speed>14.429</speed></trkpt><trkpt lat="25.020929" lon="121.519588"><time>2026-10-02T02:57:23Z</time><ele>11</ele><speed>14.59</speed></trkpt><trkpt lat="25.02091" lon="121.519628"><time>2026-10-02T02:57:24Z</time><ele>11</ele><speed>14.635</speed></trkpt><trkpt lat="25.020895" lon="121.519668"><time>2026-10-02T02:57:25Z</time><ele>11</ele><speed>14.07</speed></trkpt><trkpt lat="25.02088" lon="121.519706"><time>2026-10-02T02:57:26Z</time><ele>11</ele><speed>13.294</speed></trkpt><trkpt lat="25.020864" lon="121.519745"><time>2026-10-02T02:57:27Z</time><ele>12</ele><speed>13.626</speed></trkpt><trkpt lat="25.020846" lon="121.51978"><time>2026-10-02T02:57:28Z</time><ele>13</ele><speed>13.664</speed></trkpt><trkpt lat="25.020827" lon="121.519817"><time>2026-10-02T02:57:29Z</time><ele>13</ele><speed>16.874</speed></trkpt><trkpt lat="25.02081" lon="121.519854"><time>2026-10-02T02:57:30Z</time><ele>10</ele><speed>15.921</speed></trkpt><trkpt lat="25.020795" lon="121.519891"><time>2026-10-02T02:57:31Z</time><ele>10</ele><speed>13.457</speed></trkpt><trkpt lat="25.020777" lon="121.519928"><time>2026-10-02T02:57:32Z</time><ele>11</ele><speed>12.866</speed></trkpt><trkpt lat="25.020751" lon="121.519963"><time>2026-10-02T02:57:33Z</time><ele>11</ele><speed>13.613</speed></trkpt><trkpt lat="25.020724" lon="121.519996"><time>2026-10-02T02:57:34Z</time><ele>11</ele><speed>13.333</speed></trkpt><trkpt lat="25.020697" lon="121.520023"><time>2026-10-02T02:57:35Z</time><ele>10</ele><speed>13.654</speed></trkpt><trkpt lat="25.020666" lon="121.520051"><time>2026-10-02T02:57:36Z</time><ele>9</ele><speed>14.743</speed></trkpt><trkpt lat="25.020627" lon="121.520074"><time>2026-10-02T02:57:37Z</time><ele>9</ele><speed>15.37</speed></trkpt><trkpt lat="25.020591" lon="121.520097"><time>2026-10-02T02:57:38Z</time><ele>10</ele><speed>13.678</speed></trkpt><trkpt lat="25.020557" lon="121.520118"><time>2026-10-02T02:57:39Z</time><ele>10</ele><speed>13.714</speed></trkpt><trkpt lat="25.020525" lon="121.520136"><time>2026-10-02T02:57:40Z</time><ele>10</ele><speed>13.438</speed></trkpt><trkpt lat="25.020489" lon="121.52015"><time>2026-10-02T02:57:41Z</time><ele>9</ele><speed>14.788</speed></trkpt><trkpt lat="25.020451" lon="121.520156"><time>2026-10-02T02:57:42Z</time><ele>8</ele><speed>16.058</speed></trkpt><trkpt lat="25.020413" lon="121.520161"><time>2026-10-02T02:57:43Z</time><ele>9</ele><speed>16.424</speed></trkpt><trkpt lat="25.020372" lon="121.520162"><time>2026-10-02T02:57:44Z</time><ele>9</ele><speed>16.255</speed></trkpt><trkpt lat="25.020331" lon="121.520162"><time>2026-10-02T02:57:45Z</time><ele>9</ele><speed>15.46</speed></trkpt><trkpt lat="25.020291" lon="121.520168"><time>2026-10-02T02:57:46Z</time><ele>9</ele><speed>15.342</speed></trkpt><trkpt lat="25.020255" lon="121.52018"><time>2026-10-02T02:57:47Z</time><ele>9</ele><speed>14.802</speed></trkpt><trkpt lat="25.020223" lon="121.520198"><time>2026-10-02T02:57:48Z</time><ele>9</ele><speed>15.134</speed></trkpt><trkpt lat="25.020194" lon="121.520222"><time>2026-10-02T02:57:49Z</time><ele>9</ele><speed>15.682</speed></trkpt><trkpt lat="25.020166" lon="121.52025"><time>2026-10-02T02:57:50Z</time><ele>9</ele><speed>15.774</speed></trkpt><trkpt lat="25.020142" lon="121.52028"><time>2026-10-02T02:57:51Z</time><ele>10</ele><speed>14.468</speed></trkpt><trkpt lat="25.020119" lon="121.520312"><time>2026-10-02T02:57:52Z</time><ele>9</ele><speed>15.485</speed></trkpt><trkpt lat="25.020094" lon="121.520343"><time>2026-10-02T02:57:53Z</time><ele>9</ele><speed>15.028</speed></trkpt><trkpt lat="25.02007" lon="121.520373"><time>2026-10-02T02:57:54Z</time><ele>9</ele><speed>14.937</speed></trkpt><trkpt lat="25.020046" lon="121.520402"><time>2026-10-02T02:57:55Z</time><ele>9</ele><speed>14.7</speed></trkpt><trkpt lat="25.020023" lon="121.520432"><time>2026-10-02T02:57:56Z</time><ele>9</ele><speed>14.803</speed></trkpt><trkpt lat="25.02" lon="121.520463"><time>2026-10-02T02:57:57Z</time><ele>9</ele><speed>14.415</speed></trkpt><trkpt lat="25.019975" lon="121.520492"><time>2026-10-02T02:57:58Z</time><ele>10</ele><speed>13.921</speed></trkpt><trkpt lat="25.019949" lon="121.520522"><time>2026-10-02T02:57:59Z</time><ele>10</ele><speed>14.476</speed></trkpt><trkpt lat="25.019922" lon="121.520552"><time>2026-10-02T02:58:00Z</time><ele>9</ele><speed>14.254</speed></trkpt><trkpt lat="25.019897" lon="121.520584"><time>2026-10-02T02:58:01Z</time><ele>10</ele><speed>13.84</speed></trkpt><trkpt lat="25.019873" lon="121.520617"><time>2026-10-02T02:58:02Z</time><ele>9</ele><speed>13.974</speed></trkpt><trkpt lat="25.019851" lon="121.52065"><time>2026-10-02T02:58:03Z</time><ele>9</ele><speed>14.539</speed></trkpt><trkpt lat="25.019829" lon="121.520684"><time>2026-10-02T02:58:04Z</time><ele>8</ele><speed>14.276</speed></trkpt><trkpt lat="25.019811" lon="121.520717"><time>2026-10-02T02:58:05Z</time><ele>8</ele><speed>14.128</speed></trkpt><trkpt lat="25.019792" lon="121.520751"><time>2026-10-02T02:58:06Z</time><ele>9</ele><speed>14.178</speed></trkpt><trkpt lat="25.019772" lon="121.520783"><time>2026-10-02T02:58:07Z</time><ele>9</ele><speed>14.467</speed></trkpt><trkpt lat="25.019752" lon="121.520814"><time>2026-10-02T02:58:08Z</time><ele>9</ele><speed>13.998</speed></trkpt><trkpt lat="25.019731" lon="121.520845"><time>2026-10-02T02:58:09Z</time><ele>9</ele><speed>14.612</speed></trkpt><trkpt lat="25.019708" lon="121.520876"><time>2026-10-02T02:58:10Z</time><ele>8</ele><speed>14.607</speed></trkpt><trkpt lat="25.019685" lon="121.520907"><time>2026-10-02T02:58:11Z</time><ele>7</ele><speed>14.752</speed></trkpt><trkpt lat="25.019663" lon="121.52094"><time>2026-10-02T02:58:12Z</time><ele>6</ele><speed>15.232</speed></trkpt><trkpt lat="25.019639" lon="121.520972"><time>2026-10-02T02:58:13Z</time><ele>7</ele><speed>15.244</speed></trkpt><trkpt lat="25.019613" lon="121.521004"><time>2026-10-02T02:58:14Z</time><ele>7</ele><speed>15.193</speed></trkpt><trkpt lat="25.01959" lon="121.521037"><time>2026-10-02T02:58:15Z</time><ele>8</ele><speed>15.039</speed></trkpt><trkpt lat="25.019571" lon="121.521071"><time>2026-10-02T02:58:16Z</time><ele>8</ele><speed>14.702</speed></trkpt><trkpt lat="25.019551" lon="121.521106"><time>2026-10-02T02:58:17Z</time><ele>7</ele><speed>14.718</speed></trkpt><trkpt lat="25.019538" lon="121.521141"><time>2026-10-02T02:58:18Z</time><ele>7</ele><speed>13.885</speed></trkpt><trkpt lat="25.01953" lon="121.521178"><time>2026-10-02T02:58:19Z</time><ele>7</ele><speed>13.483</speed></trkpt><trkpt lat="25.019527" lon="121.521215"><time>2026-10-02T02:58:20Z</time><ele>7</ele><speed>13.337</speed></trkpt><trkpt lat="25.019523" lon="121.521253"><time>2026-10-02T02:58:21Z</time><ele>8</ele><speed>13.993</speed></trkpt><trkpt lat="25.019515" lon="121.521292"><time>2026-10-02T02:58:22Z</time><ele>7</ele><speed>14.893</speed></trkpt><trkpt lat="25.019506" lon="121.521331"><time>2026-10-02T02:58:23Z</time><ele>8</ele><speed>14.371</speed></trkpt><trkpt lat="25.019499" lon="121.521372"><time>2026-10-02T02:58:24Z</time><ele>9</ele><speed>14.009</speed></trkpt><trkpt lat="25.019486" lon="121.521411"><time>2026-10-02T02:58:25Z</time><ele>8</ele><speed>12.949</speed></trkpt><trkpt lat="25.019471" lon="121.52145"><time>2026-10-02T02:58:26Z</time><ele>8</ele><speed>12.696</speed></trkpt><trkpt lat="25.019453" lon="121.521483"><time>2026-10-02T02:58:27Z</time><ele>8</ele><speed>12.095</speed></trkpt><trkpt lat="25.019437" lon="121.521508"><time>2026-10-02T02:58:28Z</time><ele>8</ele><speed>11.747</speed></trkpt><trkpt lat="25.01942" lon="121.521529"><time>2026-10-02T02:58:29Z</time><ele>8</ele><speed>12.269</speed></trkpt><trkpt lat="25.019392" lon="121.521543"><time>2026-10-02T02:58:30Z</time><ele>8</ele><speed>13.277</speed></trkpt><trkpt lat="25.019362" lon="121.521555"><time>2026-10-02T02:58:31Z</time><ele>8</ele><speed>14.506</speed></trkpt><trkpt lat="25.019328" lon="121.521564"><time>2026-10-02T02:58:32Z</time><ele>7</ele><speed>14.901</speed></trkpt><trkpt lat="25.019294" lon="121.521572"><time>2026-10-02T02:58:33Z</time><ele>6</ele><speed>14.912</speed></trkpt><trkpt lat="25.019259" lon="121.521584"><time>2026-10-02T02:58:34Z</time><ele>6</ele><speed>14.98</speed></trkpt><trkpt lat="25.019221" lon="121.521598"><time>2026-10-02T02:58:35Z</time><ele>6</ele><speed>16.88</speed></trkpt><trkpt lat="25.019186" lon="121.521618"><time>2026-10-02T02:58:36Z</time><ele>6</ele><speed>18.0</speed></trkpt><trkpt lat="25.019152" lon="121.521641"><time>2026-10-02T02:58:37Z</time><ele>6</ele><speed>18.688</speed></trkpt><trkpt lat="25.019117" lon="121.521668"><time>2026-10-02T02:58:38Z</time><ele>6</ele><speed>18.905</speed></trkpt><trkpt lat="25.019081" lon="121.521699"><time>2026-10-02T02:58:39Z</time><ele>5</ele><speed>18.516</speed></trkpt><trkpt lat="25.019045" lon="121.521733"><time>2026-10-02T02:58:40Z</time><ele>5</ele><speed>17.452</speed></trkpt><trkpt lat="25.019011" lon="121.521769"><time>2026-10-02T02:58:41Z</time><ele>6</ele><speed>17.404</speed></trkpt><trkpt lat="25.018979" lon="121.521805"><time>2026-10-02T02:58:42Z</time><ele>4</ele><speed>17.265</speed></trkpt><trkpt lat="25.018948" lon="121.521841"><time>2026-10-02T02:58:43Z</time><ele>5</ele><speed>16.394</speed></trkpt><trkpt lat="25.018922" lon="121.52188"><time>2026-10-02T02:58:44Z</time><ele>4</ele><speed>16.117</speed></trkpt><trkpt lat="25.018901" lon="121.521919"><time>2026-10-02T02:58:45Z</time><ele>5</ele><speed>15.519</speed></trkpt><trkpt lat="25.018881" lon="121.521958"><time>2026-10-02T02:58:46Z</time><ele>5</ele><speed>14.742</speed></trkpt><trkpt lat="25.018865" lon="121.521996"><time>2026-10-02T02:58:47Z</time><ele>6</ele><speed>13.925</speed></trkpt><trkpt lat="25.018849" lon="121.522032"><time>2026-10-02T02:58:48Z</time><ele>6</ele><speed>14.761</speed></trkpt><trkpt lat="25.018834" lon="121.522069"><time>2026-10-02T02:58:49Z</time><ele>6</ele><speed>14.737</speed></trkpt><trkpt lat="25.018819" lon="121.522103"><time>2026-10-02T02:58:50Z</time><ele>6</ele><speed>14.465</speed></trkpt><trkpt lat="25.018803" lon="121.522136"><time>2026-10-02T02:58:51Z</time><ele>6</ele><speed>14.347</speed></trkpt><trkpt lat="25.018785" lon="121.52217"><time>2026-10-02T02:58:52Z</time><ele>7</ele><speed>15.101</speed></trkpt><trkpt lat="25.018764" lon="121.522206"><time>2026-10-02T02:58:53Z</time><ele>7</ele><speed>15.713</speed></trkpt><trkpt lat="25.018743" lon="121.522241"><time>2026-10-02T02:58:54Z</time><ele>7</ele><speed>15.178</speed></trkpt><trkpt lat="25.018724" lon="121.522282"><time>2026-10-02T02:58:55Z</time><ele>7</ele><speed>16.427</speed></trkpt><trkpt lat="25.018709" lon="121.522319"><time>2026-10-02T02:58:56Z</time><ele>7</ele><speed>14.541</speed></trkpt><trkpt lat="25.018699" lon="121.522359"><time>2026-10-02T02:58:57Z</time><ele>8</ele><speed>14.698</speed></trkpt><trkpt lat="25.018693" lon="121.522399"><time>2026-10-02T02:58:58Z</time><ele>8</ele><speed>15.208</speed></trkpt><trkpt lat="25.018694" lon="121.522438"><time>2026-10-02T02:58:59Z</time><ele>8</ele><speed>15.106</speed></trkpt><trkpt lat="25.018705" lon="121.52248"><time>2026-10-02T02:59:00Z</time><ele>8</ele><speed>15.212</speed></trkpt><trkpt lat="25.01872" lon="121.522516"><time>2026-10-02T02:59:01Z</time><ele>8</ele><speed>15.269</speed></trkpt><trkpt lat="25.018733" lon="121.522556"><time>2026-10-02T02:59:02Z</time><ele>8</ele><speed>15.063</speed></trkpt><trkpt lat="25.01875" lon="121.522595"><time>2026-10-02T02:59:03Z</time><ele>9</ele><speed>15.514</speed></trkpt><trkpt lat="25.018764" lon="121.522628"><time>2026-10-02T02:59:04Z</time><ele>9</ele><speed>9.928</speed></trkpt><trkpt lat="25.018771" lon="121.522661"><time>2026-10-02T02:59:05Z</time><ele>10</ele><speed>11.018</speed></trkpt><trkpt lat="25.018763" lon="121.522693"><time>2026-10-02T02:59:06Z</time><ele>10</ele><speed>14.204</speed></trkpt><trkpt lat="25.018748" lon="121.522724"><time>2026-10-02T02:59:07Z</time><ele>10</ele><speed>14.488</speed></trkpt><trkpt lat="25.018729" lon="121.522755"><time>2026-10-02T02:59:08Z</time><ele>9</ele><speed>15.157</speed></trkpt><trkpt lat="25.018701" lon="121.522786"><time>2026-10-02T02:59:09Z</time><ele>9</ele><speed>16.076</speed></trkpt><trkpt lat="25.018671" lon="121.52282"><time>2026-10-02T02:59:10Z</time><ele>9</ele><speed>15.733</speed></trkpt><trkpt lat="25.018642" lon="121.522851"><time>2026-10-02T02:59:11Z</time><ele>10</ele><speed>14.541</speed></trkpt><trkpt lat="25.018618" lon="121.522882"><time>2026-10-02T02:59:12Z</time><ele>11</ele><speed>13.977</speed></trkpt><trkpt lat="25.018592" lon="121.522912"><time>2026-10-02T02:59:13Z</time><ele>10</ele><speed>15.146</speed></trkpt><trkpt lat="25.018564" lon="121.522943"><time>2026-10-02T02:59:14Z</time><ele>9</ele><speed>16.115</speed></trkpt><trkpt lat="25.018531" lon="121.522973"><time>2026-10-02T02:59:15Z</time><ele>9</ele><speed>17.276</speed></trkpt><trkpt lat="25.0185" lon="121.523004"><time>2026-10-02T02:59:16Z</time><ele>10</ele><speed>17.541</speed></trkpt><trkpt lat="25.018468" lon="121.523038"><time>2026-10-02T02:59:17Z</time><ele>10</ele><speed>17.652</speed></trkpt><trkpt lat="25.018432" lon="121.523073"><time>2026-10-02T02:59:18Z</time><ele>10</ele><speed>17.176</speed></trkpt><trkpt lat="25.018397" lon="121.523108"><time>2026-10-02T02:59:19Z</time><ele>10</ele><speed>16.473</speed></trkpt><trkpt lat="25.018364" lon="121.523143"><time>2026-10-02T02:59:20Z</time><ele>10</ele><speed>15.595</speed></trkpt><trkpt lat="25.018337" lon="121.523179"><time>2026-10-02T02:59:21Z</time><ele>10</ele><speed>16.018</speed></trkpt><trkpt lat="25.018308" lon="121.523215"><time>2026-10-02T02:59:22Z</time><ele>10</ele><speed>15.873</speed></trkpt><trkpt lat="25.018279" lon="121.523248"><time>2026-10-02T02:59:23Z</time><ele>9</ele><speed>15.784</speed></trkpt><trkpt lat="25.018252" lon="121.523281"><time>2026-10-02T02:59:24Z</time><ele>9</ele><speed>15.874</speed></trkpt><trkpt lat="25.018228" lon="121.523314"><time>2026-10-02T02:59:25Z</time><ele>10</ele><speed>16.019</speed></trkpt><trkpt lat="25.018204" lon="121.523349"><time>2026-10-02T02:59:26Z</time><ele>10</ele><speed>16.641</speed></trkpt><trkpt lat="25.018179" lon="121.523385"><time>2026-10-02T02:59:27Z</time><ele>9</ele><speed>17.163</speed></trkpt><trkpt lat="25.018153" lon="121.523421"><time>2026-10-02T02:59:28Z</time><ele>10</ele><speed>17.586</speed></trkpt><trkpt lat="25.018127" lon="121.523461"><time>2026-10-02T02:59:29Z</time><ele>10</ele><speed>17.941</speed></trkpt><trkpt lat="25.0181" lon="121.523501"><time>2026-10-02T02:59:30Z</time><ele>11</ele><speed>17.579</speed></trkpt><trkpt lat="25.018068" lon="121.523538"><time>2026-10-02T02:59:31Z</time><ele>9</ele><speed>16.981</speed></trkpt><trkpt lat="25.018034" lon="121.52357"><time>2026-10-02T02:59:32Z</time><ele>9</ele><speed>16.038</speed></trkpt><trkpt lat="25.017998" lon="121.523597"><time>2026-10-02T02:59:33Z</time><ele>9</ele><speed>15.292</speed></trkpt><trkpt lat="25.017964" lon="121.523624"><time>2026-10-02T02:59:34Z</time><ele>11</ele><speed>14.83</speed></trkpt><trkpt lat="25.017929" lon="121.523647"><time>2026-10-02T02:59:35Z</time><ele>10</ele><speed>14.965</speed></trkpt><trkpt lat="25.017895" lon="121.523669"><time>2026-10-02T02:59:36Z</time><ele>10</ele><speed>15.562</speed></trkpt><trkpt lat="25.017863" lon="121.523689"><time>2026-10-02T02:59:37Z</time><ele>8</ele><speed>14.748</speed></trkpt><trkpt lat="25.017832" lon="121.523712"><time>2026-10-02T02:59:38Z</time><ele>9</ele><speed>15.176</speed></trkpt><trkpt lat="25.0178" lon="121.523734"><time>2026-10-02T02:59:39Z</time><ele>10</ele><speed>15.347</speed></trkpt><trkpt lat="25.017766" lon="121.523755"><time>2026-10-02T02:59:40Z</time><ele>11</ele><speed>16.861</speed></trkpt><trkpt lat="25.01773" lon="121.523778"><time>2026-10-02T02:59:41Z</time><ele>10</ele><speed>17.113</speed></trkpt><trkpt lat="25.017693" lon="121.523798"><time>2026-10-02T02:59:42Z</time><ele>9</ele><speed>17.708</speed></trkpt><trkpt lat="25.017655" lon="121.52382"><time>2026-10-02T02:59:43Z</time><ele>9</ele><speed>16.403</speed></trkpt><trkpt lat="25.017617" lon="121.523843"><time>2026-10-02T02:59:44Z</time><ele>10</ele><speed>15.784</speed></trkpt><trkpt lat="25.01758" lon="121.523867"><time>2026-10-02T02:59:45Z</time><ele>9</ele><speed>15.442</speed></trkpt><trkpt lat="25.017546" lon="121.52389"><time>2026-10-02T02:59:46Z</time><ele>9</ele><speed>15.548</speed></trkpt><trkpt lat="25.017513" lon="121.523913"><time>2026-10-02T02:59:47Z</time><ele>9</ele><speed>15.633</speed></trkpt><trkpt lat="25.017482" lon="121.523937"><time>2026-10-02T02:59:48Z</time><ele>9</ele><speed>16.258</speed></trkpt><trkpt lat="25.01745" lon="121.523962"><time>2026-10-02T02:59:49Z</time><ele>10</ele><speed>15.91</speed></trkpt><trkpt lat="25.017418" lon="121.523983"><time>2026-10-02T02:59:50Z</time><ele>9</ele><speed>15.506</speed></trkpt><trkpt lat="25.017384" lon="121.524004"><time>2026-10-02T02:59:51Z</time><ele>10</ele><speed>16.193</speed></trkpt><trkpt lat="25.01735" lon="121.524024"><time>2026-10-02T02:59:52Z</time><ele>10</ele><speed>16.121</speed></trkpt><trkpt lat="25.017317" lon="121.524045"><time>2026-10-02T02:59:53Z</time><ele>10</ele><speed>15.734</speed></trkpt><trkpt lat="25.017284" lon="121.524064"><time>2026-10-02T02:59:54Z</time><ele>10</ele><speed>16.046</speed></trkpt><trkpt lat="25.01725" lon="121.524082"><time>2026-10-02T02:59:55Z</time><ele>10</ele><speed>16.757</speed></trkpt><trkpt lat="25.017214" lon="121.524101"><time>2026-10-02T02:59:56Z</time><ele>10</ele><speed>17.579</speed></trkpt><trkpt lat="25.017178" lon="121.524121"><time>2026-10-02T02:59:57Z</time><ele>10</ele><speed>17.323</speed></trkpt><trkpt lat="25.017143" lon="121.524142"><time>2026-10-02T02:59:58Z</time><ele>8</ele><speed>16.488</speed></trkpt><trkpt lat="25.017107" lon="121.524164"><time>2026-10-02T02:59:59Z</time><ele>8</ele><speed>16.482</speed></trkpt><trkpt lat="25.01707" lon="121.524186"><time>2026-10-02T03:00:00Z</time><ele>9</ele><speed>16.922</speed></trkpt><trkpt lat="25.017034" lon="121.524209"><time>2026-10-02T03:00:01Z</time><ele>8</ele><speed>17.162</speed></trkpt><trkpt lat="25.017001" lon="121.524233"><time>2026-10-02T03:00:02Z</time><ele>8</ele><speed>17.007</speed></trkpt><trkpt lat="25.016967" lon="121.524258"><time>2026-10-02T03:00:03Z</time><ele>10</ele><speed>18.776</speed></trkpt><trkpt lat="25.01693" lon="121.524282"><time>2026-10-02T03:00:04Z</time><ele>10</ele><speed>18.1</speed></trkpt><trkpt lat="25.016892" lon="121.524306"><time>2026-10-02T03:00:05Z</time><ele>10</ele><speed>17.608</speed></trkpt><trkpt lat="25.016855" lon="121.52433"><time>2026-10-02T03:00:06Z</time><ele>10</ele><speed>17.387</speed></trkpt><trkpt lat="25.016816" lon="121.524354"><time>2026-10-02T03:00:07Z</time><ele>9</ele><speed>16.678</speed></trkpt><trkpt lat="25.016778" lon="121.524377"><time>2026-10-02T03:00:08Z</time><ele>10</ele><speed>15.93</speed></trkpt><trkpt lat="25.016741" lon="121.5244"><time>2026-10-02T03:00:09Z</time><ele>10</ele><speed>15.767</speed></trkpt><trkpt lat="25.016704" lon="121.524421"><time>2026-10-02T03:00:10Z</time><ele>10</ele><speed>16.043</speed></trkpt><trkpt lat="25.016669" lon="121.524443"><time>2026-10-02T03:00:11Z</time><ele>9</ele><speed>15.522</speed></trkpt><trkpt lat="25.016634" lon="121.524464"><time>2026-10-02T03:00:12Z</time><ele>9</ele><speed>15.352</speed></trkpt><trkpt lat="25.0166" lon="121.524485"><time>2026-10-02T03:00:13Z</time><ele>9</ele><speed>14.955</speed></trkpt><trkpt lat="25.016568" lon="121.524508"><time>2026-10-02T03:00:14Z</time><ele>10</ele><speed>14.702</speed></trkpt><trkpt lat="25.016536" lon="121.524531"><time>2026-10-02T03:00:15Z</time><ele>10</ele><speed>15.753</speed></trkpt><trkpt lat="25.016504" lon="121.524555"><time>2026-10-02T03:00:16Z</time><ele>10</ele><speed>16.187</speed></trkpt><trkpt lat="25.016471" lon="121.524578"><time>2026-10-02T03:00:17Z</time><ele>9</ele><speed>16.62</speed></trkpt><trkpt lat="25.016437" lon="121.5246"><time>2026-10-02T03:00:18Z</time><ele>10</ele><speed>16.632</speed></trkpt><trkpt lat="25.016403" lon="121.524624"><time>2026-10-02T03:00:19Z</time><ele>10</ele><speed>17.13</speed></trkpt><trkpt lat="25.016367" lon="121.524648"><time>2026-10-02T03:00:20Z</time><ele>9</ele><speed>16.616</speed></trkpt><trkpt lat="25.01633" lon="121.524671"><time>2026-10-02T03:00:21Z</time><ele>9</ele><speed>16.772</speed></trkpt><trkpt lat="25.016292" lon="121.524695"><time>2026-10-02T03:00:22Z</time><ele>10</ele><speed>17.181</speed></trkpt><trkpt lat="25.016255" lon="121.52472"><time>2026-10-02T03:00:23Z</time><ele>11</ele><speed>17.06</speed></trkpt><trkpt lat="25.016219" lon="121.524745"><time>2026-10-02T03:00:24Z</time><ele>10</ele><speed>17.009</speed></trkpt><trkpt lat="25.016182" lon="121.524769"><time>2026-10-02T03:00:25Z</time><ele>10</ele><speed>17.068</speed></trkpt><trkpt lat="25.016145" lon="121.524794"><time>2026-10-02T03:00:26Z</time><ele>12</ele><speed>17.64</speed></trkpt><trkpt lat="25.016107" lon="121.524819"><time>2026-10-02T03:00:27Z</time><ele>9</ele><speed>17.453</speed></trkpt><trkpt lat="25.01607" lon="121.524846"><time>2026-10-02T03:00:28Z</time><ele>11</ele><speed>18.316</speed></trkpt><trkpt lat="25.016033" lon="121.524873"><time>2026-10-02T03:00:29Z</time><ele>11</ele><speed>17.491</speed></trkpt><trkpt lat="25.015996" lon="121.5249"><time>2026-10-02T03:00:30Z</time><ele>10</ele><speed>16.621</speed></trkpt><trkpt lat="25.01596" lon="121.524929"><time>2026-10-02T03:00:31Z</time><ele>10</ele><speed>17.147</speed></trkpt><trkpt lat="25.015927" lon="121.524958"><time>2026-10-02T03:00:32Z</time><ele>11</ele><speed>15.505</speed></trkpt><trkpt lat="25.015895" lon="121.524986"><time>2026-10-02T03:00:33Z</time><ele>12</ele><speed>15.482</speed></trkpt><trkpt lat="25.015866" lon="121.525011"><time>2026-10-02T03:00:34Z</time><ele>12</ele><speed>15.011</speed></trkpt><trkpt lat="25.015839" lon="121.525036"><time>2026-10-02T03:00:35Z</time><ele>10</ele><speed>15.022</speed></trkpt><trkpt lat="25.015812" lon="121.525063"><time>2026-10-02T03:00:36Z</time><ele>9</ele><speed>15.196</speed></trkpt><trkpt lat="25.015784" lon="121.525088"><time>2026-10-02T03:00:37Z</time><ele>9</ele><speed>15.768</speed></trkpt><trkpt lat="25.015753" lon="121.525111"><time>2026-10-02T03:00:38Z</time><ele>11</ele><speed>16.589</speed></trkpt><trkpt lat="25.015721" lon="121.525134"><time>2026-10-02T03:00:39Z</time><ele>9</ele><speed>16.855</speed></trkpt><trkpt lat="25.015686" lon="121.525158"><time>2026-10-02T03:00:40Z</time><ele>9</ele><speed>17.027</speed></trkpt><trkpt lat="25.01565" lon="121.525182"><time>2026-10-02T03:00:41Z</time><ele>10</ele><speed>16.742</speed></trkpt><trkpt lat="25.015615" lon="121.525206"><time>2026-10-02T03:00:42Z</time><ele>9</ele><speed>16.625</speed></trkpt><trkpt lat="25.015579" lon="121.525232"><time>2026-10-02T03:00:43Z</time><ele>9</ele><speed>17.366</speed></trkpt><trkpt lat="25.015543" lon="121.525256"><time>2026-10-02T03:00:44Z</time><ele>9</ele><speed>17.105</speed></trkpt><trkpt lat="25.015508" lon="121.52528"><time>2026-10-02T03:00:45Z</time><ele>10</ele><speed>16.983</speed></trkpt><trkpt lat="25.015475" lon="121.525304"><time>2026-10-02T03:00:46Z</time><ele>10</ele><speed>16.42</speed></trkpt><trkpt lat="25.015441" lon="121.525328"><time>2026-10-02T03:00:47Z</time><ele>9</ele><speed>17.354</speed></trkpt><trkpt lat="25.015406" lon="121.52535"><time>2026-10-02T03:00:48Z</time><ele>10</ele><speed>17.019</speed></trkpt><trkpt lat="25.01537" lon="121.525371"><time>2026-10-02T03:00:49Z</time><ele>9</ele><speed>17.11</speed></trkpt><trkpt lat="25.015336" lon="121.525393"><time>2026-10-02T03:00:50Z</time><ele>9</ele><speed>16.1</speed></trkpt><trkpt lat="25.015301" lon="121.525415"><time>2026-10-02T03:00:51Z</time><ele>9</ele><speed>16.333</speed></trkpt><trkpt lat="25.015264" lon="121.525436"><time>2026-10-02T03:00:52Z</time><ele>9</ele><speed>16.403</speed></trkpt><trkpt lat="25.015228" lon="121.525456"><time>2026-10-02T03:00:53Z</time><ele>9</ele><speed>15.752</speed></trkpt><trkpt lat="25.01519" lon="121.525478"><time>2026-10-02T03:00:54Z</time><ele>10</ele><speed>16.562</speed></trkpt><trkpt lat="25.015155" lon="121.5255"><time>2026-10-02T03:00:55Z</time><ele>10</ele><speed>16.842</speed></trkpt><trkpt lat="25.015119" lon="121.525521"><time>2026-10-02T03:00:56Z</time><ele>9</ele><speed>15.958</speed></trkpt><trkpt lat="25.015084" lon="121.525544"><time>2026-10-02T03:00:57Z</time><ele>9</ele><speed>15.327</speed></trkpt><trkpt lat="25.015048" lon="121.525566"><time>2026-10-02T03:00:58Z</time><ele>10</ele><speed>15.339</speed></trkpt><trkpt lat="25.015013" lon="121.525588"><time>2026-10-02T03:00:59Z</time><ele>10</ele><speed>14.981</speed></trkpt><trkpt lat="25.01498" lon="121.52561"><time>2026-10-02T03:01:00Z</time><ele>10</ele><speed>14.996</speed></trkpt><trkpt lat="25.014947" lon="121.52563"><time>2026-10-02T03:01:01Z</time><ele>9</ele><speed>14.809</speed></trkpt><trkpt lat="25.014914" lon="121.525651"><time>2026-10-02T03:01:02Z</time><ele>10</ele><speed>14.952</speed></trkpt><trkpt lat="25.014883" lon="121.525672"><time>2026-10-02T03:01:03Z</time><ele>10</ele><speed>14.666</speed></trkpt><trkpt lat="25.014851" lon="121.525693"><time>2026-10-02T03:01:04Z</time><ele>10</ele><speed>15.039</speed></trkpt><trkpt lat="25.014821" lon="121.525715"><time>2026-10-02T03:01:05Z</time><ele>10</ele><speed>14.781</speed></trkpt><trkpt lat="25.01479" lon="121.525737"><time>2026-10-02T03:01:06Z</time><ele>10</ele><speed>14.748</speed></trkpt><trkpt lat="25.01476" lon="121.525759"><time>2026-10-02T03:01:07Z</time><ele>10</ele><speed>14.605</speed></trkpt><trkpt lat="25.01473" lon="121.52578"><time>2026-10-02T03:01:08Z</time><ele>10</ele><speed>14.292</speed></trkpt><trkpt lat="25.014699" lon="121.5258"><time>2026-10-02T03:01:09Z</time><ele>10</ele><speed>14.25</speed></trkpt><trkpt lat="25.014668" lon="121.52582"><time>2026-10-02T03:01:10Z</time><ele>9</ele><speed>14.82</speed></trkpt><trkpt lat="25.014636" lon="121.52584"><time>2026-10-02T03:01:11Z</time><ele>9</ele><speed>14.598</speed></trkpt><trkpt lat="25.014604" lon="121.52586"><time>2026-10-02T03:01:12Z</time><ele>10</ele><speed>14.707</speed></trkpt><trkpt lat="25.014572" lon="121.525881"><time>2026-10-02T03:01:13Z</time><ele>10</ele><speed>15.33</speed></trkpt><trkpt lat="25.014541" lon="121.525905"><time>2026-10-02T03:01:14Z</time><ele>9</ele><speed>15.193</speed></trkpt><trkpt lat="25.014509" lon="121.525928"><time>2026-10-02T03:01:15Z</time><ele>9</ele><speed>15.832</speed></trkpt><trkpt lat="25.014475" lon="121.52595"><time>2026-10-02T03:01:16Z</time><ele>10</ele><speed>16.21</speed></trkpt><trkpt lat="25.01444" lon="121.525972"><time>2026-10-02T03:01:17Z</time><ele>10</ele><speed>16.314</speed></trkpt><trkpt lat="25.014408" lon="121.525995"><time>2026-10-02T03:01:18Z</time><ele>10</ele><speed>14.716</speed></trkpt><trkpt lat="25.014375" lon="121.526017"><time>2026-10-02T03:01:19Z</time><ele>10</ele><speed>14.669</speed></trkpt><trkpt lat="25.014341" lon="121.526037"><time>2026-10-02T03:01:20Z</time><ele>9</ele><speed>14.481</speed></trkpt><trkpt lat="25.014306" lon="121.526057"><time>2026-10-02T03:01:21Z</time><ele>9</ele><speed>15.096</speed></trkpt><trkpt lat="25.014274" lon="121.526079"><time>2026-10-02T03:01:22Z</time><ele>9</ele><speed>14.985</speed></trkpt><trkpt lat="25.014241" lon="121.526099"><time>2026-10-02T03:01:23Z</time><ele>9</ele><speed>15.237</speed></trkpt><trkpt lat="25.014207" lon="121.526117"><time>2026-10-02T03:01:24Z</time><ele>10</ele><speed>15.369</speed></trkpt><trkpt lat="25.014171" lon="121.526134"><time>2026-10-02T03:01:25Z</time><ele>9</ele><speed>15.697</speed></trkpt><trkpt lat="25.014133" lon="121.526152"><time>2026-10-02T03:01:26Z</time><ele>9</ele><speed>16.688</speed></trkpt><trkpt lat="25.014095" lon="121.526169"><time>2026-10-02T03:01:27Z</time><ele>9</ele><speed>16.315</speed></trkpt><trkpt lat="25.014053" lon="121.526189"><time>2026-10-02T03:01:28Z</time><ele>9</ele><speed>17.687</speed></trkpt><trkpt lat="25.014013" lon="121.526209"><time>2026-10-02T03:01:29Z</time><ele>10</ele><speed>16.467</speed></trkpt><trkpt lat="25.013974" lon="121.526228"><time>2026-10-02T03:01:30Z</time><ele>10</ele><speed>15.796</speed></trkpt><trkpt lat="25.013937" lon="121.526246"><time>2026-10-02T03:01:31Z</time><ele>10</ele><speed>14.735</speed></trkpt><trkpt lat="25.013902" lon="121.526266"><time>2026-10-02T03:01:32Z</time><ele>9</ele><speed>14.833</speed></trkpt><trkpt lat="25.013868" lon="121.526287"><time>2026-10-02T03:01:33Z</time><ele>9</ele><speed>16.03</speed></trkpt><trkpt lat="25.013837" lon="121.526309"><time>2026-10-02T03:01:34Z</time><ele>9</ele><speed>14.867</speed></trkpt><trkpt lat="25.013806" lon="121.52633"><time>2026-10-02T03:01:35Z</time><ele>9</ele><speed>14.382</speed></trkpt><trkpt lat="25.013774" lon="121.526352"><time>2026-10-02T03:01:36Z</time><ele>9</ele><speed>14.924</speed></trkpt><trkpt lat="25.013742" lon="121.526373"><time>2026-10-02T03:01:37Z</time><ele>9</ele><speed>14.591</speed></trkpt><trkpt lat="25.013709" lon="121.526394"><time>2026-10-02T03:01:38Z</time><ele>10</ele><speed>13.578</speed></trkpt><trkpt lat="25.01368" lon="121.526412"><time>2026-10-02T03:01:39Z</time><ele>9</ele><speed>11.34</speed></trkpt><trkpt lat="25.013652" lon="121.526425"><time>2026-10-02T03:01:40Z</time><ele>10</ele><speed>9.646</speed></trkpt><trkpt lat="25.013624" lon="121.526438"><time>2026-10-02T03:01:41Z</time><ele>10</ele><speed>10.536</speed></trkpt><trkpt lat="25.013598" lon="121.526452"><time>2026-10-02T03:01:42Z</time><ele>10</ele><speed>11.233</speed></trkpt><trkpt lat="25.013577" lon="121.526469"><time>2026-10-02T03:01:43Z</time><ele>10</ele><speed>11.558</speed></trkpt><trkpt lat="25.013559" lon="121.52649"><time>2026-10-02T03:01:44Z</time><ele>10</ele><speed>12.259</speed></trkpt><trkpt lat="25.013539" lon="121.526513"><time>2026-10-02T03:01:45Z</time><ele>10</ele><speed>13.322</speed></trkpt><trkpt lat="25.013518" lon="121.526538"><time>2026-10-02T03:01:46Z</time><ele>10</ele><speed>13.389</speed></trkpt><trkpt lat="25.013497" lon="121.526564"><time>2026-10-02T03:01:47Z</time><ele>10</ele><speed>14.103</speed></trkpt><trkpt lat="25.013472" lon="121.526589"><time>2026-10-02T03:01:48Z</time><ele>10</ele><speed>14.842</speed></trkpt><trkpt lat="25.013444" lon="121.526612"><time>2026-10-02T03:01:49Z</time><ele>10</ele><speed>15.532</speed></trkpt><trkpt lat="25.013413" lon="121.526634"><time>2026-10-02T03:01:50Z</time><ele>11</ele><speed>15.28</speed></trkpt><trkpt lat="25.013381" lon="121.526657"><time>2026-10-02T03:01:51Z</time><ele>10</ele><speed>15.772</speed></trkpt><trkpt lat="25.013348" lon="121.52668"><time>2026-10-02T03:01:52Z</time><ele>10</ele><speed>15.75</speed></trkpt><trkpt lat="25.013315" lon="121.526704"><time>2026-10-02T03:01:53Z</time><ele>10</ele><speed>15.475</speed></trkpt><trkpt lat="25.013281" lon="121.526726"><time>2026-10-02T03:01:54Z</time><ele>11</ele><speed>16.31</speed></trkpt><trkpt lat="25.013248" lon="121.526745"><time>2026-10-02T03:01:55Z</time><ele>10</ele><speed>15.332</speed></trkpt><trkpt lat="25.013211" lon="121.526756"><time>2026-10-02T03:01:56Z</time><ele>10</ele><speed>15.717</speed></trkpt><trkpt lat="25.013172" lon="121.526763"><time>2026-10-02T03:01:57Z</time><ele>9</ele><speed>15.554</speed></trkpt><trkpt lat="25.013134" lon="121.526769"><time>2026-10-02T03:01:58Z</time><ele>9</ele><speed>15.441</speed></trkpt><trkpt lat="25.013094" lon="121.526772"><time>2026-10-02T03:01:59Z</time><ele>11</ele><speed>15.435</speed></trkpt><trkpt lat="25.013053" lon="121.526773"><time>2026-10-02T03:02:00Z</time><ele>11</ele><speed>15.912</speed></trkpt><trkpt lat="25.013013" lon="121.526773"><time>2026-10-02T03:02:01Z</time><ele>10</ele><speed>15.499</speed></trkpt><trkpt lat="25.012973" lon="121.526774"><time>2026-10-02T03:02:02Z</time><ele>9</ele><speed>16.023</speed></trkpt><trkpt lat="25.012934" lon="121.526774"><time>2026-10-02T03:02:03Z</time><ele>10</ele><speed>15.608</speed></trkpt><trkpt lat="25.012894" lon="121.526772"><time>2026-10-02T03:02:04Z</time><ele>10</ele><speed>16.272</speed></trkpt><trkpt lat="25.012853" lon="121.526768"><time>2026-10-02T03:02:05Z</time><ele>9</ele><speed>16.887</speed></trkpt><trkpt lat="25.012811" lon="121.526763"><time>2026-10-02T03:02:06Z</time><ele>10</ele><speed>16.687</speed></trkpt><trkpt lat="25.01277" lon="121.526759"><time>2026-10-02T03:02:07Z</time><ele>9</ele><speed>15.686</speed></trkpt><trkpt lat="25.01273" lon="121.526757"><time>2026-10-02T03:02:08Z</time><ele>10</ele><speed>15.164</speed></trkpt><trkpt lat="25.012691" lon="121.526759"><time>2026-10-02T03:02:09Z</time><ele>10</ele><speed>14.767</speed></trkpt><trkpt lat="25.012653" lon="121.526762"><time>2026-10-02T03:02:10Z</time><ele>10</ele><speed>15.064</speed></trkpt><trkpt lat="25.012617" lon="121.526769"><time>2026-10-02T03:02:11Z</time><ele>10</ele><speed>14.735</speed></trkpt><trkpt lat="25.012582" lon="121.526778"><time>2026-10-02T03:02:12Z</time><ele>11</ele><speed>14.588</speed></trkpt><trkpt lat="25.012547" lon="121.526791"><time>2026-10-02T03:02:13Z</time><ele>11</ele><speed>14.479</speed></trkpt><trkpt lat="25.012515" lon="121.526808"><time>2026-10-02T03:02:14Z</time><ele>10</ele><speed>14.383</speed></trkpt><trkpt lat="25.012484" lon="121.526828"><time>2026-10-02T03:02:15Z</time><ele>9</ele><speed>14.771</speed></trkpt><trkpt lat="25.012455" lon="121.526852"><time>2026-10-02T03:02:16Z</time><ele>10</ele><speed>15.598</speed></trkpt><trkpt lat="25.012426" lon="121.526878"><time>2026-10-02T03:02:17Z</time><ele>10</ele><speed>15.962</speed></trkpt><trkpt lat="25.012398" lon="121.526909"><time>2026-10-02T03:02:18Z</time><ele>10</ele><speed>16.023</speed></trkpt><trkpt lat="25.012372" lon="121.526941"><time>2026-10-02T03:02:19Z</time><ele>10</ele><speed>15.824</speed></trkpt><trkpt lat="25.012346" lon="121.526973"><time>2026-10-02T03:02:20Z</time><ele>10</ele><speed>15.796</speed></trkpt><trkpt lat="25.012319" lon="121.527005"><time>2026-10-02T03:02:21Z</time><ele>9</ele><speed>15.773</speed></trkpt><trkpt lat="25.012292" lon="121.527036"><time>2026-10-02T03:02:22Z</time><ele>9</ele><speed>15.28</speed></trkpt><trkpt lat="25.012267" lon="121.527068"><time>2026-10-02T03:02:23Z</time><ele>11</ele><speed>14.842</speed></trkpt><trkpt lat="25.012244" lon="121.5271"><time>2026-10-02T03:02:24Z</time><ele>9</ele><speed>14.155</speed></trkpt><trkpt lat="25.012222" lon="121.52713"><time>2026-10-02T03:02:25Z</time><ele>9</ele><speed>13.884</speed></trkpt><trkpt lat="25.012199" lon="121.527161"><time>2026-10-02T03:02:26Z</time><ele>9</ele><speed>13.971</speed></trkpt><trkpt lat="25.012179" lon="121.527193"><time>2026-10-02T03:02:27Z</time><ele>10</ele><speed>14.324</speed></trkpt><trkpt lat="25.012158" lon="121.527225"><time>2026-10-02T03:02:28Z</time><ele>10</ele><speed>14.592</speed></trkpt><trkpt lat="25.012137" lon="121.527256"><time>2026-10-02T03:02:29Z</time><ele>9</ele><speed>14.214</speed></trkpt><trkpt lat="25.012115" lon="121.527287"><time>2026-10-02T03:02:30Z</time><ele>10</ele><speed>13.997</speed></trkpt><trkpt lat="25.012091" lon="121.527317"><time>2026-10-02T03:02:31Z</time><ele>9</ele><speed>14.1</speed></trkpt><trkpt lat="25.01207" lon="121.527348"><time>2026-10-02T03:02:32Z</time><ele>9</ele><speed>13.438</speed></trkpt><trkpt lat="25.012047" lon="121.527378"><time>2026-10-02T03:02:33Z</time><ele>9</ele><speed>13.741</speed></trkpt><trkpt lat="25.012028" lon="121.527408"><time>2026-10-02T03:02:34Z</time><ele>10</ele><speed>13.569</speed></trkpt><trkpt lat="25.012008" lon="121.527438"><time>2026-10-02T03:02:35Z</time><ele>10</ele><speed>14.011</speed></trkpt><trkpt lat="25.01199" lon="121.527469"><time>2026-10-02T03:02:36Z</time><ele>9</ele><speed>14.144</speed></trkpt><trkpt lat="25.011973" lon="121.527501"><time>2026-10-02T03:02:37Z</time><ele>9</ele><speed>14.371</speed></trkpt><trkpt lat="25.011957" lon="121.527535"><time>2026-10-02T03:02:38Z</time><ele>10</ele><speed>14.628</speed></trkpt><trkpt lat="25.01194" lon="121.527569"><time>2026-10-02T03:02:39Z</time><ele>10</ele><speed>14.991</speed></trkpt><trkpt lat="25.011924" lon="121.527604"><time>2026-10-02T03:02:40Z</time><ele>10</ele><speed>14.815</speed></trkpt><trkpt lat="25.011909" lon="121.527639"><time>2026-10-02T03:02:41Z</time><ele>11</ele><speed>14.219</speed></trkpt><trkpt lat="25.011895" lon="121.527677"><time>2026-10-02T03:02:42Z</time><ele>10</ele><speed>14.849</speed></trkpt><trkpt lat="25.011881" lon="121.527715"><time>2026-10-02T03:02:43Z</time><ele>10</ele><speed>14.408</speed></trkpt><trkpt lat="25.011868" lon="121.527753"><time>2026-10-02T03:02:44Z</time><ele>10</ele><speed>13.831</speed></trkpt><trkpt lat="25.011855" lon="121.527791"><time>2026-10-02T03:02:45Z</time><ele>11</ele><speed>13.637</speed></trkpt><trkpt lat="25.011843" lon="121.527828"><time>2026-10-02T03:02:46Z</time><ele>11</ele><speed>13.474</speed></trkpt><trkpt lat="25.011831" lon="121.527863"><time>2026-10-02T03:02:47Z</time><ele>12</ele><speed>12.675</speed></trkpt><trkpt lat="25.01182" lon="121.527896"><time>2026-10-02T03:02:48Z</time><ele>12</ele><speed>11.594</speed></trkpt><trkpt lat="25.011809" lon="121.527925"><time>2026-10-02T03:02:49Z</time><ele>12</ele><speed>10.55</speed></trkpt><trkpt lat="25.011795" lon="121.527953"><time>2026-10-02T03:02:50Z</time><ele>12</ele><speed>10.895</speed></trkpt><trkpt lat="25.011782" lon="121.527982"><time>2026-10-02T03:02:51Z</time><ele>12</ele><speed>12.043</speed></trkpt><trkpt lat="25.011769" lon="121.52801"><time>2026-10-02T03:02:52Z</time><ele>12</ele><speed>12.416</speed></trkpt><trkpt lat="25.011754" lon="121.528038"><time>2026-10-02T03:02:53Z</time><ele>12</ele><speed>12.347</speed></trkpt><trkpt lat="25.011736" lon="121.528066"><time>2026-10-02T03:02:54Z</time><ele>13</ele><speed>12.354</speed></trkpt><trkpt lat="25.011717" lon="121.528096"><time>2026-10-02T03:02:55Z</time><ele>13</ele><speed>12.293</speed></trkpt><trkpt lat="25.0117" lon="121.528125"><time>2026-10-02T03:02:56Z</time><ele>12</ele><speed>12.372</speed></trkpt><trkpt lat="25.01168" lon="121.528151"><time>2026-10-02T03:02:57Z</time><ele>13</ele><speed>12.42</speed></trkpt><trkpt lat="25.01166" lon="121.528177"><time>2026-10-02T03:02:58Z</time><ele>12</ele><speed>12.549</speed></trkpt><trkpt lat="25.01164" lon="121.528202"><time>2026-10-02T03:02:59Z</time><ele>11</ele><speed>12.514</speed></trkpt><trkpt lat="25.011577" lon="121.52823"><time>2026-10-02T03:03:02Z</time><ele>11</ele><speed>18.468</speed></trkpt><trkpt lat="25.011515" lon="121.52825"><time>2026-10-02T03:03:03Z</time><ele>13</ele><speed>18.197</speed></trkpt><trkpt lat="25.011467" lon="121.528265"><time>2026-10-02T03:03:04Z</time><ele>12</ele><speed>14.027</speed></trkpt><trkpt lat="25.011409" lon="121.528288"><time>2026-10-02T03:03:05Z</time><ele>12</ele><speed>13.986</speed></trkpt><trkpt lat="25.011354" lon="121.528303"><time>2026-10-02T03:03:06Z</time><ele>13</ele><speed>11.011</speed></trkpt><trkpt lat="25.011302" lon="121.528316"><time>2026-10-02T03:03:07Z</time><ele>13</ele><speed>9.062</speed></trkpt><trkpt lat="25.0113" lon="121.52834"><time>2026-10-02T03:03:11Z</time><ele>13</ele><speed>10.065</speed></trkpt><trkpt lat="25.011303" lon="121.528371"><time>2026-10-02T03:03:12Z</time><ele>13</ele><speed>10.387</speed></trkpt><trkpt lat="25.011298" lon="121.528411"><time>2026-10-02T03:03:13Z</time><ele>13</ele><speed>11.64</speed></trkpt><trkpt lat="25.011309" lon="121.528441"><time>2026-10-02T03:03:14Z</time><ele>14</ele><speed>10.47</speed></trkpt><trkpt lat="25.011323" lon="121.528479"><time>2026-10-02T03:03:15Z</time><ele>14</ele><speed>10.468</speed></trkpt><trkpt lat="25.011344" lon="121.528518"><time>2026-10-02T03:03:16Z</time><ele>12</ele><speed>11.087</speed></trkpt><trkpt lat="25.011362" lon="121.528541"><time>2026-10-02T03:03:17Z</time><ele>13</ele><speed>9.817</speed></trkpt><trkpt lat="25.011378" lon="121.528563"><time>2026-10-02T03:03:18Z</time><ele>13</ele><speed>7.524</speed></trkpt><trkpt lat="25.011391" lon="121.528579"><time>2026-10-02T03:03:19Z</time><ele>13</ele><speed>4.164</speed></trkpt><trkpt lat="25.011408" lon="121.528593"><time>2026-10-02T03:03:56Z</time><ele>13</ele><speed>2.528</speed></trkpt><trkpt lat="25.011417" lon="121.528611"><time>2026-10-02T03:04:52Z</time><ele>16</ele><speed>4.082</speed></trkpt><trkpt lat="25.011443" lon="121.528633"><time>2026-10-02T03:07:19Z</time><ele>14</ele><speed>3.746</speed></trkpt><trkpt lat="25.011475" lon="121.528651"><time>2026-10-02T03:07:20Z</time><ele>14</ele><speed>6.397</speed></trkpt><trkpt lat="25.011509" lon="121.528664"><time>2026-10-02T03:07:21Z</time><ele>14</ele><speed>7.348</speed></trkpt><trkpt lat="25.011548" lon="121.52867"><time>2026-10-02T03:07:22Z</time><ele>14</ele><speed>9.66</speed></trkpt><trkpt lat="25.011585" lon="121.528673"><time>2026-10-02T03:07:23Z</time><ele>14</ele><speed>9.998</speed></trkpt><trkpt lat="25.011629" lon="121.528667"><time>2026-10-02T03:07:24Z</time><ele>14</ele><speed>10.487</speed></trkpt><trkpt lat="25.011659" lon="121.528645"><time>2026-10-02T03:07:25Z</time><ele>13</ele><speed>12.248</speed></trkpt><trkpt lat="25.011683" lon="121.528621"><time>2026-10-02T03:07:26Z</time><ele>13</ele><speed>11.959</speed></trkpt><trkpt lat="25.011709" lon="121.528598"><time>2026-10-02T03:07:27Z</time><ele>14</ele><speed>11.113</speed></trkpt><trkpt lat="25.01173" lon="121.528577"><time>2026-10-02T03:07:28Z</time><ele>14</ele><speed>10.898</speed></trkpt><trkpt lat="25.011753" lon="121.528559"><time>2026-10-02T03:07:29Z</time><ele>13</ele><speed>11.601</speed></trkpt><trkpt lat="25.011776" lon="121.528535"><time>2026-10-02T03:07:30Z</time><ele>13</ele><speed>12.656</speed></trkpt><trkpt lat="25.011797" lon="121.528516"><time>2026-10-02T03:07:31Z</time><ele>13</ele><speed>13.38</speed></trkpt><trkpt lat="25.011821" lon="121.528492"><time>2026-10-02T03:07:32Z</time><ele>13</ele><speed>13.729</speed></trkpt><trkpt lat="25.011844" lon="121.528466"><time>2026-10-02T03:07:33Z</time><ele>13</ele><speed>11.057</speed></trkpt><trkpt lat="25.011867" lon="121.528439"><time>2026-10-02T03:07:34Z</time><ele>13</ele><speed>10.813</speed></trkpt><trkpt lat="25.011889" lon="121.528416"><time>2026-10-02T03:07:35Z</time><ele>13</ele><speed>9.893</speed></trkpt><trkpt lat="25.011913" lon="121.528399"><time>2026-10-02T03:07:36Z</time><ele>12</ele><speed>10.86</speed></trkpt><trkpt lat="25.011937" lon="121.528391"><time>2026-10-02T03:07:37Z</time><ele>13</ele><speed>10.695</speed></trkpt><trkpt lat="25.011962" lon="121.528394"><time>2026-10-02T03:07:38Z</time><ele>14</ele><speed>11.841</speed></trkpt><trkpt lat="25.01199" lon="121.52842"><time>2026-10-02T03:07:39Z</time><ele>12</ele><speed>12.997</speed></trkpt><trkpt lat="25.012022" lon="121.528471"><time>2026-10-02T03:07:40Z</time><ele>13</ele><speed>17.052</speed></trkpt><trkpt lat="25.012055" lon="121.528529"><time>2026-10-02T03:07:41Z</time><ele>13</ele><speed>17.608</speed></trkpt><trkpt lat="25.012089" lon="121.528597"><time>2026-10-02T03:07:42Z</time><ele>14</ele><speed>18.769</speed></trkpt><trkpt lat="25.012126" lon="121.528664"><time>2026-10-02T03:07:43Z</time><ele>14</ele><speed>18.941</speed></trkpt><trkpt lat="25.012161" lon="121.528736"><time>2026-10-02T03:07:44Z</time><ele>14</ele><speed>18.755</speed></trkpt><trkpt lat="25.012195" lon="121.528794"><time>2026-10-02T03:07:45Z</time><ele>14</ele><speed>17.546</speed></trkpt><trkpt lat="25.012231" lon="121.528836"><time>2026-10-02T03:07:46Z</time><ele>14</ele><speed>17.73</speed></trkpt><trkpt lat="25.012266" lon="121.528877"><time>2026-10-02T03:07:47Z</time><ele>14</ele><speed>17.872</speed></trkpt><trkpt lat="25.0123" lon="121.528914"><time>2026-10-02T03:07:48Z</time><ele>14</ele><speed>17.094</speed></trkpt><trkpt lat="25.012329" lon="121.528951"><time>2026-10-02T03:07:49Z</time><ele>14</ele><speed>16.718</speed></trkpt><trkpt lat="25.012359" lon="121.52899"><time>2026-10-02T03:07:50Z</time><ele>14</ele><speed>17.622</speed></trkpt><trkpt lat="25.01239" lon="121.529029"><time>2026-10-02T03:07:51Z</time><ele>15</ele><speed>17.027</speed></trkpt><trkpt lat="25.012426" lon="121.529071"><time>2026-10-02T03:07:52Z</time><ele>15</ele><speed>18.388</speed></trkpt><trkpt lat="25.012457" lon="121.529111"><time>2026-10-02T03:07:53Z</time><ele>15</ele><speed>17.057</speed></trkpt><trkpt lat="25.012488" lon="121.52915"><time>2026-10-02T03:07:54Z</time><ele>15</ele><speed>16.235</speed></trkpt><trkpt lat="25.012517" lon="121.529186"><time>2026-10-02T03:07:55Z</time><ele>15</ele><speed>14.926</speed></trkpt><trkpt lat="25.012543" lon="121.52922"><time>2026-10-02T03:07:56Z</time><ele>15</ele><speed>15.239</speed></trkpt><trkpt lat="25.012569" lon="121.529254"><time>2026-10-02T03:07:57Z</time><ele>15</ele><speed>16.916</speed></trkpt><trkpt lat="25.012584" lon="121.529281"><time>2026-10-02T03:07:58Z</time><ele>15</ele><speed>15.467</speed></trkpt><trkpt lat="25.012603" lon="121.529307"><time>2026-10-02T03:07:59Z</time><ele>15</ele><speed>15.989</speed></trkpt><trkpt lat="25.012621" lon="121.529333"><time>2026-10-02T03:08:00Z</time><ele>15</ele><speed>15.618</speed></trkpt><trkpt lat="25.012638" lon="121.529361"><time>2026-10-02T03:08:01Z</time><ele>15</ele><speed>13.733</speed></trkpt><trkpt lat="25.012658" lon="121.529386"><time>2026-10-02T03:08:02Z</time><ele>15</ele><speed>14.048</speed></trkpt><trkpt lat="25.01268" lon="121.529413"><time>2026-10-02T03:08:03Z</time><ele>16</ele><speed>14.948</speed></trkpt><trkpt lat="25.012704" lon="121.529443"><time>2026-10-02T03:08:04Z</time><ele>15</ele><speed>15.016</speed></trkpt><trkpt lat="25.012732" lon="121.529472"><time>2026-10-02T03:08:05Z</time><ele>15</ele><speed>16.206</speed></trkpt><trkpt lat="25.012764" lon="121.529502"><time>2026-10-02T03:08:06Z</time><ele>15</ele><speed>16.006</speed></trkpt><trkpt lat="25.012801" lon="121.529533"><time>2026-10-02T03:08:07Z</time><ele>15</ele><speed>15.797</speed></trkpt><trkpt lat="25.012835" lon="121.529565"><time>2026-10-02T03:08:08Z</time><ele>15</ele><speed>15.415</speed></trkpt><trkpt lat="25.012868" lon="121.529594"><time>2026-10-02T03:08:09Z</time><ele>15</ele><speed>15.22</speed></trkpt><trkpt lat="25.012901" lon="121.529623"><time>2026-10-02T03:08:10Z</time><ele>15</ele><speed>14.498</speed></trkpt><trkpt lat="25.012928" lon="121.529652"><time>2026-10-02T03:08:11Z</time><ele>15</ele><speed>13.936</speed></trkpt><trkpt lat="25.012952" lon="121.529681"><time>2026-10-02T03:08:12Z</time><ele>16</ele><speed>14.223</speed></trkpt><trkpt lat="25.012976" lon="121.52971"><time>2026-10-02T03:08:13Z</time><ele>16</ele><speed>14.393</speed></trkpt><trkpt lat="25.013001" lon="121.529739"><time>2026-10-02T03:08:14Z</time><ele>16</ele><speed>14.233</speed></trkpt><trkpt lat="25.013024" lon="121.529766"><time>2026-10-02T03:08:15Z</time><ele>16</ele><speed>13.638</speed></trkpt><trkpt lat="25.013047" lon="121.529794"><time>2026-10-02T03:08:16Z</time><ele>16</ele><speed>13.574</speed></trkpt><trkpt lat="25.013077" lon="121.529822"><time>2026-10-02T03:08:17Z</time><ele>16</ele><speed>14.853</speed></trkpt><trkpt lat="25.013109" lon="121.529847"><time>2026-10-02T03:08:18Z</time><ele>15</ele><speed>14.653</speed></trkpt><trkpt lat="25.013137" lon="121.529872"><time>2026-10-02T03:08:19Z</time><ele>15</ele><speed>14.065</speed></trkpt><trkpt lat="25.013166" lon="121.529899"><time>2026-10-02T03:08:20Z</time><ele>15</ele><speed>14.794</speed></trkpt><trkpt lat="25.013197" lon="121.529926"><time>2026-10-02T03:08:21Z</time><ele>15</ele><speed>14.162</speed></trkpt><trkpt lat="25.013227" lon="121.529953"><time>2026-10-02T03:08:22Z</time><ele>15</ele><speed>14.537</speed></trkpt><trkpt lat="25.013257" lon="121.529982"><time>2026-10-02T03:08:23Z</time><ele>15</ele><speed>15.567</speed></trkpt><trkpt lat="25.013294" lon="121.530015"><time>2026-10-02T03:08:24Z</time><ele>15</ele><speed>17.044</speed></trkpt><trkpt lat="25.013331" lon="121.530055"><time>2026-10-02T03:08:25Z</time><ele>14</ele><speed>17.447</speed></trkpt><trkpt lat="25.013356" lon="121.530093"><time>2026-10-02T03:08:26Z</time><ele>14</ele><speed>15.147</speed></trkpt><trkpt lat="25.013376" lon="121.530129"><time>2026-10-02T03:08:27Z</time><ele>14</ele><speed>13.091</speed></trkpt><trkpt lat="25.013393" lon="121.530161"><time>2026-10-02T03:08:28Z</time><ele>15</ele><speed>9.874</speed></trkpt><trkpt lat="25.013394" lon="121.530196"><time>2026-10-02T03:08:29Z</time><ele>14</ele><speed>8.012</speed></trkpt><trkpt lat="25.013382" lon="121.530224"><time>2026-10-02T03:08:30Z</time><ele>16</ele><speed>7.501</speed></trkpt><trkpt lat="25.013376" lon="121.530246"><time>2026-10-02T03:08:31Z</time><ele>14</ele><speed>8.169</speed></trkpt><trkpt lat="25.013375" lon="121.530268"><time>2026-10-02T03:08:32Z</time><ele>15</ele><speed>8.084</speed></trkpt><trkpt lat="25.013371" lon="121.53029"><time>2026-10-02T03:08:33Z</time><ele>15</ele><speed>6.615</speed></trkpt><trkpt lat="25.013366" lon="121.530313"><time>2026-10-02T03:08:34Z</time><ele>15</ele><speed>6.019</speed></trkpt><trkpt lat="25.013364" lon="121.530283"><time>2026-10-02T03:10:10Z</time><ele>15</ele><speed>1.363</speed></trkpt><trkpt lat="25.01336" lon="121.530252"><time>2026-10-02T03:10:11Z</time><ele>15</ele><speed>1.628</speed></trkpt><trkpt lat="25.013351" lon="121.530217"><time>2026-10-02T03:10:12Z</time><ele>15</ele><speed>0.0</speed></trkpt><trkpt lat="25.013343" lon="121.530179"><time>2026-10-02T03:10:13Z</time><ele>4</ele><speed>0.0</speed></trkpt><trkpt lat="25.013337" lon="121.530137"><time>2026-10-02T03:10:14Z</time><ele>4</ele><speed>0.0</speed></trkpt><trkpt lat="25.013333" lon="121.530094"><time>2026-10-02T03:10:15Z</time><ele>4</ele><speed>0.0</speed></trkpt><trkpt lat="25.013335" lon="121.530125"><time>2026-10-02T03:10:52Z</time><ele>14</ele><speed>2.169</speed></trkpt><trkpt lat="25.013335" lon="121.530159"><time>2026-10-02T03:10:53Z</time><ele>13</ele><speed>4.515</speed></trkpt><trkpt lat="25.013333" lon="121.530193"><time>2026-10-02T03:10:54Z</time><ele>14</ele><speed>4.68</speed></trkpt><trkpt lat="25.01333" lon="121.53023"><time>2026-10-02T03:10:55Z</time><ele>14</ele><speed>4.207</speed></trkpt><trkpt lat="25.013326" lon="121.530265"><time>2026-10-02T03:10:56Z</time><ele>14</ele><speed>2.995</speed></trkpt><trkpt lat="25.013321" lon="121.530303"><time>2026-10-02T03:10:57Z</time><ele>14</ele><speed>2.381</speed></trkpt><trkpt lat="25.013337" lon="121.530317"><time>2026-10-02T03:11:13Z</time><ele>14</ele><speed>3.675</speed></trkpt><trkpt lat="25.013358" lon="121.530326"><time>2026-10-02T03:11:14Z</time><ele>14</ele><speed>4.231</speed></trkpt><trkpt lat="25.013382" lon="121.530335"><time>2026-10-02T03:11:15Z</time><ele>14</ele><speed>4.311</speed></trkpt><trkpt lat="25.013408" lon="121.530342"><time>2026-10-02T03:11:16Z</time><ele>14</ele><speed>2.851</speed></trkpt><trkpt lat="25.013437" lon="121.530352"><time>2026-10-02T03:11:17Z</time><ele>14</ele><speed>3.891</speed></trkpt><trkpt lat="25.013468" lon="121.530361"><time>2026-10-02T03:11:18Z</time><ele>14</ele><speed>3.852</speed></trkpt><trkpt lat="25.013481" lon="121.530377"><time>2026-10-02T03:11:24Z</time><ele>14</ele><speed>5.224</speed></trkpt><trkpt lat="25.013493" lon="121.530391"><time>2026-10-02T03:11:25Z</time><ele>14</ele><speed>4.318</speed></trkpt><trkpt lat="25.013504" lon="121.530411"><time>2026-10-02T03:11:26Z</time><ele>14</ele><speed>5.394</speed></trkpt><trkpt lat="25.013514" lon="121.530432"><time>2026-10-02T03:11:27Z</time><ele>14</ele><speed>4.582</speed></trkpt><trkpt lat="25.013523" lon="121.530452"><time>2026-10-02T03:11:28Z</time><ele>14</ele><speed>4.178</speed></trkpt><trkpt lat="25.013534" lon="121.530473"><time>2026-10-02T03:11:29Z</time><ele>14</ele><speed>4.324</speed></trkpt><trkpt lat="25.013544" lon="121.53049"><time>2026-10-02T03:11:36Z</time><ele>14</ele><speed>2.858</speed></trkpt><trkpt lat="25.013555" lon="121.530507"><time>2026-10-02T03:11:39Z</time><ele>14</ele><speed>3.217</speed></trkpt><trkpt lat="25.01357" lon="121.530525"><time>2026-10-02T03:11:41Z</time><ele>14</ele><speed>5.459</speed></trkpt><trkpt lat="25.013587" lon="121.530543"><time>2026-10-02T03:11:42Z</time><ele>14</ele><speed>4.884</speed></trkpt><trkpt lat="25.013606" lon="121.530558"><time>2026-10-02T03:11:43Z</time><ele>14</ele><speed>4.637</speed></trkpt><trkpt lat="25.013624" lon="121.530575"><time>2026-10-02T03:11:44Z</time><ele>13</ele><speed>4.566</speed></trkpt><trkpt lat="25.013639" lon="121.530588"><time>2026-10-02T03:11:46Z</time><ele>14</ele><speed>4.47</speed></trkpt><trkpt lat="25.013652" lon="121.530602"><time>2026-10-02T03:11:47Z</time><ele>14</ele><speed>4.709</speed></trkpt><trkpt lat="25.013668" lon="121.530618"><time>2026-10-02T03:11:51Z</time><ele>13</ele><speed>4.42</speed></trkpt><trkpt lat="25.013681" lon="121.530634"><time>2026-10-02T03:11:52Z</time><ele>14</ele><speed>4.138</speed></trkpt><trkpt lat="25.013694" lon="121.530651"><time>2026-10-02T03:11:53Z</time><ele>14</ele><speed>4.371</speed></trkpt><trkpt lat="25.013706" lon="121.530669"><time>2026-10-02T03:11:54Z</time><ele>13</ele><speed>4.637</speed></trkpt><trkpt lat="25.013716" lon="121.530686"><time>2026-10-02T03:11:55Z</time><ele>13</ele><speed>4.69</speed></trkpt><trkpt lat="25.013726" lon="121.530704"><time>2026-10-02T03:11:56Z</time><ele>13</ele><speed>5.323</speed></trkpt><trkpt lat="25.013735" lon="121.530721"><time>2026-10-02T03:11:59Z</time><ele>14</ele><speed>5.397</speed></trkpt><trkpt lat="25.013748" lon="121.530736"><time>2026-10-02T03:12:00Z</time><ele>14</ele><speed>4.954</speed></trkpt><trkpt lat="25.013761" lon="121.530751"><time>2026-10-02T03:12:01Z</time><ele>14</ele><speed>5.261</speed></trkpt><trkpt lat="25.013776" lon="121.530765"><time>2026-10-02T03:12:02Z</time><ele>13</ele><speed>5.066</speed></trkpt><trkpt lat="25.013794" lon="121.530776"><time>2026-10-02T03:12:03Z</time><ele>14</ele><speed>4.638</speed></trkpt><trkpt lat="25.01381" lon="121.530786"><time>2026-10-02T03:12:04Z</time><ele>14</ele><speed>4.702</speed></trkpt><trkpt lat="25.013832" lon="121.530793"><time>2026-10-02T03:12:07Z</time><ele>14</ele><speed>5.443</speed></trkpt><trkpt lat="25.013853" lon="121.5308"><time>2026-10-02T03:12:08Z</time><ele>14</ele><speed>5.561</speed></trkpt><trkpt lat="25.013872" lon="121.530804"><time>2026-10-02T03:12:09Z</time><ele>14</ele><speed>5.216</speed></trkpt><trkpt lat="25.01389" lon="121.530811"><time>2026-10-02T03:12:10Z</time><ele>14</ele><speed>4.83</speed></trkpt><trkpt lat="25.013908" lon="121.530818"><time>2026-10-02T03:12:11Z</time><ele>14</ele><speed>5.09</speed></trkpt><trkpt lat="25.013927" lon="121.530825"><time>2026-10-02T03:12:12Z</time><ele>14</ele><speed>4.897</speed></trkpt><trkpt lat="25.013937" lon="121.530845"><time>2026-10-02T03:12:23Z</time><ele>14</ele><speed>4.675</speed></trkpt><trkpt lat="25.013945" lon="121.530866"><time>2026-10-02T03:12:24Z</time><ele>14</ele><speed>4.187</speed></trkpt><trkpt lat="25.013951" lon="121.530892"><time>2026-10-02T03:12:25Z</time><ele>14</ele><speed>4.251</speed></trkpt><trkpt lat="25.013956" lon="121.53092"><time>2026-10-02T03:12:26Z</time><ele>14</ele><speed>3.931</speed></trkpt><trkpt lat="25.01396" lon="121.530947"><time>2026-10-02T03:12:27Z</time><ele>14</ele><speed>3.549</speed></trkpt><trkpt lat="25.013964" lon="121.530975"><time>2026-10-02T03:12:28Z</time><ele>14</ele><speed>4.254</speed></trkpt><trkpt lat="25.013973" lon="121.530993"><time>2026-10-02T03:12:31Z</time><ele>14</ele><speed>5.214</speed></trkpt><trkpt lat="25.013985" lon="121.531009"><time>2026-10-02T03:12:32Z</time><ele>14</ele><speed>5.25</speed></trkpt><trkpt lat="25.014" lon="121.531021"><time>2026-10-02T03:12:33Z</time><ele>14</ele><speed>5.211</speed></trkpt><trkpt lat="25.014018" lon="121.53103"><time>2026-10-02T03:12:35Z</time><ele>14</ele><speed>4.492</speed></trkpt><trkpt lat="25.014037" lon="121.53104"><time>2026-10-02T03:12:36Z</time><ele>14</ele><speed>4.886</speed></trkpt><trkpt lat="25.014056" lon="121.53105"><time>2026-10-02T03:12:37Z</time><ele>14</ele><speed>4.812</speed></trkpt><trkpt lat="25.014075" lon="121.531057"><time>2026-10-02T03:12:39Z</time><ele>14</ele><speed>5.407</speed></trkpt><trkpt lat="25.014091" lon="121.531068"><time>2026-10-02T03:12:40Z</time><ele>14</ele><speed>5.315</speed></trkpt><trkpt lat="25.014107" lon="121.53108"><time>2026-10-02T03:12:41Z</time><ele>14</ele><speed>5.264</speed></trkpt><trkpt lat="25.014125" lon="121.531092"><time>2026-10-02T03:12:43Z</time><ele>14</ele><speed>4.972</speed></trkpt><trkpt lat="25.014142" lon="121.531104"><time>2026-10-02T03:12:44Z</time><ele>14</ele><speed>4.863</speed></trkpt><trkpt lat="25.014158" lon="121.531121"><time>2026-10-02T03:12:45Z</time><ele>14</ele><speed>5.709</speed></trkpt><trkpt lat="25.014167" lon="121.531142"><time>2026-10-02T03:12:46Z</time><ele>14</ele><speed>5.682</speed></trkpt><trkpt lat="25.014171" lon="121.531163"><time>2026-10-02T03:12:54Z</time><ele>13</ele><speed>5.44</speed></trkpt><trkpt lat="25.014176" lon="121.531185"><time>2026-10-02T03:12:55Z</time><ele>13</ele><speed>5.637</speed></trkpt><trkpt lat="25.014175" lon="121.531209"><time>2026-10-02T03:12:56Z</time><ele>13</ele><speed>5.443</speed></trkpt><trkpt lat="25.014174" lon="121.531237"><time>2026-10-02T03:12:57Z</time><ele>13</ele><speed>6.981</speed></trkpt><trkpt lat="25.014174" lon="121.531258"><time>2026-10-02T03:12:58Z</time><ele>14</ele><speed>5.866</speed></trkpt><trkpt lat="25.014179" lon="121.53128"><time>2026-10-02T03:13:01Z</time><ele>15</ele><speed>4.711</speed></trkpt><trkpt lat="25.014182" lon="121.5313"><time>2026-10-02T03:13:03Z</time><ele>13</ele><speed>3.061</speed></trkpt><trkpt lat="25.014185" lon="121.53132"><time>2026-10-02T03:13:04Z</time><ele>13</ele><speed>3.19</speed></trkpt><trkpt lat="25.014191" lon="121.531339"><time>2026-10-02T03:13:06Z</time><ele>14</ele><speed>3.864</speed></trkpt><trkpt lat="25.014194" lon="121.531359"><time>2026-10-02T03:13:10Z</time><ele>14</ele><speed>4.262</speed></trkpt><trkpt lat="25.0142" lon="121.531379"><time>2026-10-02T03:13:11Z</time><ele>14</ele><speed>4.063</speed></trkpt><trkpt lat="25.01421" lon="121.5314"><time>2026-10-02T03:13:13Z</time><ele>14</ele><speed>5.62</speed></trkpt><trkpt lat="25.014224" lon="121.531418"><time>2026-10-02T03:13:14Z</time><ele>14</ele><speed>5.606</speed></trkpt><trkpt lat="25.014238" lon="121.531434"><time>2026-10-02T03:13:15Z</time><ele>15</ele><speed>4.202</speed></trkpt><trkpt lat="25.014253" lon="121.531453"><time>2026-10-02T03:13:18Z</time><ele>14</ele><speed>5.779</speed></trkpt><trkpt lat="25.014268" lon="121.531465"><time>2026-10-02T03:13:19Z</time><ele>14</ele><speed>3.504</speed></trkpt><trkpt lat="25.014286" lon="121.531475"><time>2026-10-02T03:13:21Z</time><ele>14</ele><speed>3.306</speed></trkpt><trkpt lat="25.014301" lon="121.531486"><time>2026-10-02T03:13:29Z</time><ele>15</ele><speed>4.968</speed></trkpt><trkpt lat="25.01432" lon="121.531499"><time>2026-10-02T03:13:30Z</time><ele>15</ele><speed>5.548</speed></trkpt><trkpt lat="25.014338" lon="121.531512"><time>2026-10-02T03:13:31Z</time><ele>15</ele><speed>4.174</speed></trkpt><trkpt lat="25.014352" lon="121.531523"><time>2026-10-02T03:13:32Z</time><ele>15</ele><speed>5.429</speed></trkpt><trkpt lat="25.014372" lon="121.531537"><time>2026-10-02T03:13:33Z</time><ele>15</ele><speed>5.892</speed></trkpt><trkpt lat="25.014387" lon="121.531551"><time>2026-10-02T03:13:34Z</time><ele>15</ele><speed>4.795</speed></trkpt><trkpt lat="25.0144" lon="121.531564"><time>2026-10-02T03:13:38Z</time><ele>15</ele><speed>4.142</speed></trkpt><trkpt lat="25.014416" lon="121.531578"><time>2026-10-02T03:13:41Z</time><ele>15</ele><speed>4.517</speed></trkpt><trkpt lat="25.01443" lon="121.531594"><time>2026-10-02T03:13:42Z</time><ele>15</ele><speed>4.628</speed></trkpt><trkpt lat="25.014446" lon="121.531609"><time>2026-10-02T03:13:43Z</time><ele>15</ele><speed>5.426</speed></trkpt><trkpt lat="25.014458" lon="121.531624"><time>2026-10-02T03:13:44Z</time><ele>15</ele><speed>4.872</speed></trkpt><trkpt lat="25.014471" lon="121.53164"><time>2026-10-02T03:13:45Z</time><ele>15</ele><speed>3.904</speed></trkpt><trkpt lat="25.014484" lon="121.531655"><time>2026-10-02T03:13:48Z</time><ele>15</ele><speed>4.57</speed></trkpt><trkpt lat="25.014497" lon="121.531671"><time>2026-10-02T03:13:51Z</time><ele>15</ele><speed>4.41</speed></trkpt><trkpt lat="25.01451" lon="121.531686"><time>2026-10-02T03:13:55Z</time><ele>15</ele><speed>3.61</speed></trkpt><trkpt lat="25.014525" lon="121.531701"><time>2026-10-02T03:13:57Z</time><ele>15</ele><speed>3.559</speed></trkpt><trkpt lat="25.014541" lon="121.531716"><time>2026-10-02T03:13:58Z</time><ele>15</ele><speed>3.666</speed></trkpt><trkpt lat="25.014558" lon="121.531732"><time>2026-10-02T03:13:59Z</time><ele>15</ele><speed>3.608</speed></trkpt><trkpt lat="25.014575" lon="121.531744"><time>2026-10-02T03:14:02Z</time><ele>15</ele><speed>3.314</speed></trkpt><trkpt lat="25.014592" lon="121.531754"><time>2026-10-02T03:14:05Z</time><ele>15</ele><speed>3.822</speed></trkpt><trkpt lat="25.01461" lon="121.531766"><time>2026-10-02T03:14:06Z</time><ele>15</ele><speed>3.268</speed></trkpt><trkpt lat="25.014625" lon="121.531778"><time>2026-10-02T03:14:08Z</time><ele>15</ele><speed>2.797</speed></trkpt><trkpt lat="25.014638" lon="121.531792"><time>2026-10-02T03:14:10Z</time><ele>15</ele><speed>3.907</speed></trkpt><trkpt lat="25.014654" lon="121.531805"><time>2026-10-02T03:14:12Z</time><ele>15</ele><speed>4.135</speed></trkpt><trkpt lat="25.014666" lon="121.53182"><time>2026-10-02T03:14:15Z</time><ele>15</ele><speed>3.957</speed></trkpt><trkpt lat="25.014675" lon="121.531839"><time>2026-10-02T03:14:17Z</time><ele>16</ele><speed>3.734</speed></trkpt><trkpt lat="25.014684" lon="121.531858"><time>2026-10-02T03:14:18Z</time><ele>15</ele><speed>3.526</speed></trkpt><trkpt lat="25.014695" lon="121.531875"><time>2026-10-02T03:14:20Z</time><ele>16</ele><speed>3.286</speed></trkpt><trkpt lat="25.014707" lon="121.53189"><time>2026-10-02T03:14:21Z</time><ele>16</ele><speed>3.883</speed></trkpt><trkpt lat="25.014719" lon="121.531907"><time>2026-10-02T03:14:22Z</time><ele>16</ele><speed>3.952</speed></trkpt><trkpt lat="25.014731" lon="121.531924"><time>2026-10-02T03:14:23Z</time><ele>15</ele><speed>3.883</speed></trkpt><trkpt lat="25.014745" lon="121.53194"><time>2026-10-02T03:14:25Z</time><ele>16</ele><speed>4.0</speed></trkpt><trkpt lat="25.014761" lon="121.531957"><time>2026-10-02T03:14:26Z</time><ele>16</ele><speed>3.581</speed></trkpt><trkpt lat="25.014773" lon="121.531976"><time>2026-10-02T03:14:29Z</time><ele>16</ele><speed>3.32</speed></trkpt><trkpt lat="25.014784" lon="121.531995"><time>2026-10-02T03:14:30Z</time><ele>16</ele><speed>3.664</speed></trkpt><trkpt lat="25.014793" lon="121.532012"><time>2026-10-02T03:14:31Z</time><ele>16</ele><speed>4.3</speed></trkpt><trkpt lat="25.014804" lon="121.532031"><time>2026-10-02T03:14:33Z</time><ele>16</ele><speed>4.812</speed></trkpt><trkpt lat="25.014815" lon="121.532049"><time>2026-10-02T03:14:36Z</time><ele>16</ele><speed>4.606</speed></trkpt><trkpt lat="25.014825" lon="121.532068"><time>2026-10-02T03:14:37Z</time><ele>16</ele><speed>4.771</speed></trkpt><trkpt lat="25.014838" lon="121.532084"><time>2026-10-02T03:14:38Z</time><ele>16</ele><speed>4.846</speed></trkpt><trkpt lat="25.014851" lon="121.5321"><time>2026-10-02T03:14:39Z</time><ele>16</ele><speed>4.659</speed></trkpt><trkpt lat="25.014864" lon="121.532116"><time>2026-10-02T03:14:40Z</time><ele>15</ele><speed>5.069</speed></trkpt><trkpt lat="25.01487" lon="121.532135"><time>2026-10-02T03:14:43Z</time><ele>14</ele><speed>5.627</speed></trkpt><trkpt lat="25.014865" lon="121.532156"><time>2026-10-02T03:14:47Z</time><ele>16</ele><speed>4.564</speed></trkpt><trkpt lat="25.014857" lon="121.532176"><time>2026-10-02T03:14:48Z</time><ele>18</ele><speed>3.395</speed></trkpt><trkpt lat="25.014847" lon="121.532197"><time>2026-10-02T03:14:51Z</time><ele>15</ele><speed>3.161</speed></trkpt><trkpt lat="25.014836" lon="121.532218"><time>2026-10-02T03:14:52Z</time><ele>17</ele><speed>3.574</speed></trkpt><trkpt lat="25.014823" lon="121.532241"><time>2026-10-02T03:14:53Z</time><ele>16</ele><speed>4.101</speed></trkpt><trkpt lat="25.014814" lon="121.532258"><time>2026-10-02T03:14:54Z</time><ele>16</ele><speed>4.52</speed></trkpt><trkpt lat="25.014812" lon="121.532278"><time>2026-10-02T03:15:01Z</time><ele>17</ele><speed>4.365</speed></trkpt><trkpt lat="25.014811" lon="121.532299"><time>2026-10-02T03:15:02Z</time><ele>16</ele><speed>3.846</speed></trkpt><trkpt lat="25.014811" lon="121.53232"><time>2026-10-02T03:15:03Z</time><ele>16</ele><speed>4.014</speed></trkpt><trkpt lat="25.014813" lon="121.532341"><time>2026-10-02T03:15:04Z</time><ele>16</ele><speed>4.604</speed></trkpt><trkpt lat="25.014814" lon="121.532363"><time>2026-10-02T03:15:05Z</time><ele>17</ele><speed>4.757</speed></trkpt><trkpt lat="25.014817" lon="121.532386"><time>2026-10-02T03:15:06Z</time><ele>17</ele><speed>4.866</speed></trkpt><trkpt lat="25.014821" lon="121.532406"><time>2026-10-02T03:15:09Z</time><ele>16</ele><speed>5.554</speed></trkpt><trkpt lat="25.014826" lon="121.532426"><time>2026-10-02T03:15:10Z</time><ele>16</ele><speed>5.563</speed></trkpt><trkpt lat="25.014832" lon="121.532445"><time>2026-10-02T03:15:11Z</time><ele>16</ele><speed>4.989</speed></trkpt><trkpt lat="25.014839" lon="121.532465"><time>2026-10-02T03:15:14Z</time><ele>16</ele><speed>4.069</speed></trkpt><trkpt lat="25.014845" lon="121.532484"><time>2026-10-02T03:15:15Z</time><ele>16</ele><speed>3.099</speed></trkpt><trkpt lat="25.01486" lon="121.532499"><time>2026-10-02T03:15:40Z</time><ele>16</ele><speed>3.726</speed></trkpt><trkpt lat="25.014875" lon="121.532514"><time>2026-10-02T03:15:43Z</time><ele>17</ele><speed>4.438</speed></trkpt><trkpt lat="25.014889" lon="121.53253"><time>2026-10-02T03:15:44Z</time><ele>17</ele><speed>4.783</speed></trkpt><trkpt lat="25.014904" lon="121.532546"><time>2026-10-02T03:15:45Z</time><ele>16</ele><speed>4.305</speed></trkpt><trkpt lat="25.014918" lon="121.532559"><time>2026-10-02T03:15:46Z</time><ele>16</ele><speed>4.066</speed></trkpt><trkpt lat="25.014935" lon="121.532572"><time>2026-10-02T03:15:47Z</time><ele>16</ele><speed>3.886</speed></trkpt><trkpt lat="25.01494" lon="121.532591"><time>2026-10-02T03:15:50Z</time><ele>16</ele><speed>3.318</speed></trkpt><trkpt lat="25.014959" lon="121.532587"><time>2026-10-02T03:16:39Z</time><ele>17</ele><speed>3.056</speed></trkpt><trkpt lat="25.014978" lon="121.532579"><time>2026-10-02T03:16:40Z</time><ele>17</ele><speed>3.887</speed></trkpt><trkpt lat="25.014997" lon="121.532568"><time>2026-10-02T03:16:41Z</time><ele>17</ele><speed>4.173</speed></trkpt><trkpt lat="25.015014" lon="121.532555"><time>2026-10-02T03:16:42Z</time><ele>16</ele><speed>4.64</speed></trkpt><trkpt lat="25.015028" lon="121.532539"><time>2026-10-02T03:16:43Z</time><ele>17</ele><speed>4.425</speed></trkpt><trkpt lat="25.015043" lon="121.532521"><time>2026-10-02T03:16:44Z</time><ele>17</ele><speed>4.629</speed></trkpt><trkpt lat="25.015051" lon="121.532541"><time>2026-10-02T03:16:57Z</time><ele>17</ele><speed>4.533</speed></trkpt><trkpt lat="25.015059" lon="121.532562"><time>2026-10-02T03:16:58Z</time><ele>17</ele><speed>4.136</speed></trkpt><trkpt lat="25.015065" lon="121.532587"><time>2026-10-02T03:16:59Z</time><ele>17</ele><speed>3.105</speed></trkpt><trkpt lat="25.015073" lon="121.532614"><time>2026-10-02T03:17:00Z</time><ele>17</ele><speed>2.773</speed></trkpt><trkpt lat="25.015082" lon="121.532643"><time>2026-10-02T03:17:01Z</time><ele>17</ele><speed>2.473</speed></trkpt><trkpt lat="25.015094" lon="121.532673"><time>2026-10-02T03:17:02Z</time><ele>17</ele><speed>3.955</speed></trkpt><trkpt lat="25.015102" lon="121.532693"><time>2026-10-02T03:17:07Z</time><ele>17</ele><speed>4.865</speed></trkpt><trkpt lat="25.015128" lon="121.53271"><time>2026-10-02T03:17:21Z</time><ele>17</ele><speed>1.506</speed></trkpt><trkpt lat="25.015156" lon="121.532724"><time>2026-10-02T03:17:22Z</time><ele>17</ele><speed>1.376</speed></trkpt><trkpt lat="25.015185" lon="121.532736"><time>2026-10-02T03:17:23Z</time><ele>17</ele><speed>1.457</speed></trkpt><trkpt lat="25.015217" lon="121.532745"><time>2026-10-02T03:17:24Z</time><ele>17</ele><speed>1.563</speed></trkpt><trkpt lat="25.015248" lon="121.532751"><time>2026-10-02T03:17:25Z</time><ele>17</ele><speed>1.644</speed></trkpt><trkpt lat="25.015275" lon="121.532744"><time>2026-10-02T03:17:26Z</time><ele>17</ele><speed>1.235</speed></trkpt><trkpt lat="25.015292" lon="121.532737"><time>2026-10-02T03:17:31Z</time><ele>17</ele><speed>3.768</speed></trkpt><trkpt lat="25.015311" lon="121.532729"><time>2026-10-02T03:17:33Z</time><ele>17</ele><speed>3.885</speed></trkpt><trkpt lat="25.015329" lon="121.532722"><time>2026-10-02T03:17:34Z</time><ele>17</ele><speed>3.481</speed></trkpt><trkpt lat="25.015356" lon="121.532712"><time>2026-10-02T03:17:58Z</time><ele>17</ele><speed>2.479</speed></trkpt><trkpt lat="25.015383" lon="121.532704"><time>2026-10-02T03:17:59Z</time><ele>17</ele><speed>2.497</speed></trkpt><trkpt lat="25.01541" lon="121.532681"><time>2026-10-02T03:19:34Z</time><ele>15</ele><speed>0.0</speed></trkpt></trkseg></trk></gpx>