<?xml version="1.0" encoding="UTF-8" standalone="no" ?><gpx xmlns="http://www.topografix.com/GPX/1/1" creator="xplovaLib" version="1.1" xmlns:xsi="http://www.w3.org/2001/XMLSchema-instance" xsi:schemaLocation="http://www.topografix.com/GPX/1/1 http://www.topografix.com/GPX/1/1/gpx.xsd"><trk><name>2026-10-02 14:21</name><trkseg><trkpt lat="25.013229" lon="121.529928"><time>2026-10-02T06:21:07Z</time><ele>17</ele><speed>0.0</speed></trkpt><trkpt lat="25.013272" lon="121.529915"><time>2026-10-02T06:21:46Z</time><ele>15</ele><speed>1.484</speed></trkpt><trkpt lat="25.01329" lon="121.529914"><time>2026-10-02T06:21:50Z</time><ele>15</ele><speed>3.213</speed></trkpt><trkpt lat="25.013301" lon="121.529933"><time>2026-10-02T06:21:55Z</time><ele>15</ele><speed>5.819</speed></trkpt><trkpt lat="25.013313" lon="121.52995"><time>2026-10-02T06:21:56Z</time><ele>15</ele><speed>9.565</speed></trkpt><trkpt lat="25.013325" lon="121.529966"><time>2026-10-02T06:21:57Z</time><ele>15</ele><speed>9.304</speed></trkpt><trkpt lat="25.013352" lon="121.529988"><time>2026-10-02T06:21:58Z</time><ele>15</ele><speed>8.641</speed></trkpt><trkpt lat="25.013369" lon="121.530014"><time>2026-10-02T06:21:59Z</time><ele>15</ele><speed>7.711</speed></trkpt><trkpt lat="25.013385" lon="121.530047"><time>2026-10-02T06:22:00Z</time><ele>15</ele><speed>9.087</speed></trkpt><trkpt lat="25.013401" lon="121.530075"><time>2026-10-02T06:22:01Z</time><ele>15</ele><speed>10.523</speed></trkpt><trkpt lat="25.013414" lon="121.530106"><time>2026-10-02T06:22:02Z</time><ele>15</ele><speed>11.056</speed></trkpt><trkpt lat="25.013426" lon="121.530141"><time>2026-10-02T06:22:03Z</time><ele>15</ele><speed>12.798</speed></trkpt><trkpt lat="25.013439" lon="121.530176"><time>2026-10-02T06:22:04Z</time><ele>14</ele><speed>11.681</speed></trkpt><trkpt lat="25.01345" lon="121.530217"><time>2026-10-02T06:22:05Z</time><ele>14</ele><speed>11.888</speed></trkpt><trkpt lat="25.013463" lon="121.530255"><time>2026-10-02T06:22:06Z</time><ele>15</ele><speed>13.038</speed></trkpt><trkpt lat="25.013479" lon="121.530291"><time>2026-10-02T06:22:07Z</time><ele>14</ele><speed>14.097</speed></trkpt><trkpt lat="25.013497" lon="121.530326"><time>2026-10-02T06:22:08Z</time><ele>15</ele><speed>14.246</speed></trkpt><trkpt lat="25.013514" lon="121.530359"><time>2026-10-02T06:22:09Z</time><ele>15</ele><speed>13.308</speed></trkpt><trkpt lat="25.013533" lon="121.530395"><time>2026-10-02T06:22:10Z</time><ele>15</ele><speed>14.677</speed></trkpt><trkpt lat="25.013555" lon="121.530431"><time>2026-10-02T06:22:11Z</time><ele>15</ele><speed>14.678</speed></trkpt><trkpt lat="25.013576" lon="121.530468"><time>2026-10-02T06:22:12Z</time><ele>15</ele><speed>13.845</speed></trkpt><trkpt lat="25.013597" lon="121.530501"><time>2026-10-02T06:22:13Z</time><ele>15</ele><speed>13.755</speed></trkpt><trkpt lat="25.013617" lon="121.530534"><time>2026-10-02T06:22:14Z</time><ele>15</ele><speed>13.16</speed></trkpt><trkpt lat="25.013638" lon="121.530567"><time>2026-10-02T06:22:15Z</time><ele>15</ele><speed>13.272</speed></trkpt><trkpt lat="25.013658" lon="121.530601"><time>2026-10-02T06:22:16Z</time><ele>14</ele><speed>14.736</speed></trkpt><trkpt lat="25.013679" lon="121.530632"><time>2026-10-02T06:22:17Z</time><ele>14</ele><speed>14.046</speed></trkpt><trkpt lat="25.0137" lon="121.530664"><time>2026-10-02T06:22:18Z</time><ele>14</ele><speed>13.49</speed></trkpt><trkpt lat="25.013724" lon="121.530695"><time>2026-10-02T06:22:19Z</time><ele>14</ele><speed>12.897</speed></trkpt><trkpt lat="25.01375" lon="121.530723"><time>2026-10-02T06:22:20Z</time><ele>14</ele><speed>12.591</speed></trkpt><trkpt lat="25.013777" lon="121.53075"><time>2026-10-02T06:22:21Z</time><ele>14</ele><speed>12.724</speed></trkpt><trkpt lat="25.013804" lon="121.530776"><time>2026-10-02T06:22:22Z</time><ele>14</ele><speed>13.43</speed></trkpt><trkpt lat="25.01383" lon="121.530804"><time>2026-10-02T06:22:23Z</time><ele>15</ele><speed>13.204</speed></trkpt><trkpt lat="25.01386" lon="121.530833"><time>2026-10-02T06:22:24Z</time><ele>15</ele><speed>15.395</speed></trkpt><trkpt lat="25.01389" lon="121.530864"><time>2026-10-02T06:22:25Z</time><ele>15</ele><speed>16.357</speed></trkpt><trkpt lat="25.01392" lon="121.530897"><time>2026-10-02T06:22:26Z</time><ele>15</ele><speed>15.879</speed></trkpt><trkpt lat="25.013954" lon="121.530931"><time>2026-10-02T06:22:27Z</time><ele>15</ele><speed>15.628</speed></trkpt><trkpt lat="25.013988" lon="121.530964"><time>2026-10-02T06:22:28Z</time><ele>14</ele><speed>15.268</speed></trkpt><trkpt lat="25.014021" lon="121.530995"><time>2026-10-02T06:22:29Z</time><ele>15</ele><speed>14.063</speed></trkpt><trkpt lat="25.014051" lon="121.531023"><time>2026-10-02T06:22:30Z</time><ele>14</ele><speed>14.24</speed></trkpt><trkpt lat="25.014079" lon="121.531055"><time>2026-10-02T06:22:31Z</time><ele>14</ele><speed>15.693</speed></trkpt><trkpt lat="25.014104" lon="121.531088"><time>2026-10-02T06:22:32Z</time><ele>14</ele><speed>15.607</speed></trkpt><trkpt lat="25.014124" lon="121.53112"><time>2026-10-02T06:22:33Z</time><ele>14</ele><speed>14.403</speed></trkpt><trkpt lat="25.014141" lon="121.531154"><time>2026-10-02T06:22:34Z</time><ele>14</ele><speed>14.166</speed></trkpt><trkpt lat="25.014159" lon="121.531188"><time>2026-10-02T06:22:35Z</time><ele>15</ele><speed>12.585</speed></trkpt><trkpt lat="25.014176" lon="121.531223"><time>2026-10-02T06:22:36Z</time><ele>14</ele><speed>12.279</speed></trkpt><trkpt lat="25.014191" lon="121.531255"><time>2026-10-02T06:22:37Z</time><ele>13</ele><speed>11.58</speed></trkpt><trkpt lat="25.014206" lon="121.531284"><time>2026-10-02T06:22:38Z</time><ele>14</ele><speed>9.838</speed></trkpt><trkpt lat="25.014223" lon="121.531313"><time>2026-10-02T06:22:39Z</time><ele>14</ele><speed>10.372</speed></trkpt><trkpt lat="25.014238" lon="121.531343"><time>2026-10-02T06:22:40Z</time><ele>13</ele><speed>11.042</speed></trkpt><trkpt lat="25.014251" lon="121.531373"><time>2026-10-02T06:22:41Z</time><ele>13</ele><speed>11.657</speed></trkpt><trkpt lat="25.014264" lon="121.531404"><time>2026-10-02T06:22:42Z</time><ele>13</ele><speed>12.116</speed></trkpt><trkpt lat="25.014281" lon="121.531434"><time>2026-10-02T06:22:43Z</time><ele>14</ele><speed>13.157</speed></trkpt><trkpt lat="25.014301" lon="121.531466"><time>2026-10-02T06:22:44Z</time><ele>14</ele><speed>14.668</speed></trkpt><trkpt lat="25.01432" lon="121.531497"><time>2026-10-02T06:22:45Z</time><ele>14</ele><speed>15.581</speed></trkpt><trkpt lat="25.014343" lon="121.531528"><time>2026-10-02T06:22:46Z</time><ele>14</ele><speed>16.425</speed></trkpt><trkpt lat="25.01437" lon="121.53156"><time>2026-10-02T06:22:47Z</time><ele>15</ele><speed>17.188</speed></trkpt><trkpt lat="25.014399" lon="121.531593"><time>2026-10-02T06:22:48Z</time><ele>15</ele><speed>17.166</speed></trkpt><trkpt lat="25.014426" lon="121.531627"><time>2026-10-02T06:22:49Z</time><ele>15</ele><speed>16.937</speed></trkpt><trkpt lat="25.014454" lon="121.531661"><time>2026-10-02T06:22:50Z</time><ele>15</ele><speed>16.414</speed></trkpt><trkpt lat="25.014484" lon="121.531692"><time>2026-10-02T06:22:51Z</time><ele>14</ele><speed>15.483</speed></trkpt><trkpt lat="25.014515" lon="121.531724"><time>2026-10-02T06:22:52Z</time><ele>16</ele><speed>16.844</speed></trkpt><trkpt lat="25.014545" lon="121.531757"><time>2026-10-02T06:22:53Z</time><ele>15</ele><speed>16.958</speed></trkpt><trkpt lat="25.014575" lon="121.531789"><time>2026-10-02T06:22:54Z</time><ele>16</ele><speed>16.35</speed></trkpt><trkpt lat="25.014608" lon="121.531818"><time>2026-10-02T06:22:55Z</time><ele>15</ele><speed>15.974</speed></trkpt><trkpt lat="25.01464" lon="121.531848"><time>2026-10-02T06:22:56Z</time><ele>16</ele><speed>15.283</speed></trkpt><trkpt lat="25.014672" lon="121.531882"><time>2026-10-02T06:22:57Z</time><ele>15</ele><speed>16.362</speed></trkpt><trkpt lat="25.014704" lon="121.531913"><time>2026-10-02T06:22:58Z</time><ele>15</ele><speed>15.958</speed></trkpt><trkpt lat="25.014738" lon="121.531943"><time>2026-10-02T06:22:59Z</time><ele>15</ele><speed>15.397</speed></trkpt><trkpt lat="25.01477" lon="121.531974"><time>2026-10-02T06:23:00Z</time><ele>15</ele><speed>14.696</speed></trkpt><trkpt lat="25.0148" lon="121.532007"><time>2026-10-02T06:23:01Z</time><ele>16</ele><speed>15.293</speed></trkpt><trkpt lat="25.014827" lon="121.532043"><time>2026-10-02T06:23:02Z</time><ele>16</ele><speed>14.546</speed></trkpt><trkpt lat="25.014845" lon="121.532081"><time>2026-10-02T06:23:03Z</time><ele>17</ele><speed>16.321</speed></trkpt><trkpt lat="25.014853" lon="121.532121"><time>2026-10-02T06:23:04Z</time><ele>17</ele><speed>15.603</speed></trkpt><trkpt lat="25.014848" lon="121.532161"><time>2026-10-02T06:23:05Z</time><ele>16</ele><speed>15.17</speed></trkpt><trkpt lat="25.014836" lon="121.532202"><time>2026-10-02T06:23:06Z</time><ele>17</ele><speed>16.051</speed></trkpt><trkpt lat="25.014815" lon="121.53224"><time>2026-10-02T06:23:07Z</time><ele>17</ele><speed>15.496</speed></trkpt><trkpt lat="25.014788" lon="121.532277"><time>2026-10-02T06:23:08Z</time><ele>17</ele><speed>14.844</speed></trkpt><trkpt lat="25.014761" lon="121.53231"><time>2026-10-02T06:23:09Z</time><ele>18</ele><speed>13.948</speed></trkpt><trkpt lat="25.014737" lon="121.532342"><time>2026-10-02T06:23:10Z</time><ele>18</ele><speed>12.271</speed></trkpt><trkpt lat="25.014716" lon="121.532371"><time>2026-10-02T06:23:11Z</time><ele>18</ele><speed>10.894</speed></trkpt><trkpt lat="25.014697" lon="121.532398"><time>2026-10-02T06:23:12Z</time><ele>18</ele><speed>9.493</speed></trkpt><trkpt lat="25.014681" lon="121.532423"><time>2026-10-02T06:23:13Z</time><ele>18</ele><speed>9.225</speed></trkpt><trkpt lat="25.014665" lon="121.532448"><time>2026-10-02T06:23:14Z</time><ele>18</ele><speed>11.433</speed></trkpt><trkpt lat="25.014649" lon="121.532473"><time>2026-10-02T06:23:15Z</time><ele>17</ele><speed>12.341</speed></trkpt><trkpt lat="25.014631" lon="121.532498"><time>2026-10-02T06:23:16Z</time><ele>16</ele><speed>13.617</speed></trkpt><trkpt lat="25.014608" lon="121.532526"><time>2026-10-02T06:23:17Z</time><ele>18</ele><speed>15.222</speed></trkpt><trkpt lat="25.014582" lon="121.532555"><time>2026-10-02T06:23:18Z</time><ele>18</ele><speed>15.103</speed></trkpt><trkpt lat="25.014553" lon="121.532585"><time>2026-10-02T06:23:19Z</time><ele>17</ele><speed>16.6</speed></trkpt><trkpt lat="25.014525" lon="121.532614"><time>2026-10-02T06:23:20Z</time><ele>16</ele><speed>16.326</speed></trkpt><trkpt lat="25.014493" lon="121.532642"><time>2026-10-02T06:23:21Z</time><ele>17</ele><speed>16.491</speed></trkpt><trkpt lat="25.01446" lon="121.532671"><time>2026-10-02T06:23:22Z</time><ele>17</ele><speed>16.14</speed></trkpt><trkpt lat="25.014428" lon="121.5327"><time>2026-10-02T06:23:23Z</time><ele>17</ele><speed>16.573</speed></trkpt><trkpt lat="25.014396" lon="121.532731"><time>2026-10-02T06:23:24Z</time><ele>16</ele><speed>16.163</speed></trkpt><trkpt lat="25.014365" lon="121.532761"><time>2026-10-02T06:23:25Z</time><ele>17</ele><speed>15.348</speed></trkpt><trkpt lat="25.014334" lon="121.532791"><time>2026-10-02T06:23:26Z</time><ele>17</ele><speed>14.417</speed></trkpt><trkpt lat="25.014304" lon="121.53282"><time>2026-10-02T06:23:27Z</time><ele>17</ele><speed>14.696</speed></trkpt><trkpt lat="25.014273" lon="121.532846"><time>2026-10-02T06:23:28Z</time><ele>17</ele><speed>15.211</speed></trkpt><trkpt lat="25.014245" lon="121.532872"><time>2026-10-02T06:23:29Z</time><ele>17</ele><speed>14.716</speed></trkpt><trkpt lat="25.014217" lon="121.532899"><time>2026-10-02T06:23:30Z</time><ele>16</ele><speed>15.337</speed></trkpt><trkpt lat="25.014192" lon="121.532928"><time>2026-10-02T06:23:31Z</time><ele>16</ele><speed>14.736</speed></trkpt><trkpt lat="25.014165" lon="121.532957"><time>2026-10-02T06:23:32Z</time><ele>17</ele><speed>14.243</speed></trkpt><trkpt lat="25.014139" lon="121.532984"><time>2026-10-02T06:23:33Z</time><ele>17</ele><speed>13.641</speed></trkpt><trkpt lat="25.014118" lon="121.533014"><time>2026-10-02T06:23:34Z</time><ele>16</ele><speed>13.743</speed></trkpt><trkpt lat="25.014095" lon="121.533045"><time>2026-10-02T06:23:35Z</time><ele>17</ele><speed>14.562</speed></trkpt><trkpt lat="25.014073" lon="121.533073"><time>2026-10-02T06:23:36Z</time><ele>16</ele><speed>14.087</speed></trkpt><trkpt lat="25.014047" lon="121.533098"><time>2026-10-02T06:23:37Z</time><ele>16</ele><speed>15.234</speed></trkpt><trkpt lat="25.01402" lon="121.533121"><time>2026-10-02T06:23:38Z</time><ele>15</ele><speed>13.654</speed></trkpt><trkpt lat="25.013988" lon="121.533143"><time>2026-10-02T06:23:39Z</time><ele>14</ele><speed>15.331</speed></trkpt><trkpt lat="25.013948" lon="121.533168"><time>2026-10-02T06:23:40Z</time><ele>14</ele><speed>18.663</speed></trkpt><trkpt lat="25.013904" lon="121.533196"><time>2026-10-02T06:23:41Z</time><ele>16</ele><speed>19.294</speed></trkpt><trkpt lat="25.013856" lon="121.533223"><time>2026-10-02T06:23:42Z</time><ele>16</ele><speed>18.281</speed></trkpt><trkpt lat="25.013808" lon="121.53325"><time>2026-10-02T06:23:43Z</time><ele>16</ele><speed>18.565</speed></trkpt><trkpt lat="25.013758" lon="121.533279"><time>2026-10-02T06:23:44Z</time><ele>16</ele><speed>17.53</speed></trkpt><trkpt lat="25.013713" lon="121.533308"><time>2026-10-02T06:23:45Z</time><ele>16</ele><speed>16.163</speed></trkpt><trkpt lat="25.013672" lon="121.533331"><time>2026-10-02T06:23:46Z</time><ele>15</ele><speed>15.534</speed></trkpt><trkpt lat="25.013632" lon="121.533352"><time>2026-10-02T06:23:47Z</time><ele>16</ele><speed>16.865</speed></trkpt><trkpt lat="25.013595" lon="121.533372"><time>2026-10-02T06:23:48Z</time><ele>15</ele><speed>16.957</speed></trkpt><trkpt lat="25.013559" lon="121.533391"><time>2026-10-02T06:23:49Z</time><ele>16</ele><speed>16.68</speed></trkpt><trkpt lat="25.013522" lon="121.533411"><time>2026-10-02T06:23:50Z</time><ele>16</ele><speed>17.067</speed></trkpt><trkpt lat="25.013486" lon="121.533435"><time>2026-10-02T06:23:51Z</time><ele>15</ele><speed>16.752</speed></trkpt><trkpt lat="25.013451" lon="121.533463"><time>2026-10-02T06:23:52Z</time><ele>16</ele><speed>17.139</speed></trkpt><trkpt lat="25.013416" lon="121.533489"><time>2026-10-02T06:23:53Z</time><ele>16</ele><speed>16.996</speed></trkpt><trkpt lat="25.013379" lon="121.533511"><time>2026-10-02T06:23:54Z</time><ele>15</ele><speed>15.873</speed></trkpt><trkpt lat="25.013344" lon="121.533536"><time>2026-10-02T06:23:55Z</time><ele>15</ele><speed>15.64</speed></trkpt><trkpt lat="25.013312" lon="121.533564"><time>2026-10-02T06:23:56Z</time><ele>15</ele><speed>15.243</speed></trkpt><trkpt lat="25.013281" lon="121.533597"><time>2026-10-02T06:23:57Z</time><ele>15</ele><speed>16.866</speed></trkpt><trkpt lat="25.013252" lon="121.533631"><time>2026-10-02T06:23:58Z</time><ele>16</ele><speed>17.291</speed></trkpt><trkpt lat="25.013224" lon="121.533665"><time>2026-10-02T06:23:59Z</time><ele>15</ele><speed>16.788</speed></trkpt><trkpt lat="25.0132" lon="121.533708"><time>2026-10-02T06:24:00Z</time><ele>16</ele><speed>16.155</speed></trkpt><trkpt lat="25.013177" lon="121.53375"><time>2026-10-02T06:24:01Z</time><ele>16</ele><speed>14.766</speed></trkpt><trkpt lat="25.013155" lon="121.533789"><time>2026-10-02T06:24:02Z</time><ele>16</ele><speed>14.008</speed></trkpt><trkpt lat="25.013132" lon="121.533825"><time>2026-10-02T06:24:03Z</time><ele>17</ele><speed>14.535</speed></trkpt><trkpt lat="25.013111" lon="121.533857"><time>2026-10-02T06:24:04Z</time><ele>16</ele><speed>13.816</speed></trkpt><trkpt lat="25.013092" lon="121.533887"><time>2026-10-02T06:24:05Z</time><ele>16</ele><speed>12.693</speed></trkpt><trkpt lat="25.013072" lon="121.533914"><time>2026-10-02T06:24:06Z</time><ele>16</ele><speed>12.992</speed></trkpt><trkpt lat="25.013051" lon="121.533941"><time>2026-10-02T06:24:07Z</time><ele>16</ele><speed>12.384</speed></trkpt><trkpt lat="25.013031" lon="121.533966"><time>2026-10-02T06:24:08Z</time><ele>15</ele><speed>10.576</speed></trkpt><trkpt lat="25.013011" lon="121.533989"><time>2026-10-02T06:24:09Z</time><ele>16</ele><speed>11.199</speed></trkpt><trkpt lat="25.01299" lon="121.534016"><time>2026-10-02T06:24:10Z</time><ele>16</ele><speed>13.321</speed></trkpt><trkpt lat="25.012968" lon="121.534044"><time>2026-10-02T06:24:11Z</time><ele>16</ele><speed>14.218</speed></trkpt><trkpt lat="25.012945" lon="121.534074"><time>2026-10-02T06:24:12Z</time><ele>16</ele><speed>15.298</speed></trkpt><trkpt lat="25.012922" lon="121.534107"><time>2026-10-02T06:24:13Z</time><ele>17</ele><speed>16.077</speed></trkpt><trkpt lat="25.012896" lon="121.534142"><time>2026-10-02T06:24:14Z</time><ele>17</ele><speed>15.632</speed></trkpt><trkpt lat="25.01287" lon="121.534177"><time>2026-10-02T06:24:15Z</time><ele>16</ele><speed>15.253</speed></trkpt><trkpt lat="25.012844" lon="121.534209"><time>2026-10-02T06:24:16Z</time><ele>16</ele><speed>13.815</speed></trkpt><trkpt lat="25.012816" lon="121.534242"><time>2026-10-02T06:24:17Z</time><ele>18</ele><speed>14.979</speed></trkpt><trkpt lat="25.01279" lon="121.534274"><time>2026-10-02T06:24:18Z</time><ele>16</ele><speed>14.947</speed></trkpt><trkpt lat="25.012764" lon="121.534304"><time>2026-10-02T06:24:19Z</time><ele>17</ele><speed>13.679</speed></trkpt><trkpt lat="25.012739" lon="121.534333"><time>2026-10-02T06:24:20Z</time><ele>17</ele><speed>13.716</speed></trkpt><trkpt lat="25.012714" lon="121.534362"><time>2026-10-02T06:24:21Z</time><ele>16</ele><speed>13.468</speed></trkpt><trkpt lat="25.012688" lon="121.534389"><time>2026-10-02T06:24:22Z</time><ele>15</ele><speed>13.442</speed></trkpt><trkpt lat="25.012661" lon="121.534413"><time>2026-10-02T06:24:23Z</time><ele>16</ele><speed>13.764</speed></trkpt><trkpt lat="25.012633" lon="121.534437"><time>2026-10-02T06:24:24Z</time><ele>17</ele><speed>14.68</speed></trkpt><trkpt lat="25.012604" lon="121.534462"><time>2026-10-02T06:24:25Z</time><ele>17</ele><speed>14.888</speed></trkpt><trkpt lat="25.012574" lon="121.534484"><time>2026-10-02T06:24:26Z</time><ele>17</ele><speed>14.301</speed></trkpt><trkpt lat="25.012544" lon="121.534507"><time>2026-10-02T06:24:27Z</time><ele>16</ele><speed>14.201</speed></trkpt><trkpt lat="25.012517" lon="121.534535"><time>2026-10-02T06:24:28Z</time><ele>16</ele><speed>15.007</speed></trkpt><trkpt lat="25.012491" lon="121.534565"><time>2026-10-02T06:24:29Z</time><ele>17</ele><speed>14.809</speed></trkpt><trkpt lat="25.012469" lon="121.534599"><time>2026-10-02T06:24:30Z</time><ele>17</ele><speed>15.358</speed></trkpt><trkpt lat="25.012447" lon="121.53463"><time>2026-10-02T06:24:31Z</time><ele>17</ele><speed>14.553</speed></trkpt><trkpt lat="25.012426" lon="121.534666"><time>2026-10-02T06:24:32Z</time><ele>16</ele><speed>14.972</speed></trkpt><trkpt lat="25.012406" lon="121.534702"><time>2026-10-02T06:24:33Z</time><ele>17</ele><speed>14.588</speed></trkpt><trkpt lat="25.012383" lon="121.534734"><time>2026-10-02T06:24:34Z</time><ele>17</ele><speed>14.579</speed></trkpt><trkpt lat="25.012359" lon="121.534765"><time>2026-10-02T06:24:35Z</time><ele>18</ele><speed>15.37</speed></trkpt><trkpt lat="25.012333" lon="121.534794"><time>2026-10-02T06:24:36Z</time><ele>17</ele><speed>15.031</speed></trkpt><trkpt lat="25.012308" lon="121.534826"><time>2026-10-02T06:24:37Z</time><ele>17</ele><speed>14.841</speed></trkpt><trkpt lat="25.012282" lon="121.534854"><time>2026-10-02T06:24:38Z</time><ele>17</ele><speed>14.081</speed></trkpt><trkpt lat="25.012259" lon="121.534885"><time>2026-10-02T06:24:39Z</time><ele>17</ele><speed>13.49</speed></trkpt><trkpt lat="25.012237" lon="121.534915"><time>2026-10-02T06:24:40Z</time><ele>18</ele><speed>12.939</speed></trkpt><trkpt lat="25.012215" lon="121.534945"><time>2026-10-02T06:24:41Z</time><ele>17</ele><speed>14.271</speed></trkpt><trkpt lat="25.012193" lon="121.534972"><time>2026-10-02T06:24:42Z</time><ele>15</ele><speed>11.728</speed></trkpt><trkpt lat="25.012171" lon="121.534996"><time>2026-10-02T06:24:43Z</time><ele>16</ele><speed>11.027</speed></trkpt><trkpt lat="25.012147" lon="121.535016"><time>2026-10-02T06:24:44Z</time><ele>18</ele><speed>12.804</speed></trkpt><trkpt lat="25.012121" lon="121.535028"><time>2026-10-02T06:24:45Z</time><ele>19</ele><speed>9.798</speed></trkpt><trkpt lat="25.012095" lon="121.535033"><time>2026-10-02T06:24:46Z</time><ele>19</ele><speed>9.943</speed></trkpt><trkpt lat="25.012069" lon="121.535026"><time>2026-10-02T06:24:47Z</time><ele>18</ele><speed>10.474</speed></trkpt><trkpt lat="25.012044" lon="121.535014"><time>2026-10-02T06:24:48Z</time><ele>18</ele><speed>10.336</speed></trkpt><trkpt lat="25.012021" lon="121.534995"><time>2026-10-02T06:24:49Z</time><ele>19</ele><speed>9.817</speed></trkpt><trkpt lat="25.012003" lon="121.534971"><time>2026-10-02T06:24:50Z</time><ele>18</ele><speed>10.266</speed></trkpt><trkpt lat="25.011989" lon="121.534943"><time>2026-10-02T06:24:51Z</time><ele>18</ele><speed>10.084</speed></trkpt><trkpt lat="25.011979" lon="121.534916"><time>2026-10-02T06:24:52Z</time><ele>19</ele><speed>9.748</speed></trkpt><trkpt lat="25.011976" lon="121.534887"><time>2026-10-02T06:24:53Z</time><ele>19</ele><speed>9.33</speed></trkpt><trkpt lat="25.011977" lon="121.53486"><time>2026-10-02T06:24:54Z</time><ele>18</ele><speed>8.155</speed></trkpt><trkpt lat="25.011979" lon="121.534833"><time>2026-10-02T06:24:55Z</time><ele>19</ele><speed>8.122</speed></trkpt><trkpt lat="25.011982" lon="121.534808"><time>2026-10-02T06:24:56Z</time><ele>18</ele><speed>8.124</speed></trkpt><trkpt lat="25.011982" lon="121.534783"><time>2026-10-02T06:24:57Z</time><ele>18</ele><speed>7.829</speed></trkpt><trkpt lat="25.01198" lon="121.534761"><time>2026-10-02T06:24:58Z</time><ele>18</ele><speed>6.032</speed></trkpt><trkpt lat="25.01198" lon="121.534785"><time>2026-10-02T06:25:29Z</time><ele>19</ele><speed>9.28</speed></trkpt><trkpt lat="25.011981" lon="121.534815"><time>2026-10-02T06:25:30Z</time><ele>18</ele><speed>9.314</speed></trkpt><trkpt lat="25.011984" lon="121.534851"><time>2026-10-02T06:25:31Z</time><ele>18</ele><speed>8.499</speed></trkpt><trkpt lat="25.011989" lon="121.534894"><time>2026-10-02T06:25:32Z</time><ele>18</ele><speed>7.659</speed></trkpt><trkpt lat="25.011997" lon="121.534942"><time>2026-10-02T06:25:33Z</time><ele>18</ele><speed>5.821</speed></trkpt><trkpt lat="25.01201" lon="121.534991"><time>2026-10-02T06:25:34Z</time><ele>17</ele><speed>5.395</speed></trkpt><trkpt lat="25.012034" lon="121.534997"><time>2026-10-02T06:25:36Z</time><ele>16</ele><speed>8.526</speed></trkpt><trkpt lat="25.012061" lon="121.534992"><time>2026-10-02T06:25:37Z</time><ele>17</ele><speed>10.277</speed></trkpt><trkpt lat="25.012088" lon="121.534976"><time>2026-10-02T06:25:38Z</time><ele>17</ele><speed>13.232</speed></trkpt><trkpt lat="25.012119" lon="121.534953"><time>2026-10-02T06:25:39Z</time><ele>17</ele><speed>14.94</speed></trkpt><trkpt lat="25.012154" lon="121.534923"><time>2026-10-02T06:25:40Z</time><ele>18</ele><speed>15.626</speed></trkpt><trkpt lat="25.012187" lon="121.534889"><time>2026-10-02T06:25:41Z</time><ele>17</ele><speed>14.471</speed></trkpt><trkpt lat="25.012212" lon="121.534853"><time>2026-10-02T06:25:42Z</time><ele>17</ele><speed>14.559</speed></trkpt><trkpt lat="25.012235" lon="121.534816"><time>2026-10-02T06:25:43Z</time><ele>17</ele><speed>14.893</speed></trkpt><trkpt lat="25.012259" lon="121.534782"><time>2026-10-02T06:25:44Z</time><ele>17</ele><speed>15.708</speed></trkpt><trkpt lat="25.012283" lon="121.534746"><time>2026-10-02T06:25:45Z</time><ele>17</ele><speed>16.123</speed></trkpt><trkpt lat="25.012308" lon="121.534712"><time>2026-10-02T06:25:46Z</time><ele>16</ele><speed>14.869</speed></trkpt><trkpt lat="25.012335" lon="121.534676"><time>2026-10-02T06:25:47Z</time><ele>17</ele><speed>16.12</speed></trkpt><trkpt lat="25.012363" lon="121.534639"><time>2026-10-02T06:25:48Z</time><ele>17</ele><speed>17.138</speed></trkpt><trkpt lat="25.012393" lon="121.534604"><time>2026-10-02T06:25:49Z</time><ele>16</ele><speed>16.267</speed></trkpt><trkpt lat="25.012423" lon="121.534571"><time>2026-10-02T06:25:50Z</time><ele>16</ele><speed>15.749</speed></trkpt><trkpt lat="25.012452" lon="121.534539"><time>2026-10-02T06:25:51Z</time><ele>16</ele><speed>15.746</speed></trkpt><trkpt lat="25.012479" lon="121.534502"><time>2026-10-02T06:25:52Z</time><ele>17</ele><speed>15.86</speed></trkpt><trkpt lat="25.012505" lon="121.534467"><time>2026-10-02T06:25:53Z</time><ele>17</ele><speed>15.536</speed></trkpt><trkpt lat="25.012529" lon="121.534431"><time>2026-10-02T06:25:54Z</time><ele>16</ele><speed>15.615</speed></trkpt><trkpt lat="25.012552" lon="121.534396"><time>2026-10-02T06:25:55Z</time><ele>16</ele><speed>14.598</speed></trkpt><trkpt lat="25.012575" lon="121.53436"><time>2026-10-02T06:25:56Z</time><ele>16</ele><speed>15.352</speed></trkpt><trkpt lat="25.012599" lon="121.534321"><time>2026-10-02T06:25:57Z</time><ele>16</ele><speed>17.842</speed></trkpt><trkpt lat="25.012626" lon="121.534286"><time>2026-10-02T06:25:58Z</time><ele>16</ele><speed>17.753</speed></trkpt><trkpt lat="25.012654" lon="121.534252"><time>2026-10-02T06:25:59Z</time><ele>16</ele><speed>17.134</speed></trkpt><trkpt lat="25.012684" lon="121.53422"><time>2026-10-02T06:26:00Z</time><ele>16</ele><speed>16.647</speed></trkpt><trkpt lat="25.012715" lon="121.534186"><time>2026-10-02T06:26:01Z</time><ele>16</ele><speed>16.734</speed></trkpt><trkpt lat="25.012746" lon="121.534153"><time>2026-10-02T06:26:02Z</time><ele>15</ele><speed>16.457</speed></trkpt><trkpt lat="25.012778" lon="121.534124"><time>2026-10-02T06:26:03Z</time><ele>16</ele><speed>15.757</speed></trkpt><trkpt lat="25.01281" lon="121.534093"><time>2026-10-02T06:26:04Z</time><ele>16</ele><speed>15.66</speed></trkpt><trkpt lat="25.012841" lon="121.534063"><time>2026-10-02T06:26:05Z</time><ele>16</ele><speed>15.01</speed></trkpt><trkpt lat="25.012871" lon="121.53403"><time>2026-10-02T06:26:06Z</time><ele>15</ele><speed>15.947</speed></trkpt><trkpt lat="25.012899" lon="121.533998"><time>2026-10-02T06:26:07Z</time><ele>16</ele><speed>15.927</speed></trkpt><trkpt lat="25.012925" lon="121.533964"><time>2026-10-02T06:26:08Z</time><ele>15</ele><speed>16.776</speed></trkpt><trkpt lat="25.012951" lon="121.533929"><time>2026-10-02T06:26:09Z</time><ele>15</ele><speed>16.734</speed></trkpt><trkpt lat="25.012974" lon="121.533893"><time>2026-10-02T06:26:10Z</time><ele>16</ele><speed>16.818</speed></trkpt><trkpt lat="25.012999" lon="121.533858"><time>2026-10-02T06:26:11Z</time><ele>15</ele><speed>15.883</speed></trkpt><trkpt lat="25.013025" lon="121.533826"><time>2026-10-02T06:26:12Z</time><ele>14</ele><speed>14.338</speed></trkpt><trkpt lat="25.013053" lon="121.533795"><time>2026-10-02T06:26:13Z</time><ele>15</ele><speed>14.324</speed></trkpt><trkpt lat="25.013082" lon="121.533764"><time>2026-10-02T06:26:14Z</time><ele>15</ele><speed>14.879</speed></trkpt><trkpt lat="25.013112" lon="121.533732"><time>2026-10-02T06:26:15Z</time><ele>15</ele><speed>15.975</speed></trkpt><trkpt lat="25.013143" lon="121.533701"><time>2026-10-02T06:26:16Z</time><ele>15</ele><speed>16.869</speed></trkpt><trkpt lat="25.013173" lon="121.533668"><time>2026-10-02T06:26:17Z</time><ele>16</ele><speed>16.801</speed></trkpt><trkpt lat="25.013203" lon="121.533632"><time>2026-10-02T06:26:18Z</time><ele>14</ele><speed>16.523</speed></trkpt><trkpt lat="25.013232" lon="121.533596"><time>2026-10-02T06:26:19Z</time><ele>15</ele><speed>15.851</speed></trkpt><trkpt lat="25.013262" lon="121.533564"><time>2026-10-02T06:26:20Z</time><ele>15</ele><speed>15.747</speed></trkpt><trkpt lat="25.013294" lon="121.533533"><time>2026-10-02T06:26:21Z</time><ele>14</ele><speed>17.153</speed></trkpt><trkpt lat="25.013325" lon="121.533502"><time>2026-10-02T06:26:22Z</time><ele>15</ele><speed>16.714</speed></trkpt><trkpt lat="25.013358" lon="121.533473"><time>2026-10-02T06:26:23Z</time><ele>15</ele><speed>15.67</speed></trkpt><trkpt lat="25.01339" lon="121.533446"><time>2026-10-02T06:26:24Z</time><ele>14</ele><speed>13.912</speed></trkpt><trkpt lat="25.013423" lon="121.533422"><time>2026-10-02T06:26:25Z</time><ele>15</ele><speed>12.822</speed></trkpt><trkpt lat="25.013457" lon="121.5334"><time>2026-10-02T06:26:26Z</time><ele>16</ele><speed>14.427</speed></trkpt><trkpt lat="25.013492" lon="121.53338"><time>2026-10-02T06:26:27Z</time><ele>16</ele><speed>15.739</speed></trkpt><trkpt lat="25.013528" lon="121.533363"><time>2026-10-02T06:26:28Z</time><ele>14</ele><speed>16.065</speed></trkpt><trkpt lat="25.013563" lon="121.533345"><time>2026-10-02T06:26:29Z</time><ele>15</ele><speed>14.551</speed></trkpt><trkpt lat="25.013598" lon="121.533326"><time>2026-10-02T06:26:30Z</time><ele>16</ele><speed>13.509</speed></trkpt><trkpt lat="25.013634" lon="121.533308"><time>2026-10-02T06:26:31Z</time><ele>15</ele><speed>12.921</speed></trkpt><trkpt lat="25.013665" lon="121.533287"><time>2026-10-02T06:26:32Z</time><ele>15</ele><speed>12.614</speed></trkpt><trkpt lat="25.013695" lon="121.533264"><time>2026-10-02T06:26:33Z</time><ele>15</ele><speed>12.329</speed></trkpt><trkpt lat="25.013721" lon="121.533239"><time>2026-10-02T06:26:34Z</time><ele>15</ele><speed>11.963</speed></trkpt><trkpt lat="25.013744" lon="121.533218"><time>2026-10-02T06:26:35Z</time><ele>16</ele><speed>8.868</speed></trkpt><trkpt lat="25.013766" lon="121.533197"><time>2026-10-02T06:26:36Z</time><ele>15</ele><speed>9.498</speed></trkpt><trkpt lat="25.013786" lon="121.533173"><time>2026-10-02T06:26:37Z</time><ele>15</ele><speed>10.732</speed></trkpt><trkpt lat="25.013806" lon="121.533151"><time>2026-10-02T06:26:38Z</time><ele>16</ele><speed>9.785</speed></trkpt><trkpt lat="25.013821" lon="121.533131"><time>2026-10-02T06:26:39Z</time><ele>16</ele><speed>6.662</speed></trkpt><trkpt lat="25.013829" lon="121.533111"><time>2026-10-02T06:27:15Z</time><ele>16</ele><speed>3.686</speed></trkpt><trkpt lat="25.013837" lon="121.533088"><time>2026-10-02T06:27:16Z</time><ele>16</ele><speed>5.797</speed></trkpt><trkpt lat="25.013841" lon="121.533061"><time>2026-10-02T06:27:17Z</time><ele>16</ele><speed>7.349</speed></trkpt><trkpt lat="25.013843" lon="121.533034"><time>2026-10-02T06:27:18Z</time><ele>16</ele><speed>8.536</speed></trkpt><trkpt lat="25.013844" lon="121.533002"><time>2026-10-02T06:27:19Z</time><ele>16</ele><speed>9.66</speed></trkpt><trkpt lat="25.013846" lon="121.532968"><time>2026-10-02T06:27:20Z</time><ele>16</ele><speed>9.673</speed></trkpt><trkpt lat="25.013852" lon="121.532936"><time>2026-10-02T06:27:21Z</time><ele>16</ele><speed>8.261</speed></trkpt><trkpt lat="25.013861" lon="121.532908"><time>2026-10-02T06:27:22Z</time><ele>16</ele><speed>7.022</speed></trkpt><trkpt lat="25.013875" lon="121.532879"><time>2026-10-02T06:27:23Z</time><ele>14</ele><speed>9.358</speed></trkpt><trkpt lat="25.013889" lon="121.532846"><time>2026-10-02T06:27:24Z</time><ele>15</ele><speed>10.909</speed></trkpt><trkpt lat="25.013909" lon="121.532816"><time>2026-10-02T06:27:25Z</time><ele>15</ele><speed>12.343</speed></trkpt><trkpt lat="25.013931" lon="121.532788"><time>2026-10-02T06:27:26Z</time><ele>16</ele><speed>13.257</speed></trkpt><trkpt lat="25.013962" lon="121.532763"><time>2026-10-02T06:27:27Z</time><ele>16</ele><speed>12.528</speed></trkpt><trkpt lat="25.013993" lon="121.532735"><time>2026-10-02T06:27:28Z</time><ele>16</ele><speed>14.367</speed></trkpt><trkpt lat="25.014023" lon="121.532711"><time>2026-10-02T06:27:29Z</time><ele>16</ele><speed>13.059</speed></trkpt><trkpt lat="25.014056" lon="121.53269"><time>2026-10-02T06:27:30Z</time><ele>16</ele><speed>13.497</speed></trkpt><trkpt lat="25.014088" lon="121.532669"><time>2026-10-02T06:27:31Z</time><ele>16</ele><speed>14.143</speed></trkpt><trkpt lat="25.014121" lon="121.532647"><time>2026-10-02T06:27:32Z</time><ele>16</ele><speed>13.717</speed></trkpt><trkpt lat="25.014151" lon="121.532622"><time>2026-10-02T06:27:33Z</time><ele>16</ele><speed>12.748</speed></trkpt><trkpt lat="25.014184" lon="121.532601"><time>2026-10-02T06:27:34Z</time><ele>16</ele><speed>13.507</speed></trkpt><trkpt lat="25.014217" lon="121.532581"><time>2026-10-02T06:27:35Z</time><ele>15</ele><speed>11.993</speed></trkpt><trkpt lat="25.014248" lon="121.532561"><time>2026-10-02T06:27:36Z</time><ele>16</ele><speed>12.6</speed></trkpt><trkpt lat="25.014278" lon="121.532542"><time>2026-10-02T06:27:37Z</time><ele>16</ele><speed>12.196</speed></trkpt><trkpt lat="25.014306" lon="121.532526"><time>2026-10-02T06:27:38Z</time><ele>16</ele><speed>9.957</speed></trkpt><trkpt lat="25.014333" lon="121.532509"><time>2026-10-02T06:27:39Z</time><ele>16</ele><speed>9.639</speed></trkpt><trkpt lat="25.014357" lon="121.532492"><time>2026-10-02T06:27:40Z</time><ele>16</ele><speed>9.779</speed></trkpt><trkpt lat="25.014385" lon="121.532474"><time>2026-10-02T06:27:41Z</time><ele>16</ele><speed>11.725</speed></trkpt><trkpt lat="25.014414" lon="121.532455"><time>2026-10-02T06:27:42Z</time><ele>16</ele><speed>12.743</speed></trkpt><trkpt lat="25.014442" lon="121.532437"><time>2026-10-02T06:27:43Z</time><ele>16</ele><speed>12.29</speed></trkpt><trkpt lat="25.014473" lon="121.532419"><time>2026-10-02T06:27:44Z</time><ele>16</ele><speed>12.349</speed></trkpt><trkpt lat="25.014503" lon="121.5324"><time>2026-10-02T06:27:45Z</time><ele>16</ele><speed>11.839</speed></trkpt><trkpt lat="25.014532" lon="121.532382"><time>2026-10-02T06:27:46Z</time><ele>16</ele><speed>12.482</speed></trkpt><trkpt lat="25.014559" lon="121.532363"><time>2026-10-02T06:27:47Z</time><ele>15</ele><speed>12.896</speed></trkpt><trkpt lat="25.014586" lon="121.532342"><time>2026-10-02T06:27:48Z</time><ele>15</ele><speed>15.583</speed></trkpt><trkpt lat="25.014614" lon="121.532319"><time>2026-10-02T06:27:49Z</time><ele>15</ele><speed>16.544</speed></trkpt><trkpt lat="25.014643" lon="121.532294"><time>2026-10-02T06:27:50Z</time><ele>16</ele><speed>16.52</speed></trkpt><trkpt lat="25.014674" lon="121.532266"><time>2026-10-02T06:27:51Z</time><ele>16</ele><speed>16.885</speed></trkpt><trkpt lat="25.014707" lon="121.532236"><time>2026-10-02T06:27:52Z</time><ele>15</ele><speed>16.982</speed></trkpt><trkpt lat="25.014742" lon="121.532204"><time>2026-10-02T06:27:53Z</time><ele>15</ele><speed>17.723</speed></trkpt><trkpt lat="25.014775" lon="121.532172"><time>2026-10-02T06:27:54Z</time><ele>16</ele><speed>16.892</speed></trkpt><trkpt lat="25.014803" lon="121.53214"><time>2026-10-02T06:27:55Z</time><ele>17</ele><speed>14.211</speed></trkpt><trkpt lat="25.014823" lon="121.532107"><time>2026-10-02T06:27:56Z</time><ele>17</ele><speed>13.38</speed></trkpt><trkpt lat="25.014832" lon="121.532073"><time>2026-10-02T06:27:57Z</time><ele>17</ele><speed>15.342</speed></trkpt><trkpt lat="25.014828" lon="121.532041"><time>2026-10-02T06:27:58Z</time><ele>17</ele><speed>16.084</speed></trkpt><trkpt lat="25.014815" lon="121.532009"><time>2026-10-02T06:27:59Z</time><ele>16</ele><speed>16.681</speed></trkpt><trkpt lat="25.014792" lon="121.531978"><time>2026-10-02T06:28:00Z</time><ele>16</ele><speed>17.416</speed></trkpt><trkpt lat="25.014765" lon="121.531946"><time>2026-10-02T06:28:01Z</time><ele>16</ele><speed>16.59</speed></trkpt><trkpt lat="25.014733" lon="121.531916"><time>2026-10-02T06:28:02Z</time><ele>16</ele><speed>16.178</speed></trkpt><trkpt lat="25.014699" lon="121.531884"><time>2026-10-02T06:28:03Z</time><ele>16</ele><speed>18.486</speed></trkpt><trkpt lat="25.014667" lon="121.53185"><time>2026-10-02T06:28:04Z</time><ele>16</ele><speed>17.216</speed></trkpt><trkpt lat="25.014635" lon="121.531819"><time>2026-10-02T06:28:05Z</time><ele>15</ele><speed>16.056</speed></trkpt><trkpt lat="25.014605" lon="121.53179"><time>2026-10-02T06:28:06Z</time><ele>16</ele><speed>15.184</speed></trkpt><trkpt lat="25.014575" lon="121.531761"><time>2026-10-02T06:28:07Z</time><ele>16</ele><speed>15.871</speed></trkpt><trkpt lat="25.014546" lon="121.531732"><time>2026-10-02T06:28:08Z</time><ele>16</ele><speed>15.588</speed></trkpt><trkpt lat="25.014522" lon="121.531707"><time>2026-10-02T06:28:09Z</time><ele>15</ele><speed>14.154</speed></trkpt><trkpt lat="25.014498" lon="121.531683"><time>2026-10-02T06:28:10Z</time><ele>16</ele><speed>13.151</speed></trkpt><trkpt lat="25.014474" lon="121.531658"><time>2026-10-02T06:28:11Z</time><ele>16</ele><speed>13.148</speed></trkpt><trkpt lat="25.01445" lon="121.531634"><time>2026-10-02T06:28:12Z</time><ele>15</ele><speed>12.856</speed></trkpt><trkpt lat="25.014425" lon="121.531608"><time>2026-10-02T06:28:13Z</time><ele>15</ele><speed>15.019</speed></trkpt><trkpt lat="25.014402" lon="121.531583"><time>2026-10-02T06:28:14Z</time><ele>15</ele><speed>13.348</speed></trkpt><trkpt lat="25.014377" lon="121.531557"><time>2026-10-02T06:28:15Z</time><ele>15</ele><speed>14.163</speed></trkpt><trkpt lat="25.01435" lon="121.531531"><time>2026-10-02T06:28:16Z</time><ele>16</ele><speed>14.872</speed></trkpt><trkpt lat="25.014324" lon="121.531505"><time>2026-10-02T06:28:17Z</time><ele>15</ele><speed>15.434</speed></trkpt><trkpt lat="25.014298" lon="121.531476"><time>2026-10-02T06:28:18Z</time><ele>15</ele><speed>15.11</speed></trkpt><trkpt lat="25.014275" lon="121.531447"><time>2026-10-02T06:28:19Z</time><ele>15</ele><speed>14.694</speed></trkpt><trkpt lat="25.014251" lon="121.531415"><time>2026-10-02T06:28:20Z</time><ele>14</ele><speed>16.2</speed></trkpt><trkpt lat="25.014231" lon="121.531383"><time>2026-10-02T06:28:21Z</time><ele>15</ele><speed>13.022</speed></trkpt><trkpt lat="25.014214" lon="121.531349"><time>2026-10-02T06:28:22Z</time><ele>15</ele><speed>12.77</speed></trkpt><trkpt lat="25.0142" lon="121.531314"><time>2026-10-02T06:28:23Z</time><ele>15</ele><speed>13.286</speed></trkpt><trkpt lat="25.014184" lon="121.531278"><time>2026-10-02T06:28:24Z</time><ele>15</ele><speed>15.009</speed></trkpt><trkpt lat="25.014169" lon="121.531238"><time>2026-10-02T06:28:25Z</time><ele>15</ele><speed>16.195</speed></trkpt><trkpt lat="25.014155" lon="121.531201"><time>2026-10-02T06:28:26Z</time><ele>15</ele><speed>15.518</speed></trkpt><trkpt lat="25.014138" lon="121.531165"><time>2026-10-02T06:28:27Z</time><ele>14</ele><speed>13.082</speed></trkpt><trkpt lat="25.014119" lon="121.531126"><time>2026-10-02T06:28:28Z</time><ele>15</ele><speed>15.519</speed></trkpt><trkpt lat="25.014097" lon="121.531087"><time>2026-10-02T06:28:29Z</time><ele>15</ele><speed>16.284</speed></trkpt><trkpt lat="25.014075" lon="121.53105"><time>2026-10-02T06:28:30Z</time><ele>14</ele><speed>16.196</speed></trkpt><trkpt lat="25.014053" lon="121.531017"><time>2026-10-02T06:28:31Z</time><ele>15</ele><speed>15.656</speed></trkpt><trkpt lat="25.014028" lon="121.530981"><time>2026-10-02T06:28:32Z</time><ele>15</ele><speed>16.561</speed></trkpt><trkpt lat="25.013999" lon="121.530941"><time>2026-10-02T06:28:33Z</time><ele>14</ele><speed>18.48</speed></trkpt><trkpt lat="25.013968" lon="121.530903"><time>2026-10-02T06:28:34Z</time><ele>14</ele><speed>18.753</speed></trkpt><trkpt lat="25.013937" lon="121.530866"><time>2026-10-02T06:28:35Z</time><ele>14</ele><speed>18.617</speed></trkpt><trkpt lat="25.013905" lon="121.530828"><time>2026-10-02T06:28:36Z</time><ele>15</ele><speed>18.273</speed></trkpt><trkpt lat="25.013874" lon="121.530791"><time>2026-10-02T06:28:37Z</time><ele>14</ele><speed>14.271</speed></trkpt><trkpt lat="25.013842" lon="121.530755"><time>2026-10-02T06:28:38Z</time><ele>14</ele><speed>16.332</speed></trkpt><trkpt lat="25.013811" lon="121.530718"><time>2026-10-02T06:28:39Z</time><ele>15</ele><speed>17.869</speed></trkpt><trkpt lat="25.013781" lon="121.530682"><time>2026-10-02T06:28:40Z</time><ele>14</ele><speed>17.351</speed></trkpt><trkpt lat="25.013751" lon="121.530645"><time>2026-10-02T06:28:41Z</time><ele>14</ele><speed>18.616</speed></trkpt><trkpt lat="25.013721" lon="121.530607"><time>2026-10-02T06:28:42Z</time><ele>14</ele><speed>19.205</speed></trkpt><trkpt lat="25.013689" lon="121.530566"><time>2026-10-02T06:28:43Z</time><ele>14</ele><speed>18.969</speed></trkpt><trkpt lat="25.013659" lon="121.530525"><time>2026-10-02T06:28:44Z</time><ele>15</ele><speed>18.322</speed></trkpt><trkpt lat="25.013631" lon="121.530486"><time>2026-10-02T06:28:45Z</time><ele>15</ele><speed>16.69</speed></trkpt><trkpt lat="25.013604" lon="121.530447"><time>2026-10-02T06:28:46Z</time><ele>14</ele><speed>16.103</speed></trkpt><trkpt lat="25.01358" lon="121.53041"><time>2026-10-02T06:28:47Z</time><ele>14</ele><speed>15.579</speed></trkpt><trkpt lat="25.013555" lon="121.530372"><time>2026-10-02T06:28:48Z</time><ele>15</ele><speed>18.45</speed></trkpt><trkpt lat="25.013531" lon="121.530333"><time>2026-10-02T06:28:49Z</time><ele>14</ele><speed>18.448</speed></trkpt><trkpt lat="25.013506" lon="121.530294"><time>2026-10-02T06:28:50Z</time><ele>14</ele><speed>18.342</speed></trkpt><trkpt lat="25.013481" lon="121.530254"><time>2026-10-02T06:28:51Z</time><ele>14</ele><speed>17.364</speed></trkpt><trkpt lat="25.013455" lon="121.530215"><time>2026-10-02T06:28:52Z</time><ele>15</ele><speed>16.275</speed></trkpt><trkpt lat="25.01343" lon="121.530175"><time>2026-10-02T06:28:53Z</time><ele>15</ele><speed>16.314</speed></trkpt><trkpt lat="25.013406" lon="121.530136"><time>2026-10-02T06:28:54Z</time><ele>14</ele><speed>17.463</speed></trkpt><trkpt lat="25.013382" lon="121.530096"><time>2026-10-02T06:28:55Z</time><ele>16</ele><speed>18.237</speed></trkpt><trkpt lat="25.013359" lon="121.530055"><time>2026-10-02T06:28:56Z</time><ele>15</ele><speed>18.839</speed></trkpt><trkpt lat="25.013336" lon="121.530014"><time>2026-10-02T06:28:57Z</time><ele>15</ele><speed>17.761</speed></trkpt><trkpt lat="25.01331" lon="121.529969"><time>2026-10-02T06:28:58Z</time><ele>15</ele><speed>18.213</speed></trkpt><trkpt lat="25.013284" lon="121.529926"><time>2026-10-02T06:28:59Z</time><ele>14</ele><speed>16.396</speed></trkpt><trkpt lat="25.013256" lon="121.529884"><time>2026-10-02T06:29:00Z</time><ele>15</ele><speed>16.439</speed></trkpt><trkpt lat="25.013226" lon="121.529842"><time>2026-10-02T06:29:01Z</time><ele>14</ele><speed>18.384</speed></trkpt><trkpt lat="25.013193" lon="121.529802"><time>2026-10-02T06:29:02Z</time><ele>15</ele><speed>19.065</speed></trkpt><trkpt lat="25.013152" lon="121.52977"><time>2026-10-02T06:29:03Z</time><ele>15</ele><speed>18.073</speed></trkpt><trkpt lat="25.01311" lon="121.529742"><time>2026-10-02T06:29:04Z</time><ele>15</ele><speed>18.163</speed></trkpt><trkpt lat="25.013066" lon="121.529714"><time>2026-10-02T06:29:05Z</time><ele>15</ele><speed>17.483</speed></trkpt><trkpt lat="25.013015" lon="121.529684"><time>2026-10-02T06:29:06Z</time><ele>15</ele><speed>22.358</speed></trkpt><trkpt lat="25.012966" lon="121.529655"><time>2026-10-02T06:29:07Z</time><ele>15</ele><speed>20.886</speed></trkpt><trkpt lat="25.012916" lon="121.529629"><time>2026-10-02T06:29:08Z</time><ele>15</ele><speed>20.47</speed></trkpt><trkpt lat="25.012875" lon="121.52959"><time>2026-10-02T06:29:09Z</time><ele>14</ele><speed>20.253</speed></trkpt><trkpt lat="25.012836" lon="121.529552"><time>2026-10-02T06:29:10Z</time><ele>14</ele><speed>19.461</speed></trkpt><trkpt lat="25.012798" lon="121.529513"><time>2026-10-02T06:29:11Z</time><ele>15</ele><speed>18.777</speed></trkpt><trkpt lat="25.012769" lon="121.529476"><time>2026-10-02T06:29:12Z</time><ele>15</ele><speed>18.043</speed></trkpt><trkpt lat="25.012741" lon="121.529443"><time>2026-10-02T06:29:13Z</time><ele>15</ele><speed>17.445</speed></trkpt><trkpt lat="25.012717" lon="121.529407"><time>2026-10-02T06:29:14Z</time><ele>14</ele><speed>17.357</speed></trkpt><trkpt lat="25.012692" lon="121.529375"><time>2026-10-02T06:29:15Z</time><ele>15</ele><speed>16.684</speed></trkpt><trkpt lat="25.012667" lon="121.529345"><time>2026-10-02T06:29:16Z</time><ele>16</ele><speed>15.828</speed></trkpt><trkpt lat="25.012639" lon="121.529316"><time>2026-10-02T06:29:17Z</time><ele>15</ele><speed>16.495</speed></trkpt><trkpt lat="25.012612" lon="121.529286"><time>2026-10-02T06:29:18Z</time><ele>16</ele><speed>16.62</speed></trkpt><trkpt lat="25.012583" lon="121.529254"><time>2026-10-02T06:29:19Z</time><ele>15</ele><speed>17.06</speed></trkpt><trkpt lat="25.012553" lon="121.529222"><time>2026-10-02T06:29:20Z</time><ele>15</ele><speed>18.357</speed></trkpt><trkpt lat="25.01252" lon="121.529187"><time>2026-10-02T06:29:21Z</time><ele>15</ele><speed>18.947</speed></trkpt><trkpt lat="25.012485" lon="121.529149"><time>2026-10-02T06:29:22Z</time><ele>16</ele><speed>18.825</speed></trkpt><trkpt lat="25.012451" lon="121.529112"><time>2026-10-02T06:29:23Z</time><ele>15</ele><speed>18.522</speed></trkpt><trkpt lat="25.012416" lon="121.529074"><time>2026-10-02T06:29:24Z</time><ele>15</ele><speed>18.251</speed></trkpt><trkpt lat="25.012378" lon="121.529036"><time>2026-10-02T06:29:25Z</time><ele>15</ele><speed>18.104</speed></trkpt><trkpt lat="25.012345" lon="121.529"><time>2026-10-02T06:29:26Z</time><ele>15</ele><speed>15.33</speed></trkpt><trkpt lat="25.012313" lon="121.528966"><time>2026-10-02T06:29:27Z</time><ele>16</ele><speed>15.293</speed></trkpt><trkpt lat="25.012283" lon="121.528933"><time>2026-10-02T06:29:28Z</time><ele>15</ele><speed>14.961</speed></trkpt><trkpt lat="25.012254" lon="121.528903"><time>2026-10-02T06:29:29Z</time><ele>16</ele><speed>14.461</speed></trkpt><trkpt lat="25.012226" lon="121.528875"><time>2026-10-02T06:29:30Z</time><ele>16</ele><speed>13.298</speed></trkpt><trkpt lat="25.012199" lon="121.528849"><time>2026-10-02T06:29:31Z</time><ele>16</ele><speed>13.739</speed></trkpt><trkpt lat="25.012167" lon="121.528823"><time>2026-10-02T06:29:32Z</time><ele>17</ele><speed>14.356</speed></trkpt><trkpt lat="25.012133" lon="121.528798"><time>2026-10-02T06:29:33Z</time><ele>16</ele><speed>14.576</speed></trkpt><trkpt lat="25.012098" lon="121.528773"><time>2026-10-02T06:29:34Z</time><ele>17</ele><speed>14.766</speed></trkpt><trkpt lat="25.012064" lon="121.528746"><time>2026-10-02T06:29:35Z</time><ele>16</ele><speed>14.505</speed></trkpt><trkpt lat="25.012031" lon="121.528714"><time>2026-10-02T06:29:36Z</time><ele>16</ele><speed>16.071</speed></trkpt><trkpt lat="25.012001" lon="121.528677"><time>2026-10-02T06:29:37Z</time><ele>17</ele><speed>16.724</speed></trkpt><trkpt lat="25.011972" lon="121.528642"><time>2026-10-02T06:29:38Z</time><ele>17</ele><speed>15.978</speed></trkpt><trkpt lat="25.011944" lon="121.528608"><time>2026-10-02T06:29:39Z</time><ele>18</ele><speed>16.01</speed></trkpt><trkpt lat="25.01191" lon="121.528571"><time>2026-10-02T06:29:40Z</time><ele>20</ele><speed>14.727</speed></trkpt><trkpt lat="25.011878" lon="121.528538"><time>2026-10-02T06:29:41Z</time><ele>20</ele><speed>11.54</speed></trkpt><trkpt lat="25.011848" lon="121.528514"><time>2026-10-02T06:29:42Z</time><ele>20</ele><speed>11.344</speed></trkpt><trkpt lat="25.011821" lon="121.528502"><time>2026-10-02T06:29:43Z</time><ele>21</ele><speed>12.582</speed></trkpt><trkpt lat="25.011796" lon="121.528494"><time>2026-10-02T06:29:44Z</time><ele>21</ele><speed>13.241</speed></trkpt><trkpt lat="25.011773" lon="121.528491"><time>2026-10-02T06:29:45Z</time><ele>19</ele><speed>13.572</speed></trkpt><trkpt lat="25.011755" lon="121.528508"><time>2026-10-02T06:29:47Z</time><ele>23</ele><speed>15.026</speed></trkpt><trkpt lat="25.011725" lon="121.528541"><time>2026-10-02T06:29:48Z</time><ele>22</ele><speed>15.952</speed></trkpt><trkpt lat="25.011694" lon="121.52858"><time>2026-10-02T06:29:49Z</time><ele>22</ele><speed>15.068</speed></trkpt><trkpt lat="25.01166" lon="121.528621"><time>2026-10-02T06:29:50Z</time><ele>22</ele><speed>15.013</speed></trkpt><trkpt lat="25.011625" lon="121.528667"><time>2026-10-02T06:29:51Z</time><ele>22</ele><speed>15.276</speed></trkpt><trkpt lat="25.01159" lon="121.528715"><time>2026-10-02T06:29:52Z</time><ele>23</ele><speed>14.67</speed></trkpt><trkpt lat="25.011558" lon="121.528755"><time>2026-10-02T06:29:53Z</time><ele>24</ele><speed>14.19</speed></trkpt><trkpt lat="25.011534" lon="121.528784"><time>2026-10-02T06:29:54Z</time><ele>23</ele><speed>15.354</speed></trkpt><trkpt lat="25.011508" lon="121.52881"><time>2026-10-02T06:29:55Z</time><ele>24</ele><speed>15.31</speed></trkpt><trkpt lat="25.011476" lon="121.528831"><time>2026-10-02T06:29:56Z</time><ele>24</ele><speed>15.81</speed></trkpt><trkpt lat="25.011441" lon="121.528847"><time>2026-10-02T06:29:57Z</time><ele>23</ele><speed>16.921</speed></trkpt><trkpt lat="25.011402" lon="121.528862"><time>2026-10-02T06:29:58Z</time><ele>24</ele><speed>17.337</speed></trkpt><trkpt lat="25.01136" lon="121.528876"><time>2026-10-02T06:29:59Z</time><ele>24</ele><speed>17.33</speed></trkpt><trkpt lat="25.011317" lon="121.528886"><time>2026-10-02T06:30:00Z</time><ele>23</ele><speed>17.367</speed></trkpt><trkpt lat="25.011273" lon="121.528894"><time>2026-10-02T06:30:01Z</time><ele>23</ele><speed>16.766</speed></trkpt><trkpt lat="25.011232" lon="121.528904"><time>2026-10-02T06:30:02Z</time><ele>24</ele><speed>15.574</speed></trkpt><trkpt lat="25.011193" lon="121.528913"><time>2026-10-02T06:30:03Z</time><ele>24</ele><speed>14.015</speed></trkpt><trkpt lat="25.011156" lon="121.528923"><time>2026-10-02T06:30:04Z</time><ele>24</ele><speed>13.559</speed></trkpt><trkpt lat="25.011117" lon="121.528938"><time>2026-10-02T06:30:05Z</time><ele>24</ele><speed>13.56</speed></trkpt><trkpt lat="25.011082" lon="121.528955"><time>2026-10-02T06:30:06Z</time><ele>18</ele><speed>13.864</speed></trkpt><trkpt lat="25.011051" lon="121.528975"><time>2026-10-02T06:30:07Z</time><ele>17</ele><speed>13.956</speed></trkpt><trkpt lat="25.011023" lon="121.528998"><time>2026-10-02T06:30:08Z</time><ele>16</ele><speed>14.049</speed></trkpt><trkpt lat="25.010996" lon="121.529023"><time>2026-10-02T06:30:09Z</time><ele>15</ele><speed>13.894</speed></trkpt><trkpt lat="25.010964" lon="121.529053"><time>2026-10-02T06:30:10Z</time><ele>18</ele><speed>17.44</speed></trkpt><trkpt lat="25.010934" lon="121.529082"><time>2026-10-02T06:30:11Z</time><ele>16</ele><speed>17.201</speed></trkpt><trkpt lat="25.010901" lon="121.52911"><time>2026-10-02T06:30:12Z</time><ele>17</ele><speed>16.745</speed></trkpt><trkpt lat="25.010864" lon="121.529139"><time>2026-10-02T06:30:13Z</time><ele>16</ele><speed>15.994</speed></trkpt><trkpt lat="25.010826" lon="121.529166"><time>2026-10-02T06:30:14Z</time><ele>16</ele><speed>15.149</speed></trkpt><trkpt lat="25.010791" lon="121.529194"><time>2026-10-02T06:30:15Z</time><ele>16</ele><speed>14.063</speed></trkpt><trkpt lat="25.010766" lon="121.529222"><time>2026-10-02T06:30:16Z</time><ele>17</ele><speed>14.316</speed></trkpt><trkpt lat="25.010743" lon="121.529246"><time>2026-10-02T06:30:17Z</time><ele>16</ele><speed>13.348</speed></trkpt><trkpt lat="25.010726" lon="121.52927"><time>2026-10-02T06:30:18Z</time><ele>15</ele><speed>13.377</speed></trkpt><trkpt lat="25.01071" lon="121.529294"><time>2026-10-02T06:30:19Z</time><ele>14</ele><speed>13.918</speed></trkpt><trkpt lat="25.010693" lon="121.529326"><time>2026-10-02T06:30:20Z</time><ele>16</ele><speed>17.629</speed></trkpt><trkpt lat="25.010673" lon="121.529364"><time>2026-10-02T06:30:21Z</time><ele>15</ele><speed>19.907</speed></trkpt><trkpt lat="25.010652" lon="121.529411"><time>2026-10-02T06:30:22Z</time><ele>13</ele><speed>22.214</speed></trkpt><trkpt lat="25.010631" lon="121.529462"><time>2026-10-02T06:30:23Z</time><ele>14</ele><speed>22.035</speed></trkpt><trkpt lat="25.010618" lon="121.529525"><time>2026-10-02T06:30:24Z</time><ele>14</ele><speed>24.574</speed></trkpt><trkpt lat="25.010609" lon="121.529599"><time>2026-10-02T06:30:25Z</time><ele>14</ele><speed>27.458</speed></trkpt><trkpt lat="25.010598" lon="121.529704"><time>2026-10-02T06:30:27Z</time><ele>12</ele><speed>33.95</speed></trkpt><trkpt lat="25.010589" lon="121.529818"><time>2026-10-02T06:30:28Z</time><ele>14</ele><speed>34.811</speed></trkpt><trkpt lat="25.010579" lon="121.529932"><time>2026-10-02T06:30:29Z</time><ele>16</ele><speed>33.704</speed></trkpt><trkpt lat="25.010569" lon="121.530053"><time>2026-10-02T06:30:30Z</time><ele>16</ele><speed>33.416</speed></trkpt><trkpt lat="25.01055" lon="121.530175"><time>2026-10-02T06:30:31Z</time><ele>17</ele><speed>33.728</speed></trkpt><trkpt lat="25.010528" lon="121.530299"><time>2026-10-02T06:30:32Z</time><ele>16</ele><speed>34.283</speed></trkpt><trkpt lat="25.0105" lon="121.530407"><time>2026-10-02T06:30:34Z</time><ele>19</ele><speed>33.046</speed></trkpt><trkpt lat="25.010468" lon="121.530513"><time>2026-10-02T06:30:35Z</time><ele>18</ele><speed>33.924</speed></trkpt><trkpt lat="25.010429" lon="121.530617"><time>2026-10-02T06:30:36Z</time><ele>18</ele><speed>33.909</speed></trkpt><trkpt lat="25.010385" lon="121.53072"><time>2026-10-02T06:30:37Z</time><ele>18</ele><speed>33.641</speed></trkpt><trkpt lat="25.010334" lon="121.530814"><time>2026-10-02T06:30:38Z</time><ele>18</ele><speed>31.445</speed></trkpt><trkpt lat="25.010278" lon="121.530903"><time>2026-10-02T06:30:39Z</time><ele>17</ele><speed>30.188</speed></trkpt><trkpt lat="25.010226" lon="121.530973"><time>2026-10-02T06:30:40Z</time><ele>20</ele><speed>29.885</speed></trkpt><trkpt lat="25.010178" lon="121.531037"><time>2026-10-02T06:30:41Z</time><ele>17</ele><speed>27.506</speed></trkpt><trkpt lat="25.010136" lon="121.5311"><time>2026-10-02T06:30:42Z</time><ele>17</ele><speed>27.499</speed></trkpt><trkpt lat="25.010097" lon="121.531158"><time>2026-10-02T06:30:43Z</time><ele>16</ele><speed>25.789</speed></trkpt><trkpt lat="25.010064" lon="121.531216"><time>2026-10-02T06:30:44Z</time><ele>16</ele><speed>24.709</speed></trkpt><trkpt lat="25.010038" lon="121.531272"><time>2026-10-02T06:30:45Z</time><ele>12</ele><speed>23.26</speed></trkpt><trkpt lat="25.010014" lon="121.531331"><time>2026-10-02T06:30:46Z</time><ele>15</ele><speed>24.067</speed></trkpt><trkpt lat="25.009993" lon="121.531383"><time>2026-10-02T06:30:47Z</time><ele>12</ele><speed>20.948</speed></trkpt><trkpt lat="25.009973" lon="121.53143"><time>2026-10-02T06:30:48Z</time><ele>12</ele><speed>19.691</speed></trkpt><trkpt lat="25.009952" lon="121.531478"><time>2026-10-02T06:30:49Z</time><ele>12</ele><speed>19.469</speed></trkpt><trkpt lat="25.009932" lon="121.531525"><time>2026-10-02T06:30:50Z</time><ele>12</ele><speed>18.912</speed></trkpt><trkpt lat="25.009907" lon="121.531567"><time>2026-10-02T06:30:51Z</time><ele>12</ele><speed>18.405</speed></trkpt><trkpt lat="25.009884" lon="121.531607"><time>2026-10-02T06:30:52Z</time><ele>10</ele><speed>19.014</speed></trkpt><trkpt lat="25.009857" lon="121.531651"><time>2026-10-02T06:30:53Z</time><ele>11</ele><speed>19.97</speed></trkpt><trkpt lat="25.009828" lon="121.531694"><time>2026-10-02T06:30:54Z</time><ele>11</ele><speed>19.691</speed></trkpt><trkpt lat="25.0098" lon="121.531736"><time>2026-10-02T06:30:55Z</time><ele>10</ele><speed>17.962</speed></trkpt><trkpt lat="25.009771" lon="121.531775"><time>2026-10-02T06:30:56Z</time><ele>10</ele><speed>17.732</speed></trkpt><trkpt lat="25.009742" lon="121.531816"><time>2026-10-02T06:30:57Z</time><ele>9</ele><speed>17.068</speed></trkpt><trkpt lat="25.009716" lon="121.531855"><time>2026-10-02T06:30:58Z</time><ele>9</ele><speed>17.617</speed></trkpt><trkpt lat="25.00969" lon="121.531894"><time>2026-10-02T06:30:59Z</time><ele>9</ele><speed>19.077</speed></trkpt><trkpt lat="25.009663" lon="121.531932"><time>2026-10-02T06:31:00Z</time><ele>8</ele><speed>19.967</speed></trkpt><trkpt lat="25.009634" lon="121.53197"><time>2026-10-02T06:31:01Z</time><ele>9</ele><speed>20.168</speed></trkpt><trkpt lat="25.009605" lon="121.532011"><time>2026-10-02T06:31:02Z</time><ele>9</ele><speed>20.408</speed></trkpt><trkpt lat="25.009575" lon="121.532054"><time>2026-10-02T06:31:03Z</time><ele>9</ele><speed>19.815</speed></trkpt><trkpt lat="25.009544" lon="121.532097"><time>2026-10-02T06:31:04Z</time><ele>10</ele><speed>19.599</speed></trkpt><trkpt lat="25.009512" lon="121.532139"><time>2026-10-02T06:31:05Z</time><ele>10</ele><speed>19.184</speed></trkpt><trkpt lat="25.009482" lon="121.532181"><time>2026-10-02T06:31:06Z</time><ele>11</ele><speed>18.551</speed></trkpt><trkpt lat="25.009451" lon="121.532224"><time>2026-10-02T06:31:07Z</time><ele>10</ele><speed>19.173</speed></trkpt><trkpt lat="25.009421" lon="121.532263"><time>2026-10-02T06:31:08Z</time><ele>13</ele><speed>18.675</speed></trkpt><trkpt lat="25.009391" lon="121.532306"><time>2026-10-02T06:31:09Z</time><ele>12</ele><speed>20.452</speed></trkpt><trkpt lat="25.00936" lon="121.532353"><time>2026-10-02T06:31:10Z</time><ele>10</ele><speed>22.657</speed></trkpt><trkpt lat="25.009329" lon="121.532398"><time>2026-10-02T06:31:11Z</time><ele>12</ele><speed>21.38</speed></trkpt><trkpt lat="25.009296" lon="121.532442"><time>2026-10-02T06:31:12Z</time><ele>13</ele><speed>19.957</speed></trkpt><trkpt lat="25.009262" lon="121.532483"><time>2026-10-02T06:31:13Z</time><ele>11</ele><speed>19.227</speed></trkpt><trkpt lat="25.009227" lon="121.532524"><time>2026-10-02T06:31:14Z</time><ele>13</ele><speed>18.705</speed></trkpt><trkpt lat="25.009192" lon="121.532562"><time>2026-10-02T06:31:15Z</time><ele>11</ele><speed>18.842</speed></trkpt><trkpt lat="25.009156" lon="121.532595"><time>2026-10-02T06:31:16Z</time><ele>10</ele><speed>20.253</speed></trkpt><trkpt lat="25.009119" lon="121.532628"><time>2026-10-02T06:31:17Z</time><ele>11</ele><speed>20.607</speed></trkpt><trkpt lat="25.009083" lon="121.532661"><time>2026-10-02T06:31:18Z</time><ele>12</ele><speed>19.995</speed></trkpt><trkpt lat="25.00905" lon="121.532695"><time>2026-10-02T06:31:19Z</time><ele>12</ele><speed>19.079</speed></trkpt><trkpt lat="25.009009" lon="121.532725"><time>2026-10-02T06:31:20Z</time><ele>11</ele><speed>19.628</speed></trkpt><trkpt lat="25.008965" lon="121.532751"><time>2026-10-02T06:31:21Z</time><ele>13</ele><speed>18.582</speed></trkpt><trkpt lat="25.008926" lon="121.532778"><time>2026-10-02T06:31:22Z</time><ele>14</ele><speed>17.822</speed></trkpt><trkpt lat="25.008881" lon="121.532803"><time>2026-10-02T06:31:23Z</time><ele>14</ele><speed>19.276</speed></trkpt><trkpt lat="25.008835" lon="121.532829"><time>2026-10-02T06:31:24Z</time><ele>13</ele><speed>19.892</speed></trkpt><trkpt lat="25.008785" lon="121.532847"><time>2026-10-02T06:31:25Z</time><ele>13</ele><speed>18.742</speed></trkpt><trkpt lat="25.008739" lon="121.532867"><time>2026-10-02T06:31:26Z</time><ele>13</ele><speed>20.122</speed></trkpt><trkpt lat="25.008689" lon="121.532886"><time>2026-10-02T06:31:27Z</time><ele>12</ele><speed>21.873</speed></trkpt><trkpt lat="25.008633" lon="121.532898"><time>2026-10-02T06:31:28Z</time><ele>11</ele><speed>21.957</speed></trkpt><trkpt lat="25.008579" lon="121.532909"><time>2026-10-02T06:31:29Z</time><ele>10</ele><speed>22.408</speed></trkpt><trkpt lat="25.008523" lon="121.532917"><time>2026-10-02T06:31:30Z</time><ele>12</ele><speed>22.14</speed></trkpt><trkpt lat="25.008466" lon="121.532928"><time>2026-10-02T06:31:31Z</time><ele>12</ele><speed>21.464</speed></trkpt><trkpt lat="25.008412" lon="121.53294"><time>2026-10-02T06:31:32Z</time><ele>12</ele><speed>20.628</speed></trkpt><trkpt lat="25.008359" lon="121.532953"><time>2026-10-02T06:31:33Z</time><ele>11</ele><speed>21.051</speed></trkpt><trkpt lat="25.008307" lon="121.532967"><time>2026-10-02T06:31:34Z</time><ele>11</ele><speed>20.416</speed></trkpt><trkpt lat="25.008257" lon="121.532975"><time>2026-10-02T06:31:35Z</time><ele>12</ele><speed>19.654</speed></trkpt><trkpt lat="25.008209" lon="121.532983"><time>2026-10-02T06:31:36Z</time><ele>12</ele><speed>19.306</speed></trkpt><trkpt lat="25.00816" lon="121.53299"><time>2026-10-02T06:31:37Z</time><ele>10</ele><speed>19.758</speed></trkpt><trkpt lat="25.008112" lon="121.532995"><time>2026-10-02T06:31:38Z</time><ele>11</ele><speed>20.76</speed></trkpt><trkpt lat="25.008064" lon="121.533"><time>2026-10-02T06:31:39Z</time><ele>12</ele><speed>20.848</speed></trkpt><trkpt lat="25.008017" lon="121.53301"><time>2026-10-02T06:31:40Z</time><ele>12</ele><speed>20.93</speed></trkpt><trkpt lat="25.007968" lon="121.533023"><time>2026-10-02T06:31:41Z</time><ele>12</ele><speed>20.362</speed></trkpt><trkpt lat="25.007919" lon="121.533036"><time>2026-10-02T06:31:42Z</time><ele>11</ele><speed>19.563</speed></trkpt><trkpt lat="25.007872" lon="121.533051"><time>2026-10-02T06:31:43Z</time><ele>11</ele><speed>18.733</speed></trkpt><trkpt lat="25.007826" lon="121.533066"><time>2026-10-02T06:31:44Z</time><ele>11</ele><speed>18.842</speed></trkpt><trkpt lat="25.00778" lon="121.53308"><time>2026-10-02T06:31:45Z</time><ele>11</ele><speed>19.668</speed></trkpt><trkpt lat="25.007733" lon="121.533092"><time>2026-10-02T06:31:46Z</time><ele>11</ele><speed>20.651</speed></trkpt><trkpt lat="25.007685" lon="121.533106"><time>2026-10-02T06:31:47Z</time><ele>12</ele><speed>20.966</speed></trkpt><trkpt lat="25.007638" lon="121.533121"><time>2026-10-02T06:31:48Z</time><ele>11</ele><speed>20.079</speed></trkpt><trkpt lat="25.007589" lon="121.533139"><time>2026-10-02T06:31:49Z</time><ele>11</ele><speed>19.891</speed></trkpt><trkpt lat="25.00754" lon="121.533157"><time>2026-10-02T06:31:50Z</time><ele>12</ele><speed>20.44</speed></trkpt><trkpt lat="25.00749" lon="121.533176"><time>2026-10-02T06:31:51Z</time><ele>11</ele><speed>20.012</speed></trkpt><trkpt lat="25.007442" lon="121.533196"><time>2026-10-02T06:31:52Z</time><ele>11</ele><speed>19.369</speed></trkpt><trkpt lat="25.007396" lon="121.533215"><time>2026-10-02T06:31:53Z</time><ele>10</ele><speed>18.724</speed></trkpt><trkpt lat="25.00735" lon="121.533234"><time>2026-10-02T06:31:54Z</time><ele>10</ele><speed>17.895</speed></trkpt><trkpt lat="25.007307" lon="121.533254"><time>2026-10-02T06:31:55Z</time><ele>10</ele><speed>16.927</speed></trkpt><trkpt lat="25.007266" lon="121.533274"><time>2026-10-02T06:31:56Z</time><ele>11</ele><speed>16.386</speed></trkpt><trkpt lat="25.007227" lon="121.533294"><time>2026-10-02T06:31:57Z</time><ele>11</ele><speed>16.276</speed></trkpt><trkpt lat="25.007188" lon="121.533314"><time>2026-10-02T06:31:58Z</time><ele>11</ele><speed>17.016</speed></trkpt><trkpt lat="25.00715" lon="121.533334"><time>2026-10-02T06:31:59Z</time><ele>11</ele><speed>17.79</speed></trkpt><trkpt lat="25.007111" lon="121.533355"><time>2026-10-02T06:32:00Z</time><ele>12</ele><speed>18.502</speed></trkpt><trkpt lat="25.007071" lon="121.533377"><time>2026-10-02T06:32:01Z</time><ele>13</ele><speed>19.105</speed></trkpt><trkpt lat="25.007029" lon="121.5334"><time>2026-10-02T06:32:02Z</time><ele>13</ele><speed>19.288</speed></trkpt><trkpt lat="25.006988" lon="121.533423"><time>2026-10-02T06:32:03Z</time><ele>13</ele><speed>16.641</speed></trkpt><trkpt lat="25.00695" lon="121.533443"><time>2026-10-02T06:32:04Z</time><ele>12</ele><speed>12.207</speed></trkpt><trkpt lat="25.00692" lon="121.533459"><time>2026-10-02T06:32:05Z</time><ele>12</ele><speed>6.014</speed></trkpt><trkpt lat="25.006896" lon="121.533471"><time>2026-10-02T06:32:06Z</time><ele>13</ele><speed>2.558</speed></trkpt><trkpt lat="25.006877" lon="121.533482"><time>2026-10-02T06:32:20Z</time><ele>14</ele><speed>3.398</speed></trkpt><trkpt lat="25.006859" lon="121.533494"><time>2026-10-02T06:32:22Z</time><ele>14</ele><speed>10.564</speed></trkpt><trkpt lat="25.006842" lon="121.533508"><time>2026-10-02T06:32:23Z</time><ele>14</ele><speed>12.416</speed></trkpt><trkpt lat="25.006823" lon="121.533524"><time>2026-10-02T06:32:24Z</time><ele>15</ele><speed>13.558</speed></trkpt><trkpt lat="25.006799" lon="121.533545"><time>2026-10-02T06:32:25Z</time><ele>15</ele><speed>15.435</speed></trkpt><trkpt lat="25.006768" lon="121.533572"><time>2026-10-02T06:32:26Z</time><ele>14</ele><speed>16.685</speed></trkpt><trkpt lat="25.006733" lon="121.533599"><time>2026-10-02T06:32:27Z</time><ele>13</ele><speed>17.544</speed></trkpt><trkpt lat="25.0067" lon="121.533625"><time>2026-10-02T06:32:28Z</time><ele>14</ele><speed>17.906</speed></trkpt><trkpt lat="25.006663" lon="121.533651"><time>2026-10-02T06:32:29Z</time><ele>14</ele><speed>18.262</speed></trkpt><trkpt lat="25.006625" lon="121.533677"><time>2026-10-02T06:32:30Z</time><ele>15</ele><speed>18.218</speed></trkpt><trkpt lat="25.006585" lon="121.533704"><time>2026-10-02T06:32:31Z</time><ele>13</ele><speed>19.862</speed></trkpt><trkpt lat="25.006542" lon="121.533729"><time>2026-10-02T06:32:32Z</time><ele>16</ele><speed>20.845</speed></trkpt><trkpt lat="25.0065" lon="121.533756"><time>2026-10-02T06:32:33Z</time><ele>15</ele><speed>20.593</speed></trkpt><trkpt lat="25.006456" lon="121.533781"><time>2026-10-02T06:32:34Z</time><ele>14</ele><speed>19.941</speed></trkpt><trkpt lat="25.006412" lon="121.533806"><time>2026-10-02T06:32:35Z</time><ele>14</ele><speed>19.024</speed></trkpt><trkpt lat="25.006369" lon="121.533831"><time>2026-10-02T06:32:36Z</time><ele>14</ele><speed>18.375</speed></trkpt><trkpt lat="25.006327" lon="121.533856"><time>2026-10-02T06:32:37Z</time><ele>14</ele><speed>17.92</speed></trkpt><trkpt lat="25.006288" lon="121.533881"><time>2026-10-02T06:32:38Z</time><ele>14</ele><speed>16.935</speed></trkpt><trkpt lat="25.00625" lon="121.533905"><time>2026-10-02T06:32:39Z</time><ele>14</ele><speed>17.542</speed></trkpt><trkpt lat="25.006212" lon="121.533931"><time>2026-10-02T06:32:40Z</time><ele>14</ele><speed>18.516</speed></trkpt><trkpt lat="25.006176" lon="121.533958"><time>2026-10-02T06:32:41Z</time><ele>15</ele><speed>18.58</speed></trkpt><trkpt lat="25.006139" lon="121.533986"><time>2026-10-02T06:32:42Z</time><ele>14</ele><speed>19.377</speed></trkpt><trkpt lat="25.0061" lon="121.534013"><time>2026-10-02T06:32:43Z</time><ele>14</ele><speed>19.871</speed></trkpt><trkpt lat="25.00606" lon="121.534043"><time>2026-10-02T06:32:44Z</time><ele>14</ele><speed>20.502</speed></trkpt><trkpt lat="25.006018" lon="121.534072"><time>2026-10-02T06:32:45Z</time><ele>13</ele><speed>20.048</speed></trkpt><trkpt lat="25.005977" lon="121.5341"><time>2026-10-02T06:32:46Z</time><ele>13</ele><speed>19.231</speed></trkpt><trkpt lat="25.005936" lon="121.534129"><time>2026-10-02T06:32:47Z</time><ele>13</ele><speed>18.945</speed></trkpt><trkpt lat="25.005896" lon="121.534157"><time>2026-10-02T06:32:48Z</time><ele>13</ele><speed>18.925</speed></trkpt><trkpt lat="25.005855" lon="121.534185"><time>2026-10-02T06:32:49Z</time><ele>13</ele><speed>19.705</speed></trkpt><trkpt lat="25.005815" lon="121.534212"><time>2026-10-02T06:32:50Z</time><ele>14</ele><speed>20.592</speed></trkpt><trkpt lat="25.005774" lon="121.53424"><time>2026-10-02T06:32:51Z</time><ele>13</ele><speed>20.268</speed></trkpt><trkpt lat="25.005732" lon="121.534267"><time>2026-10-02T06:32:52Z</time><ele>12</ele><speed>19.864</speed></trkpt><trkpt lat="25.005689" lon="121.534294"><time>2026-10-02T06:32:53Z</time><ele>13</ele><speed>20.562</speed></trkpt><trkpt lat="25.005645" lon="121.534322"><time>2026-10-02T06:32:54Z</time><ele>14</ele><speed>20.928</speed></trkpt><trkpt lat="25.0056" lon="121.534349"><time>2026-10-02T06:32:55Z</time><ele>14</ele><speed>21.143</speed></trkpt><trkpt lat="25.005556" lon="121.534379"><time>2026-10-02T06:32:56Z</time><ele>13</ele><speed>20.784</speed></trkpt><trkpt lat="25.005513" lon="121.534408"><time>2026-10-02T06:32:57Z</time><ele>12</ele><speed>20.046</speed></trkpt><trkpt lat="25.005468" lon="121.534437"><time>2026-10-02T06:32:58Z</time><ele>12</ele><speed>19.701</speed></trkpt><trkpt lat="25.005425" lon="121.534466"><time>2026-10-02T06:32:59Z</time><ele>12</ele><speed>20.136</speed></trkpt><trkpt lat="25.005381" lon="121.534493"><time>2026-10-02T06:33:00Z</time><ele>14</ele><speed>20.403</speed></trkpt><trkpt lat="25.005337" lon="121.534523"><time>2026-10-02T06:33:01Z</time><ele>14</ele><speed>21.161</speed></trkpt><trkpt lat="25.005293" lon="121.534551"><time>2026-10-02T06:33:02Z</time><ele>14</ele><speed>20.832</speed></trkpt><trkpt lat="25.005249" lon="121.534579"><time>2026-10-02T06:33:03Z</time><ele>15</ele><speed>20.334</speed></trkpt><trkpt lat="25.005205" lon="121.534607"><time>2026-10-02T06:33:04Z</time><ele>13</ele><speed>19.506</speed></trkpt><trkpt lat="25.005162" lon="121.534634"><time>2026-10-02T06:33:05Z</time><ele>13</ele><speed>18.721</speed></trkpt><trkpt lat="25.00512" lon="121.534662"><time>2026-10-02T06:33:06Z</time><ele>13</ele><speed>18.274</speed></trkpt><trkpt lat="25.00508" lon="121.534689"><time>2026-10-02T06:33:07Z</time><ele>13</ele><speed>17.858</speed></trkpt><trkpt lat="25.005041" lon="121.534714"><time>2026-10-02T06:33:08Z</time><ele>13</ele><speed>17.877</speed></trkpt><trkpt lat="25.005002" lon="121.534739"><time>2026-10-02T06:33:09Z</time><ele>14</ele><speed>17.521</speed></trkpt><trkpt lat="25.004962" lon="121.534764"><time>2026-10-02T06:33:10Z</time><ele>12</ele><speed>19.13</speed></trkpt><trkpt lat="25.004921" lon="121.534789"><time>2026-10-02T06:33:11Z</time><ele>11</ele><speed>19.978</speed></trkpt><trkpt lat="25.004879" lon="121.534818"><time>2026-10-02T06:33:12Z</time><ele>9</ele><speed>21.888</speed></trkpt><trkpt lat="25.004834" lon="121.534845"><time>2026-10-02T06:33:13Z</time><ele>9</ele><speed>22.606</speed></trkpt><trkpt lat="25.004789" lon="121.534874"><time>2026-10-02T06:33:14Z</time><ele>9</ele><speed>22.251</speed></trkpt><trkpt lat="25.004742" lon="121.534903"><time>2026-10-02T06:33:15Z</time><ele>8</ele><speed>22.789</speed></trkpt><trkpt lat="25.004694" lon="121.534932"><time>2026-10-02T06:33:16Z</time><ele>9</ele><speed>21.539</speed></trkpt><trkpt lat="25.004647" lon="121.53496"><time>2026-10-02T06:33:17Z</time><ele>8</ele><speed>21.223</speed></trkpt><trkpt lat="25.0046" lon="121.534984"><time>2026-10-02T06:33:18Z</time><ele>10</ele><speed>19.976</speed></trkpt><trkpt lat="25.004553" lon="121.535009"><time>2026-10-02T06:33:19Z</time><ele>10</ele><speed>21.053</speed></trkpt><trkpt lat="25.004505" lon="121.535032"><time>2026-10-02T06:33:20Z</time><ele>10</ele><speed>21.607</speed></trkpt><trkpt lat="25.004456" lon="121.535053"><time>2026-10-02T06:33:21Z</time><ele>9</ele><speed>21.461</speed></trkpt><trkpt lat="25.004406" lon="121.535072"><time>2026-10-02T06:33:22Z</time><ele>10</ele><speed>20.777</speed></trkpt><trkpt lat="25.004357" lon="121.535091"><time>2026-10-02T06:33:23Z</time><ele>11</ele><speed>20.002</speed></trkpt><trkpt lat="25.004307" lon="121.535108"><time>2026-10-02T06:33:24Z</time><ele>14</ele><speed>18.581</speed></trkpt><trkpt lat="25.004259" lon="121.535125"><time>2026-10-02T06:33:25Z</time><ele>12</ele><speed>18.788</speed></trkpt><trkpt lat="25.004212" lon="121.535142"><time>2026-10-02T06:33:26Z</time><ele>12</ele><speed>18.17</speed></trkpt><trkpt lat="25.004167" lon="121.535159"><time>2026-10-02T06:33:27Z</time><ele>11</ele><speed>18.454</speed></trkpt><trkpt lat="25.004122" lon="121.535175"><time>2026-10-02T06:33:28Z</time><ele>13</ele><speed>19.345</speed></trkpt><trkpt lat="25.004076" lon="121.535192"><time>2026-10-02T06:33:29Z</time><ele>11</ele><speed>21.009</speed></trkpt><trkpt lat="25.004029" lon="121.535208"><time>2026-10-02T06:33:30Z</time><ele>12</ele><speed>21.289</speed></trkpt><trkpt lat="25.00398" lon="121.535221"><time>2026-10-02T06:33:31Z</time><ele>13</ele><speed>20.519</speed></trkpt><trkpt lat="25.00393" lon="121.535233"><time>2026-10-02T06:33:32Z</time><ele>13</ele><speed>20.41</speed></trkpt><trkpt lat="25.00388" lon="121.535244"><time>2026-10-02T06:33:33Z</time><ele>12</ele><speed>19.951</speed></trkpt><trkpt lat="25.00383" lon="121.535258"><time>2026-10-02T06:33:34Z</time><ele>11</ele><speed>20.553</speed></trkpt><trkpt lat="25.00378" lon="121.53527"><time>2026-10-02T06:33:35Z</time><ele>12</ele><speed>20.811</speed></trkpt><trkpt lat="25.003728" lon="121.535281"><time>2026-10-02T06:33:36Z</time><ele>13</ele><speed>22.005</speed></trkpt><trkpt lat="25.003675" lon="121.535291"><time>2026-10-02T06:33:37Z</time><ele>13</ele><speed>22.828</speed></trkpt><trkpt lat="25.00362" lon="121.5353"><time>2026-10-02T06:33:38Z</time><ele>12</ele><speed>22.368</speed></trkpt><trkpt lat="25.003565" lon="121.535309"><time>2026-10-02T06:33:39Z</time><ele>12</ele><speed>21.014</speed></trkpt><trkpt lat="25.003509" lon="121.535316"><time>2026-10-02T06:33:40Z</time><ele>12</ele><speed>20.959</speed></trkpt><trkpt lat="25.003454" lon="121.535322"><time>2026-10-02T06:33:41Z</time><ele>13</ele><speed>20.748</speed></trkpt><trkpt lat="25.003398" lon="121.535328"><time>2026-10-02T06:33:42Z</time><ele>12</ele><speed>21.798</speed></trkpt><trkpt lat="25.003343" lon="121.535336"><time>2026-10-02T06:33:43Z</time><ele>11</ele><speed>22.882</speed></trkpt><trkpt lat="25.003286" lon="121.53534"><time>2026-10-02T06:33:44Z</time><ele>12</ele><speed>22.98</speed></trkpt><trkpt lat="25.003227" lon="121.535342"><time>2026-10-02T06:33:45Z</time><ele>12</ele><speed>22.584</speed></trkpt><trkpt lat="25.003168" lon="121.535342"><time>2026-10-02T06:33:46Z</time><ele>12</ele><speed>21.418</speed></trkpt><trkpt lat="25.00311" lon="121.535342"><time>2026-10-02T06:33:47Z</time><ele>12</ele><speed>20.911</speed></trkpt><trkpt lat="25.003053" lon="121.535342"><time>2026-10-02T06:33:48Z</time><ele>12</ele><speed>19.938</speed></trkpt><trkpt lat="25.003" lon="121.535342"><time>2026-10-02T06:33:49Z</time><ele>11</ele><speed>19.302</speed></trkpt><trkpt lat="25.00295" lon="121.535343"><time>2026-10-02T06:33:50Z</time><ele>11</ele><speed>18.253</speed></trkpt><trkpt lat="25.002903" lon="121.535345"><time>2026-10-02T06:33:51Z</time><ele>11</ele><speed>17.548</speed></trkpt><trkpt lat="25.002858" lon="121.535349"><time>2026-10-02T06:33:52Z</time><ele>12</ele><speed>17.392</speed></trkpt><trkpt lat="25.002813" lon="121.535351"><time>2026-10-02T06:33:53Z</time><ele>11</ele><speed>17.721</speed></trkpt><trkpt lat="25.002766" lon="121.535353"><time>2026-10-02T06:33:54Z</time><ele>10</ele><speed>19.198</speed></trkpt><trkpt lat="25.002721" lon="121.535353"><time>2026-10-02T06:33:55Z</time><ele>11</ele><speed>18.251</speed></trkpt><trkpt lat="25.002675" lon="121.535353"><time>2026-10-02T06:33:56Z</time><ele>11</ele><speed>18.619</speed></trkpt><trkpt lat="25.002628" lon="121.535351"><time>2026-10-02T06:33:57Z</time><ele>13</ele><speed>19.063</speed></trkpt><trkpt lat="25.002581" lon="121.535349"><time>2026-10-02T06:33:58Z</time><ele>14</ele><speed>19.435</speed></trkpt><trkpt lat="25.002533" lon="121.535347"><time>2026-10-02T06:33:59Z</time><ele>14</ele><speed>20.705</speed></trkpt><trkpt lat="25.002485" lon="121.535346"><time>2026-10-02T06:34:00Z</time><ele>12</ele><speed>21.21</speed></trkpt><trkpt lat="25.002433" lon="121.535344"><time>2026-10-02T06:34:01Z</time><ele>14</ele><speed>22.298</speed></trkpt><trkpt lat="25.002381" lon="121.535342"><time>2026-10-02T06:34:02Z</time><ele>14</ele><speed>21.437</speed></trkpt><trkpt lat="25.002329" lon="121.53534"><time>2026-10-02T06:34:03Z</time><ele>13</ele><speed>20.808</speed></trkpt><trkpt lat="25.002276" lon="121.535337"><time>2026-10-02T06:34:04Z</time><ele>12</ele><speed>19.884</speed></trkpt><trkpt lat="25.002224" lon="121.535334"><time>2026-10-02T06:34:05Z</time><ele>11</ele><speed>19.323</speed></trkpt><trkpt lat="25.002173" lon="121.535328"><time>2026-10-02T06:34:06Z</time><ele>13</ele><speed>19.141</speed></trkpt><trkpt lat="25.002125" lon="121.535324"><time>2026-10-02T06:34:07Z</time><ele>12</ele><speed>19.659</speed></trkpt><trkpt lat="25.002075" lon="121.535321"><time>2026-10-02T06:34:08Z</time><ele>13</ele><speed>20.014</speed></trkpt><trkpt lat="25.002025" lon="121.535318"><time>2026-10-02T06:34:09Z</time><ele>13</ele><speed>20.75</speed></trkpt><trkpt lat="25.001974" lon="121.535318"><time>2026-10-02T06:34:10Z</time><ele>13</ele><speed>20.485</speed></trkpt><trkpt lat="25.001923" lon="121.535317"><time>2026-10-02T06:34:11Z</time><ele>13</ele><speed>20.523</speed></trkpt><trkpt lat="25.001872" lon="121.535321"><time>2026-10-02T06:34:12Z</time><ele>12</ele><speed>20.79</speed></trkpt><trkpt lat="25.001822" lon="121.535324"><time>2026-10-02T06:34:13Z</time><ele>13</ele><speed>19.772</speed></trkpt><trkpt lat="25.001775" lon="121.535327"><time>2026-10-02T06:34:14Z</time><ele>13</ele><speed>18.727</speed></trkpt><trkpt lat="25.00173" lon="121.535333"><time>2026-10-02T06:34:15Z</time><ele>13</ele><speed>17.348</speed></trkpt><trkpt lat="25.001687" lon="121.535334"><time>2026-10-02T06:34:16Z</time><ele>13</ele><speed>17.911</speed></trkpt><trkpt lat="25.001644" lon="121.535338"><time>2026-10-02T06:34:17Z</time><ele>12</ele><speed>17.502</speed></trkpt><trkpt lat="25.001601" lon="121.535337"><time>2026-10-02T06:34:18Z</time><ele>12</ele><speed>16.982</speed></trkpt><trkpt lat="25.001557" lon="121.535337"><time>2026-10-02T06:34:19Z</time><ele>13</ele><speed>18.364</speed></trkpt><trkpt lat="25.001512" lon="121.535336"><time>2026-10-02T06:34:20Z</time><ele>13</ele><speed>18.988</speed></trkpt><trkpt lat="25.001464" lon="121.53533"><time>2026-10-02T06:34:21Z</time><ele>13</ele><speed>20.258</speed></trkpt><trkpt lat="25.001416" lon="121.535327"><time>2026-10-02T06:34:22Z</time><ele>13</ele><speed>20.86</speed></trkpt><trkpt lat="25.001367" lon="121.535323"><time>2026-10-02T06:34:23Z</time><ele>14</ele><speed>20.908</speed></trkpt><trkpt lat="25.001318" lon="121.53532"><time>2026-10-02T06:34:24Z</time><ele>12</ele><speed>20.119</speed></trkpt><trkpt lat="25.001269" lon="121.535314"><time>2026-10-02T06:34:25Z</time><ele>13</ele><speed>19.958</speed></trkpt><trkpt lat="25.001218" lon="121.535308"><time>2026-10-02T06:34:26Z</time><ele>14</ele><speed>20.058</speed></trkpt><trkpt lat="25.001169" lon="121.535302"><time>2026-10-02T06:34:27Z</time><ele>13</ele><speed>19.802</speed></trkpt><trkpt lat="25.001121" lon="121.5353"><time>2026-10-02T06:34:28Z</time><ele>13</ele><speed>17.734</speed></trkpt><trkpt lat="25.001075" lon="121.5353"><time>2026-10-02T06:34:29Z</time><ele>13</ele><speed>17.306</speed></trkpt><trkpt lat="25.001028" lon="121.535297"><time>2026-10-02T06:34:30Z</time><ele>14</ele><speed>19.783</speed></trkpt><trkpt lat="25.000981" lon="121.535299"><time>2026-10-02T06:34:31Z</time><ele>13</ele><speed>19.348</speed></trkpt><trkpt lat="25.000934" lon="121.535302"><time>2026-10-02T06:34:32Z</time><ele>13</ele><speed>20.517</speed></trkpt><trkpt lat="25.000886" lon="121.535302"><time>2026-10-02T06:34:33Z</time><ele>14</ele><speed>20.474</speed></trkpt><trkpt lat="25.000836" lon="121.535298"><time>2026-10-02T06:34:34Z</time><ele>14</ele><speed>20.153</speed></trkpt><trkpt lat="25.000784" lon="121.535295"><time>2026-10-02T06:34:35Z</time><ele>13</ele><speed>19.26</speed></trkpt><trkpt lat="25.000734" lon="121.535291"><time>2026-10-02T06:34:36Z</time><ele>13</ele><speed>19.306</speed></trkpt><trkpt lat="25.000682" lon="121.535284"><time>2026-10-02T06:34:37Z</time><ele>13</ele><speed>20.431</speed></trkpt><trkpt lat="25.00063" lon="121.535276"><time>2026-10-02T06:34:38Z</time><ele>13</ele><speed>20.783</speed></trkpt><trkpt lat="25.000582" lon="121.535268"><time>2026-10-02T06:34:39Z</time><ele>13</ele><speed>18.594</speed></trkpt><trkpt lat="25.000532" lon="121.535263"><time>2026-10-02T06:34:40Z</time><ele>13</ele><speed>20.466</speed></trkpt><trkpt lat="25.000482" lon="121.535256"><time>2026-10-02T06:34:41Z</time><ele>13</ele><speed>20.641</speed></trkpt><trkpt lat="25.000433" lon="121.53525"><time>2026-10-02T06:34:42Z</time><ele>13</ele><speed>20.055</speed></trkpt><trkpt lat="25.000387" lon="121.535244"><time>2026-10-02T06:34:43Z</time><ele>13</ele><speed>18.666</speed></trkpt><trkpt lat="25.000344" lon="121.535238"><time>2026-10-02T06:34:44Z</time><ele>13</ele><speed>18.063</speed></trkpt><trkpt lat="25.000299" lon="121.535234"><time>2026-10-02T06:34:45Z</time><ele>13</ele><speed>18.128</speed></trkpt><trkpt lat="25.000256" lon="121.53523"><time>2026-10-02T06:34:46Z</time><ele>12</ele><speed>17.654</speed></trkpt><trkpt lat="25.000214" lon="121.535225"><time>2026-10-02T06:34:47Z</time><ele>14</ele><speed>18.519</speed></trkpt><trkpt lat="25.000171" lon="121.535219"><time>2026-10-02T06:34:48Z</time><ele>11</ele><speed>19.965</speed></trkpt><trkpt lat="25.000127" lon="121.535212"><time>2026-10-02T06:34:49Z</time><ele>13</ele><speed>19.488</speed></trkpt><trkpt lat="25.00008" lon="121.535208"><time>2026-10-02T06:34:50Z</time><ele>13</ele><speed>20.612</speed></trkpt><trkpt lat="25.000032" lon="121.535204"><time>2026-10-02T06:34:51Z</time><ele>14</ele><speed>20.659</speed></trkpt><trkpt lat="24.999982" lon="121.5352"><time>2026-10-02T06:34:52Z</time><ele>13</ele><speed>20.407</speed></trkpt><trkpt lat="24.999931" lon="121.535198"><time>2026-10-02T06:34:53Z</time><ele>13</ele><speed>20.348</speed></trkpt><trkpt lat="24.999881" lon="121.535196"><time>2026-10-02T06:34:54Z</time><ele>12</ele><speed>19.854</speed></trkpt><trkpt lat="24.999831" lon="121.535197"><time>2026-10-02T06:34:55Z</time><ele>11</ele><speed>18.875</speed></trkpt><trkpt lat="24.999783" lon="121.5352"><time>2026-10-02T06:34:56Z</time><ele>11</ele><speed>18.121</speed></trkpt><trkpt lat="24.999737" lon="121.535201"><time>2026-10-02T06:34:57Z</time><ele>12</ele><speed>17.504</speed></trkpt><trkpt lat="24.999691" lon="121.5352"><time>2026-10-02T06:34:58Z</time><ele>12</ele><speed>17.363</speed></trkpt><trkpt lat="24.999646" lon="121.535198"><time>2026-10-02T06:34:59Z</time><ele>12</ele><speed>18.758</speed></trkpt><trkpt lat="24.9996" lon="121.535195"><time>2026-10-02T06:35:00Z</time><ele>12</ele><speed>19.524</speed></trkpt><trkpt lat="24.999554" lon="121.535193"><time>2026-10-02T06:35:01Z</time><ele>12</ele><speed>20.616</speed></trkpt><trkpt lat="24.999504" lon="121.535188"><time>2026-10-02T06:35:02Z</time><ele>12</ele><speed>21.742</speed></trkpt><trkpt lat="24.999452" lon="121.535184"><time>2026-10-02T06:35:03Z</time><ele>12</ele><speed>21.364</speed></trkpt><trkpt lat="24.999399" lon="121.535182"><time>2026-10-02T06:35:04Z</time><ele>12</ele><speed>20.484</speed></trkpt><trkpt lat="24.999347" lon="121.535182"><time>2026-10-02T06:35:05Z</time><ele>12</ele><speed>19.238</speed></trkpt><trkpt lat="24.999296" lon="121.535181"><time>2026-10-02T06:35:06Z</time><ele>12</ele><speed>18.367</speed></trkpt><trkpt lat="24.999246" lon="121.535181"><time>2026-10-02T06:35:07Z</time><ele>13</ele><speed>18.611</speed></trkpt><trkpt lat="24.999198" lon="121.535182"><time>2026-10-02T06:35:08Z</time><ele>11</ele><speed>18.314</speed></trkpt><trkpt lat="24.999152" lon="121.535185"><time>2026-10-02T06:35:09Z</time><ele>13</ele><speed>18.15</speed></trkpt><trkpt lat="24.999106" lon="121.535188"><time>2026-10-02T06:35:10Z</time><ele>12</ele><speed>18.719</speed></trkpt><trkpt lat="24.99906" lon="121.53519"><time>2026-10-02T06:35:11Z</time><ele>13</ele><speed>19.175</speed></trkpt><trkpt lat="24.999012" lon="121.535191"><time>2026-10-02T06:35:12Z</time><ele>13</ele><speed>20.766</speed></trkpt><trkpt lat="24.998965" lon="121.535192"><time>2026-10-02T06:35:13Z</time><ele>12</ele><speed>20.017</speed></trkpt><trkpt lat="24.998919" lon="121.535192"><time>2026-10-02T06:35:14Z</time><ele>14</ele><speed>18.63</speed></trkpt><trkpt lat="24.998874" lon="121.535194"><time>2026-10-02T06:35:15Z</time><ele>13</ele><speed>17.325</speed></trkpt><trkpt lat="24.99883" lon="121.535195"><time>2026-10-02T06:35:16Z</time><ele>14</ele><speed>17.087</speed></trkpt><trkpt lat="24.998787" lon="121.535197"><time>2026-10-02T06:35:17Z</time><ele>13</ele><speed>17.625</speed></trkpt><trkpt lat="24.998743" lon="121.535201"><time>2026-10-02T06:35:18Z</time><ele>14</ele><speed>18.457</speed></trkpt><trkpt lat="24.998699" lon="121.535207"><time>2026-10-02T06:35:19Z</time><ele>14</ele><speed>18.734</speed></trkpt><trkpt lat="24.998654" lon="121.535211"><time>2026-10-02T06:35:20Z</time><ele>14</ele><speed>18.706</speed></trkpt><trkpt lat="24.998606" lon="121.535215"><time>2026-10-02T06:35:21Z</time><ele>14</ele><speed>18.858</speed></trkpt><trkpt lat="24.998558" lon="121.535219"><time>2026-10-02T06:35:22Z</time><ele>14</ele><speed>18.465</speed></trkpt><trkpt lat="24.99851" lon="121.535226"><time>2026-10-02T06:35:23Z</time><ele>14</ele><speed>17.991</speed></trkpt><trkpt lat="24.998463" lon="121.535232"><time>2026-10-02T06:35:24Z</time><ele>14</ele><speed>18.74</speed></trkpt><trkpt lat="24.998416" lon="121.535243"><time>2026-10-02T06:35:25Z</time><ele>13</ele><speed>18.682</speed></trkpt><trkpt lat="24.998369" lon="121.535252"><time>2026-10-02T06:35:26Z</time><ele>13</ele><speed>18.709</speed></trkpt><trkpt lat="24.998323" lon="121.535262"><time>2026-10-02T06:35:27Z</time><ele>14</ele><speed>18.861</speed></trkpt><trkpt lat="24.998276" lon="121.535272"><time>2026-10-02T06:35:28Z</time><ele>14</ele><speed>18.312</speed></trkpt><trkpt lat="24.998229" lon="121.53528"><time>2026-10-02T06:35:29Z</time><ele>14</ele><speed>18.163</speed></trkpt><trkpt lat="24.998183" lon="121.535288"><time>2026-10-02T06:35:30Z</time><ele>15</ele><speed>18.111</speed></trkpt><trkpt lat="24.998136" lon="121.535294"><time>2026-10-02T06:35:31Z</time><ele>15</ele><speed>17.573</speed></trkpt><trkpt lat="24.99809" lon="121.535302"><time>2026-10-02T06:35:32Z</time><ele>16</ele><speed>17.552</speed></trkpt><trkpt lat="24.998045" lon="121.535307"><time>2026-10-02T06:35:33Z</time><ele>16</ele><speed>16.981</speed></trkpt><trkpt lat="24.998001" lon="121.535311"><time>2026-10-02T06:35:34Z</time><ele>16</ele><speed>16.317</speed></trkpt><trkpt lat="24.997957" lon="121.535312"><time>2026-10-02T06:35:35Z</time><ele>16</ele><speed>16.406</speed></trkpt><trkpt lat="24.997914" lon="121.535311"><time>2026-10-02T06:35:36Z</time><ele>16</ele><speed>16.523</speed></trkpt><trkpt lat="24.997871" lon="121.53531"><time>2026-10-02T06:35:37Z</time><ele>16</ele><speed>16.704</speed></trkpt><trkpt lat="24.99783" lon="121.535308"><time>2026-10-02T06:35:38Z</time><ele>16</ele><speed>16.511</speed></trkpt><trkpt lat="24.997788" lon="121.535307"><time>2026-10-02T06:35:39Z</time><ele>17</ele><speed>17.859</speed></trkpt><trkpt lat="24.997745" lon="121.535309"><time>2026-10-02T06:35:40Z</time><ele>17</ele><speed>18.537</speed></trkpt><trkpt lat="24.997702" lon="121.535311"><time>2026-10-02T06:35:41Z</time><ele>16</ele><speed>19.333</speed></trkpt><trkpt lat="24.997656" lon="121.535314"><time>2026-10-02T06:35:42Z</time><ele>15</ele><speed>20.748</speed></trkpt><trkpt lat="24.997609" lon="121.535315"><time>2026-10-02T06:35:43Z</time><ele>16</ele><speed>21.625</speed></trkpt><trkpt lat="24.997559" lon="121.535317"><time>2026-10-02T06:35:44Z</time><ele>17</ele><speed>21.089</speed></trkpt><trkpt lat="24.997509" lon="121.53532"><time>2026-10-02T06:35:45Z</time><ele>15</ele><speed>19.833</speed></trkpt><trkpt lat="24.997459" lon="121.535322"><time>2026-10-02T06:35:46Z</time><ele>16</ele><speed>19.428</speed></trkpt><trkpt lat="24.99741" lon="121.535323"><time>2026-10-02T06:35:47Z</time><ele>17</ele><speed>17.755</speed></trkpt><trkpt lat="24.997362" lon="121.535325"><time>2026-10-02T06:35:48Z</time><ele>16</ele><speed>18.259</speed></trkpt><trkpt lat="24.997315" lon="121.535327"><time>2026-10-02T06:35:49Z</time><ele>17</ele><speed>18.835</speed></trkpt><trkpt lat="24.997268" lon="121.535331"><time>2026-10-02T06:35:50Z</time><ele>15</ele><speed>20.675</speed></trkpt><trkpt lat="24.997219" lon="121.535335"><time>2026-10-02T06:35:51Z</time><ele>16</ele><speed>20.375</speed></trkpt><trkpt lat="24.997171" lon="121.535339"><time>2026-10-02T06:35:52Z</time><ele>16</ele><speed>19.693</speed></trkpt><trkpt lat="24.997121" lon="121.535347"><time>2026-10-02T06:35:53Z</time><ele>16</ele><speed>19.153</speed></trkpt><trkpt lat="24.997071" lon="121.535354"><time>2026-10-02T06:35:54Z</time><ele>16</ele><speed>18.576</speed></trkpt><trkpt lat="24.997023" lon="121.53536"><time>2026-10-02T06:35:55Z</time><ele>16</ele><speed>17.829</speed></trkpt><trkpt lat="24.996976" lon="121.535366"><time>2026-10-02T06:35:56Z</time><ele>16</ele><speed>17.157</speed></trkpt><trkpt lat="24.996931" lon="121.535371"><time>2026-10-02T06:35:57Z</time><ele>16</ele><speed>17.001</speed></trkpt><trkpt lat="24.996887" lon="121.535376"><time>2026-10-02T06:35:58Z</time><ele>16</ele><speed>17.371</speed></trkpt><trkpt lat="24.996842" lon="121.535379"><time>2026-10-02T06:35:59Z</time><ele>17</ele><speed>18.246</speed></trkpt><trkpt lat="24.996797" lon="121.535381"><time>2026-10-02T06:36:00Z</time><ele>17</ele><speed>18.523</speed></trkpt><trkpt lat="24.996751" lon="121.535383"><time>2026-10-02T06:36:01Z</time><ele>17</ele><speed>18.405</speed></trkpt><trkpt lat="24.996705" lon="121.535384"><time>2026-10-02T06:36:02Z</time><ele>18</ele><speed>18.167</speed></trkpt><trkpt lat="24.996659" lon="121.535384"><time>2026-10-02T06:36:03Z</time><ele>18</ele><speed>16.689</speed></trkpt><trkpt lat="24.996615" lon="121.535384"><time>2026-10-02T06:36:04Z</time><ele>17</ele><speed>15.464</speed></trkpt><trkpt lat="24.996574" lon="121.535384"><time>2026-10-02T06:36:05Z</time><ele>17</ele><speed>14.416</speed></trkpt><trkpt lat="24.996535" lon="121.535384"><time>2026-10-02T06:36:06Z</time><ele>17</ele><speed>13.64</speed></trkpt><trkpt lat="24.996499" lon="121.535383"><time>2026-10-02T06:36:07Z</time><ele>17</ele><speed>12.85</speed></trkpt><trkpt lat="24.996466" lon="121.535382"><time>2026-10-02T06:36:08Z</time><ele>17</ele><speed>11.593</speed></trkpt><trkpt lat="24.996435" lon="121.535382"><time>2026-10-02T06:36:09Z</time><ele>17</ele><speed>10.533</speed></trkpt><trkpt lat="24.996408" lon="121.535383"><time>2026-10-02T06:36:10Z</time><ele>17</ele><speed>7.973</speed></trkpt><trkpt lat="24.996386" lon="121.535383"><time>2026-10-02T06:36:11Z</time><ele>18</ele><speed>4.512</speed></trkpt><trkpt lat="24.996369" lon="121.535388"><time>2026-10-02T06:36:21Z</time><ele>17</ele><speed>5.451</speed></trkpt><trkpt lat="24.996347" lon="121.535399"><time>2026-10-02T06:36:23Z</time><ele>17</ele><speed>11.201</speed></trkpt><trkpt lat="24.996323" lon="121.53541"><time>2026-10-02T06:36:24Z</time><ele>17</ele><speed>13.263</speed></trkpt><trkpt lat="24.996297" lon="121.535421"><time>2026-10-02T06:36:25Z</time><ele>17</ele><speed>14.622</speed></trkpt><trkpt lat="24.996266" lon="121.535437"><time>2026-10-02T06:36:26Z</time><ele>15</ele><speed>16.886</speed></trkpt><trkpt lat="24.996226" lon="121.535458"><time>2026-10-02T06:36:27Z</time><ele>13</ele><speed>20.167</speed></trkpt><trkpt lat="24.996181" lon="121.535476"><time>2026-10-02T06:36:28Z</time><ele>14</ele><speed>19.149</speed></trkpt><trkpt lat="24.996137" lon="121.535493"><time>2026-10-02T06:36:29Z</time><ele>15</ele><speed>18.86</speed></trkpt><trkpt lat="24.996092" lon="121.53551"><time>2026-10-02T06:36:30Z</time><ele>15</ele><speed>18.872</speed></trkpt><trkpt lat="24.996047" lon="121.535528"><time>2026-10-02T06:36:31Z</time><ele>15</ele><speed>18.483</speed></trkpt><trkpt lat="24.996003" lon="121.535542"><time>2026-10-02T06:36:32Z</time><ele>15</ele><speed>17.956</speed></trkpt><trkpt lat="24.995961" lon="121.535555"><time>2026-10-02T06:36:33Z</time><ele>15</ele><speed>17.732</speed></trkpt><trkpt lat="24.995921" lon="121.535572"><time>2026-10-02T06:36:34Z</time><ele>14</ele><speed>18.067</speed></trkpt><trkpt lat="24.99588" lon="121.53559"><time>2026-10-02T06:36:35Z</time><ele>13</ele><speed>18.995</speed></trkpt><trkpt lat="24.99584" lon="121.535613"><time>2026-10-02T06:36:36Z</time><ele>15</ele><speed>19.615</speed></trkpt><trkpt lat="24.995801" lon="121.535642"><time>2026-10-02T06:36:37Z</time><ele>14</ele><speed>21.181</speed></trkpt><trkpt lat="24.995761" lon="121.535674"><time>2026-10-02T06:36:38Z</time><ele>14</ele><speed>21.075</speed></trkpt><trkpt lat="24.99572" lon="121.535707"><time>2026-10-02T06:36:39Z</time><ele>15</ele><speed>20.17</speed></trkpt><trkpt lat="24.995678" lon="121.535739"><time>2026-10-02T06:36:40Z</time><ele>14</ele><speed>19.821</speed></trkpt><trkpt lat="24.995636" lon="121.535772"><time>2026-10-02T06:36:41Z</time><ele>14</ele><speed>19.08</speed></trkpt><trkpt lat="24.995594" lon="121.535801"><time>2026-10-02T06:36:42Z</time><ele>15</ele><speed>18.669</speed></trkpt><trkpt lat="24.995552" lon="121.535828"><time>2026-10-02T06:36:43Z</time><ele>15</ele><speed>18.198</speed></trkpt><trkpt lat="24.995512" lon="121.535853"><time>2026-10-02T06:36:44Z</time><ele>16</ele><speed>17.251</speed></trkpt><trkpt lat="24.995474" lon="121.535879"><time>2026-10-02T06:36:45Z</time><ele>17</ele><speed>16.833</speed></trkpt><trkpt lat="24.995439" lon="121.535905"><time>2026-10-02T06:36:46Z</time><ele>17</ele><speed>17.287</speed></trkpt><trkpt lat="24.995405" lon="121.535933"><time>2026-10-02T06:36:47Z</time><ele>19</ele><speed>17.476</speed></trkpt><trkpt lat="24.995375" lon="121.535966"><time>2026-10-02T06:36:48Z</time><ele>19</ele><speed>18.658</speed></trkpt><trkpt lat="24.995344" lon="121.536"><time>2026-10-02T06:36:49Z</time><ele>20</ele><speed>19.739</speed></trkpt><trkpt lat="24.995312" lon="121.536037"><time>2026-10-02T06:36:50Z</time><ele>19</ele><speed>21.0</speed></trkpt><trkpt lat="24.99528" lon="121.536078"><time>2026-10-02T06:36:51Z</time><ele>18</ele><speed>21.211</speed></trkpt><trkpt lat="24.995247" lon="121.536118"><time>2026-10-02T06:36:52Z</time><ele>18</ele><speed>20.558</speed></trkpt><trkpt lat="24.995213" lon="121.53616"><time>2026-10-02T06:36:53Z</time><ele>18</ele><speed>20.345</speed></trkpt><trkpt lat="24.995177" lon="121.5362"><time>2026-10-02T06:36:54Z</time><ele>18</ele><speed>20.728</speed></trkpt><trkpt lat="24.995143" lon="121.536241"><time>2026-10-02T06:36:55Z</time><ele>17</ele><speed>20.419</speed></trkpt><trkpt lat="24.995109" lon="121.536282"><time>2026-10-02T06:36:56Z</time><ele>17</ele><speed>20.56</speed></trkpt><trkpt lat="24.995074" lon="121.536321"><time>2026-10-02T06:36:57Z</time><ele>17</ele><speed>20.236</speed></trkpt><trkpt lat="24.99504" lon="121.53636"><time>2026-10-02T06:36:58Z</time><ele>17</ele><speed>19.437</speed></trkpt><trkpt lat="24.995006" lon="121.536399"><time>2026-10-02T06:36:59Z</time><ele>17</ele><speed>19.153</speed></trkpt><trkpt lat="24.994974" lon="121.536439"><time>2026-10-02T06:37:00Z</time><ele>17</ele><speed>18.842</speed></trkpt><trkpt lat="24.994943" lon="121.536479"><time>2026-10-02T06:37:01Z</time><ele>17</ele><speed>18.465</speed></trkpt><trkpt lat="24.994911" lon="121.536518"><time>2026-10-02T06:37:02Z</time><ele>17</ele><speed>18.942</speed></trkpt><trkpt lat="24.994881" lon="121.536557"><time>2026-10-02T06:37:03Z</time><ele>17</ele><speed>18.149</speed></trkpt><trkpt lat="24.994852" lon="121.536596"><time>2026-10-02T06:37:04Z</time><ele>17</ele><speed>18.474</speed></trkpt><trkpt lat="24.994821" lon="121.536636"><time>2026-10-02T06:37:05Z</time><ele>16</ele><speed>18.419</speed></trkpt><trkpt lat="24.99479" lon="121.536674"><time>2026-10-02T06:37:06Z</time><ele>16</ele><speed>18.67</speed></trkpt><trkpt lat="24.994757" lon="121.536712"><time>2026-10-02T06:37:07Z</time><ele>15</ele><speed>19.236</speed></trkpt><trkpt lat="24.994724" lon="121.53675"><time>2026-10-02T06:37:08Z</time><ele>15</ele><speed>19.938</speed></trkpt><trkpt lat="24.994688" lon="121.536788"><time>2026-10-02T06:37:09Z</time><ele>16</ele><speed>19.376</speed></trkpt><trkpt lat="24.994652" lon="121.536823"><time>2026-10-02T06:37:10Z</time><ele>16</ele><speed>18.358</speed></trkpt><trkpt lat="24.994616" lon="121.536857"><time>2026-10-02T06:37:11Z</time><ele>16</ele><speed>17.187</speed></trkpt><trkpt lat="24.994581" lon="121.536889"><time>2026-10-02T06:37:12Z</time><ele>17</ele><speed>16.244</speed></trkpt><trkpt lat="24.994546" lon="121.53692"><time>2026-10-02T06:37:13Z</time><ele>16</ele><speed>16.544</speed></trkpt><trkpt lat="24.994511" lon="121.536948"><time>2026-10-02T06:37:14Z</time><ele>16</ele><speed>16.687</speed></trkpt><trkpt lat="24.994477" lon="121.536976"><time>2026-10-02T06:37:15Z</time><ele>16</ele><speed>17.22</speed></trkpt><trkpt lat="24.994443" lon="121.537002"><time>2026-10-02T06:37:16Z</time><ele>17</ele><speed>17.032</speed></trkpt><trkpt lat="24.994408" lon="121.537028"><time>2026-10-02T06:37:17Z</time><ele>17</ele><speed>17.284</speed></trkpt><trkpt lat="24.994371" lon="121.537055"><time>2026-10-02T06:37:18Z</time><ele>16</ele><speed>17.817</speed></trkpt><trkpt lat="24.994333" lon="121.537081"><time>2026-10-02T06:37:19Z</time><ele>16</ele><speed>17.926</speed></trkpt><trkpt lat="24.994295" lon="121.537107"><time>2026-10-02T06:37:20Z</time><ele>17</ele><speed>18.383</speed></trkpt><trkpt lat="24.994257" lon="121.537133"><time>2026-10-02T06:37:21Z</time><ele>17</ele><speed>17.362</speed></trkpt><trkpt lat="24.994218" lon="121.537156"><time>2026-10-02T06:37:22Z</time><ele>17</ele><speed>17.234</speed></trkpt><trkpt lat="24.994179" lon="121.53718"><time>2026-10-02T06:37:23Z</time><ele>16</ele><speed>17.336</speed></trkpt><trkpt lat="24.994141" lon="121.537201"><time>2026-10-02T06:37:24Z</time><ele>17</ele><speed>17.109</speed></trkpt><trkpt lat="24.994102" lon="121.53722"><time>2026-10-02T06:37:25Z</time><ele>17</ele><speed>16.853</speed></trkpt><trkpt lat="24.994063" lon="121.537237"><time>2026-10-02T06:37:26Z</time><ele>17</ele><speed>17.177</speed></trkpt><trkpt lat="24.994022" lon="121.537253"><time>2026-10-02T06:37:27Z</time><ele>17</ele><speed>17.402</speed></trkpt><trkpt lat="24.993981" lon="121.53727"><time>2026-10-02T06:37:28Z</time><ele>16</ele><speed>18.125</speed></trkpt><trkpt lat="24.993939" lon="121.537286"><time>2026-10-02T06:37:29Z</time><ele>17</ele><speed>18.66</speed></trkpt><trkpt lat="24.993896" lon="121.537302"><time>2026-10-02T06:37:30Z</time><ele>17</ele><speed>18.974</speed></trkpt><trkpt lat="24.993852" lon="121.53732"><time>2026-10-02T06:37:31Z</time><ele>16</ele><speed>18.17</speed></trkpt><trkpt lat="24.993808" lon="121.537336"><time>2026-10-02T06:37:32Z</time><ele>16</ele><speed>17.559</speed></trkpt><trkpt lat="24.993765" lon="121.53735"><time>2026-10-02T06:37:33Z</time><ele>16</ele><speed>16.83</speed></trkpt><trkpt lat="24.993721" lon="121.537362"><time>2026-10-02T06:37:34Z</time><ele>16</ele><speed>16.814</speed></trkpt><trkpt lat="24.993679" lon="121.537373"><time>2026-10-02T06:37:35Z</time><ele>16</ele><speed>16.779</speed></trkpt><trkpt lat="24.993637" lon="121.537382"><time>2026-10-02T06:37:36Z</time><ele>16</ele><speed>17.036</speed></trkpt><trkpt lat="24.993595" lon="121.53739"><time>2026-10-02T06:37:37Z</time><ele>16</ele><speed>17.974</speed></trkpt><trkpt lat="24.993551" lon="121.537396"><time>2026-10-02T06:37:38Z</time><ele>17</ele><speed>18.289</speed></trkpt><trkpt lat="24.993508" lon="121.537403"><time>2026-10-02T06:37:39Z</time><ele>16</ele><speed>17.824</speed></trkpt><trkpt lat="24.993464" lon="121.53741"><time>2026-10-02T06:37:40Z</time><ele>16</ele><speed>17.153</speed></trkpt><trkpt lat="24.99342" lon="121.537418"><time>2026-10-02T06:37:41Z</time><ele>16</ele><speed>17.406</speed></trkpt><trkpt lat="24.993377" lon="121.537428"><time>2026-10-02T06:37:42Z</time><ele>16</ele><speed>17.284</speed></trkpt><trkpt lat="24.993334" lon="121.537436"><time>2026-10-02T06:37:43Z</time><ele>16</ele><speed>17.2</speed></trkpt><trkpt lat="24.993291" lon="121.537444"><time>2026-10-02T06:37:44Z</time><ele>17</ele><speed>17.522</speed></trkpt><trkpt lat="24.993247" lon="121.537448"><time>2026-10-02T06:37:45Z</time><ele>16</ele><speed>19.056</speed></trkpt><trkpt lat="24.993202" lon="121.537451"><time>2026-10-02T06:37:46Z</time><ele>17</ele><speed>18.848</speed></trkpt><trkpt lat="24.993158" lon="121.537454"><time>2026-10-02T06:37:47Z</time><ele>16</ele><speed>18.405</speed></trkpt><trkpt lat="24.993113" lon="121.537453"><time>2026-10-02T06:37:48Z</time><ele>16</ele><speed>18.147</speed></trkpt><trkpt lat="24.993068" lon="121.537454"><time>2026-10-02T06:37:49Z</time><ele>17</ele><speed>17.729</speed></trkpt><trkpt lat="24.993024" lon="121.537454"><time>2026-10-02T06:37:50Z</time><ele>17</ele><speed>17.121</speed></trkpt><trkpt lat="24.99298" lon="121.537455"><time>2026-10-02T06:37:51Z</time><ele>17</ele><speed>16.125</speed></trkpt><trkpt lat="24.992935" lon="121.537453"><time>2026-10-02T06:37:52Z</time><ele>17</ele><speed>18.035</speed></trkpt><trkpt lat="24.99289" lon="121.53745"><time>2026-10-02T06:37:53Z</time><ele>17</ele><speed>18.447</speed></trkpt><trkpt lat="24.992845" lon="121.537444"><time>2026-10-02T06:37:54Z</time><ele>17</ele><speed>17.522</speed></trkpt><trkpt lat="24.992801" lon="121.537437"><time>2026-10-02T06:37:55Z</time><ele>16</ele><speed>17.492</speed></trkpt><trkpt lat="24.992755" lon="121.537428"><time>2026-10-02T06:37:56Z</time><ele>17</ele><speed>17.564</speed></trkpt><trkpt lat="24.99271" lon="121.537419"><time>2026-10-02T06:37:57Z</time><ele>18</ele><speed>17.403</speed></trkpt><trkpt lat="24.992664" lon="121.537411"><time>2026-10-02T06:37:58Z</time><ele>17</ele><speed>18.992</speed></trkpt><trkpt lat="24.99262" lon="121.537402"><time>2026-10-02T06:37:59Z</time><ele>18</ele><speed>18.238</speed></trkpt><trkpt lat="24.992573" lon="121.537396"><time>2026-10-02T06:38:00Z</time><ele>17</ele><speed>18.621</speed></trkpt><trkpt lat="24.992526" lon="121.537387"><time>2026-10-02T06:38:01Z</time><ele>18</ele><speed>19.124</speed></trkpt><trkpt lat="24.992478" lon="121.537377"><time>2026-10-02T06:38:02Z</time><ele>18</ele><speed>18.954</speed></trkpt><trkpt lat="24.992432" lon="121.537367"><time>2026-10-02T06:38:03Z</time><ele>17</ele><speed>17.727</speed></trkpt><trkpt lat="24.992387" lon="121.537357"><time>2026-10-02T06:38:04Z</time><ele>18</ele><speed>17.553</speed></trkpt><trkpt lat="24.992342" lon="121.537347"><time>2026-10-02T06:38:05Z</time><ele>17</ele><speed>18.032</speed></trkpt><trkpt lat="24.992297" lon="121.537333"><time>2026-10-02T06:38:06Z</time><ele>17</ele><speed>18.987</speed></trkpt><trkpt lat="24.992252" lon="121.53732"><time>2026-10-02T06:38:07Z</time><ele>18</ele><speed>18.485</speed></trkpt><trkpt lat="24.992208" lon="121.537308"><time>2026-10-02T06:38:08Z</time><ele>18</ele><speed>18.37</speed></trkpt><trkpt lat="24.992162" lon="121.537297"><time>2026-10-02T06:38:09Z</time><ele>18</ele><speed>18.111</speed></trkpt><trkpt lat="24.992117" lon="121.537281"><time>2026-10-02T06:38:10Z</time><ele>18</ele><speed>19.383</speed></trkpt><trkpt lat="24.992072" lon="121.537266"><time>2026-10-02T06:38:11Z</time><ele>17</ele><speed>18.023</speed></trkpt><trkpt lat="24.992029" lon="121.537251"><time>2026-10-02T06:38:12Z</time><ele>18</ele><speed>17.383</speed></trkpt><trkpt lat="24.991987" lon="121.537237"><time>2026-10-02T06:38:13Z</time><ele>18</ele><speed>17.076</speed></trkpt><trkpt lat="24.991945" lon="121.537221"><time>2026-10-02T06:38:14Z</time><ele>18</ele><speed>17.23</speed></trkpt><trkpt lat="24.991903" lon="121.537204"><time>2026-10-02T06:38:15Z</time><ele>17</ele><speed>17.896</speed></trkpt><trkpt lat="24.991864" lon="121.537187"><time>2026-10-02T06:38:16Z</time><ele>18</ele><speed>16.577</speed></trkpt><trkpt lat="24.991823" lon="121.537166"><time>2026-10-02T06:38:17Z</time><ele>18</ele><speed>17.919</speed></trkpt><trkpt lat="24.991781" lon="121.537144"><time>2026-10-02T06:38:18Z</time><ele>18</ele><speed>18.676</speed></trkpt><trkpt lat="24.99174" lon="121.537121"><time>2026-10-02T06:38:19Z</time><ele>18</ele><speed>18.14</speed></trkpt><trkpt lat="24.991699" lon="121.537099"><time>2026-10-02T06:38:20Z</time><ele>18</ele><speed>18.002</speed></trkpt><trkpt lat="24.991658" lon="121.537079"><time>2026-10-02T06:38:21Z</time><ele>18</ele><speed>18.932</speed></trkpt><trkpt lat="24.991613" lon="121.537058"><time>2026-10-02T06:38:22Z</time><ele>18</ele><speed>19.77</speed></trkpt><trkpt lat="24.991569" lon="121.53704"><time>2026-10-02T06:38:23Z</time><ele>18</ele><speed>18.753</speed></trkpt><trkpt lat="24.991527" lon="121.537021"><time>2026-10-02T06:38:24Z</time><ele>18</ele><speed>17.986</speed></trkpt><trkpt lat="24.991484" lon="121.537003"><time>2026-10-02T06:38:25Z</time><ele>18</ele><speed>18.311</speed></trkpt><trkpt lat="24.99144" lon="121.536983"><time>2026-10-02T06:38:26Z</time><ele>18</ele><speed>17.883</speed></trkpt><trkpt lat="24.991397" lon="121.536964"><time>2026-10-02T06:38:27Z</time><ele>18</ele><speed>18.249</speed></trkpt><trkpt lat="24.991355" lon="121.536944"><time>2026-10-02T06:38:28Z</time><ele>18</ele><speed>18.015</speed></trkpt><trkpt lat="24.991312" lon="121.536927"><time>2026-10-02T06:38:29Z</time><ele>18</ele><speed>17.845</speed></trkpt><trkpt lat="24.991267" lon="121.536911"><time>2026-10-02T06:38:30Z</time><ele>18</ele><speed>18.091</speed></trkpt><trkpt lat="24.991225" lon="121.536895"><time>2026-10-02T06:38:31Z</time><ele>18</ele><speed>16.387</speed></trkpt><trkpt lat="24.991183" lon="121.536878"><time>2026-10-02T06:38:32Z</time><ele>18</ele><speed>16.479</speed></trkpt><trkpt lat="24.99114" lon="121.536863"><time>2026-10-02T06:38:33Z</time><ele>19</ele><speed>17.311</speed></trkpt><trkpt lat="24.991098" lon="121.536851"><time>2026-10-02T06:38:34Z</time><ele>18</ele><speed>16.752</speed></trkpt><trkpt lat="24.991057" lon="121.536836"><time>2026-10-02T06:38:35Z</time><ele>19</ele><speed>17.625</speed></trkpt><trkpt lat="24.991016" lon="121.536821"><time>2026-10-02T06:38:36Z</time><ele>18</ele><speed>17.053</speed></trkpt><trkpt lat="24.990974" lon="121.536808"><time>2026-10-02T06:38:37Z</time><ele>19</ele><speed>16.317</speed></trkpt><trkpt lat="24.990932" lon="121.536796"><time>2026-10-02T06:38:38Z</time><ele>19</ele><speed>15.469</speed></trkpt><trkpt lat="24.990888" lon="121.536788"><time>2026-10-02T06:38:39Z</time><ele>18</ele><speed>19.932</speed></trkpt><trkpt lat="24.990841" lon="121.536777"><time>2026-10-02T06:38:40Z</time><ele>19</ele><speed>20.62</speed></trkpt><trkpt lat="24.990798" lon="121.536766"><time>2026-10-02T06:38:41Z</time><ele>19</ele><speed>17.359</speed></trkpt><trkpt lat="24.990755" lon="121.536757"><time>2026-10-02T06:38:42Z</time><ele>19</ele><speed>16.964</speed></trkpt><trkpt lat="24.990711" lon="121.536751"><time>2026-10-02T06:38:43Z</time><ele>18</ele><speed>16.77</speed></trkpt><trkpt lat="24.990666" lon="121.536745"><time>2026-10-02T06:38:44Z</time><ele>19</ele><speed>17.567</speed></trkpt><trkpt lat="24.990625" lon="121.536738"><time>2026-10-02T06:38:45Z</time><ele>18</ele><speed>17.501</speed></trkpt><trkpt lat="24.990585" lon="121.536733"><time>2026-10-02T06:38:46Z</time><ele>19</ele><speed>17.51</speed></trkpt><trkpt lat="24.990542" lon="121.536731"><time>2026-10-02T06:38:47Z</time><ele>18</ele><speed>17.573</speed></trkpt><trkpt lat="24.990499" lon="121.536727"><time>2026-10-02T06:38:48Z</time><ele>18</ele><speed>16.624</speed></trkpt><trkpt lat="24.990455" lon="121.536722"><time>2026-10-02T06:38:49Z</time><ele>18</ele><speed>17.708</speed></trkpt><trkpt lat="24.990412" lon="121.536721"><time>2026-10-02T06:38:50Z</time><ele>18</ele><speed>17.577</speed></trkpt><trkpt lat="24.990369" lon="121.536722"><time>2026-10-02T06:38:51Z</time><ele>17</ele><speed>16.941</speed></trkpt><trkpt lat="24.990326" lon="121.536724"><time>2026-10-02T06:38:52Z</time><ele>19</ele><speed>15.978</speed></trkpt><trkpt lat="24.990283" lon="121.536724"><time>2026-10-02T06:38:53Z</time><ele>18</ele><speed>16.493</speed></trkpt><trkpt lat="24.99024" lon="121.536728"><time>2026-10-02T06:38:54Z</time><ele>18</ele><speed>16.907</speed></trkpt><trkpt lat="24.990199" lon="121.536734"><time>2026-10-02T06:38:55Z</time><ele>18</ele><speed>17.104</speed></trkpt><trkpt lat="24.990158" lon="121.536734"><time>2026-10-02T06:38:56Z</time><ele>18</ele><speed>16.773</speed></trkpt><trkpt lat="24.990116" lon="121.536733"><time>2026-10-02T06:38:57Z</time><ele>18</ele><speed>17.357</speed></trkpt><trkpt lat="24.990074" lon="121.536731"><time>2026-10-02T06:38:58Z</time><ele>18</ele><speed>17.363</speed></trkpt><trkpt lat="24.990032" lon="121.536733"><time>2026-10-02T06:38:59Z</time><ele>19</ele><speed>17.203</speed></trkpt><trkpt lat="24.98999" lon="121.536734"><time>2026-10-02T06:39:00Z</time><ele>19</ele><speed>17.479</speed></trkpt><trkpt lat="24.989946" lon="121.536736"><time>2026-10-02T06:39:01Z</time><ele>18</ele><speed>18.48</speed></trkpt><trkpt lat="24.989903" lon="121.536741"><time>2026-10-02T06:39:02Z</time><ele>18</ele><speed>18.375</speed></trkpt><trkpt lat="24.98986" lon="121.536747"><time>2026-10-02T06:39:03Z</time><ele>20</ele><speed>17.87</speed></trkpt><trkpt lat="24.989816" lon="121.536756"><time>2026-10-02T06:39:04Z</time><ele>18</ele><speed>17.952</speed></trkpt><trkpt lat="24.989773" lon="121.536765"><time>2026-10-02T06:39:05Z</time><ele>19</ele><speed>16.937</speed></trkpt><trkpt lat="24.989732" lon="121.536778"><time>2026-10-02T06:39:06Z</time><ele>19</ele><speed>17.056</speed></trkpt><trkpt lat="24.989692" lon="121.536791"><time>2026-10-02T06:39:07Z</time><ele>19</ele><speed>17.046</speed></trkpt><trkpt lat="24.989652" lon="121.536805"><time>2026-10-02T06:39:08Z</time><ele>18</ele><speed>17.271</speed></trkpt><trkpt lat="24.989613" lon="121.536821"><time>2026-10-02T06:39:09Z</time><ele>18</ele><speed>17.008</speed></trkpt><trkpt lat="24.989575" lon="121.536839"><time>2026-10-02T06:39:10Z</time><ele>18</ele><speed>17.278</speed></trkpt><trkpt lat="24.989536" lon="121.536857"><time>2026-10-02T06:39:11Z</time><ele>17</ele><speed>16.922</speed></trkpt><trkpt lat="24.989498" lon="121.536877"><time>2026-10-02T06:39:12Z</time><ele>18</ele><speed>16.879</speed></trkpt><trkpt lat="24.989459" lon="121.5369"><time>2026-10-02T06:39:13Z</time><ele>18</ele><speed>17.27</speed></trkpt><trkpt lat="24.989421" lon="121.536924"><time>2026-10-02T06:39:14Z</time><ele>18</ele><speed>17.127</speed></trkpt><trkpt lat="24.989385" lon="121.53695"><time>2026-10-02T06:39:15Z</time><ele>18</ele><speed>17.214</speed></trkpt><trkpt lat="24.989349" lon="121.536978"><time>2026-10-02T06:39:16Z</time><ele>18</ele><speed>17.221</speed></trkpt><trkpt lat="24.989311" lon="121.537005"><time>2026-10-02T06:39:17Z</time><ele>18</ele><speed>18.013</speed></trkpt><trkpt lat="24.989275" lon="121.537032"><time>2026-10-02T06:39:18Z</time><ele>19</ele><speed>16.632</speed></trkpt><trkpt lat="24.98924" lon="121.53706"><time>2026-10-02T06:39:19Z</time><ele>18</ele><speed>16.704</speed></trkpt><trkpt lat="24.989206" lon="121.537089"><time>2026-10-02T06:39:20Z</time><ele>18</ele><speed>16.569</speed></trkpt><trkpt lat="24.989172" lon="121.537117"><time>2026-10-02T06:39:21Z</time><ele>19</ele><speed>16.365</speed></trkpt><trkpt lat="24.989139" lon="121.537144"><time>2026-10-02T06:39:22Z</time><ele>19</ele><speed>16.086</speed></trkpt><trkpt lat="24.98911" lon="121.537174"><time>2026-10-02T06:39:23Z</time><ele>19</ele><speed>15.288</speed></trkpt><trkpt lat="24.98908" lon="121.537204"><time>2026-10-02T06:39:24Z</time><ele>18</ele><speed>15.694</speed></trkpt><trkpt lat="24.989051" lon="121.537233"><time>2026-10-02T06:39:25Z</time><ele>18</ele><speed>16.105</speed></trkpt><trkpt lat="24.989023" lon="121.537264"><time>2026-10-02T06:39:26Z</time><ele>18</ele><speed>17.045</speed></trkpt><trkpt lat="24.988997" lon="121.537298"><time>2026-10-02T06:39:27Z</time><ele>18</ele><speed>17.134</speed></trkpt><trkpt lat="24.98897" lon="121.537331"><time>2026-10-02T06:39:28Z</time><ele>18</ele><speed>16.682</speed></trkpt><trkpt lat="24.988945" lon="121.537366"><time>2026-10-02T06:39:29Z</time><ele>18</ele><speed>16.287</speed></trkpt><trkpt lat="24.988919" lon="121.537399"><time>2026-10-02T06:39:30Z</time><ele>18</ele><speed>14.546</speed></trkpt><trkpt lat="24.988894" lon="121.537432"><time>2026-10-02T06:39:31Z</time><ele>18</ele><speed>15.019</speed></trkpt><trkpt lat="24.98887" lon="121.537465"><time>2026-10-02T06:39:32Z</time><ele>18</ele><speed>15.05</speed></trkpt><trkpt lat="24.988844" lon="121.537497"><time>2026-10-02T06:39:33Z</time><ele>18</ele><speed>15.634</speed></trkpt><trkpt lat="24.988819" lon="121.537532"><time>2026-10-02T06:39:34Z</time><ele>17</ele><speed>16.481</speed></trkpt><trkpt lat="24.988795" lon="121.537566"><time>2026-10-02T06:39:35Z</time><ele>17</ele><speed>15.828</speed></trkpt><trkpt lat="24.988771" lon="121.537603"><time>2026-10-02T06:39:36Z</time><ele>18</ele><speed>16.194</speed></trkpt><trkpt lat="24.988748" lon="121.537641"><time>2026-10-02T06:39:37Z</time><ele>18</ele><speed>16.999</speed></trkpt><trkpt lat="24.988723" lon="121.53768"><time>2026-10-02T06:39:38Z</time><ele>18</ele><speed>17.255</speed></trkpt><trkpt lat="24.9887" lon="121.537721"><time>2026-10-02T06:39:39Z</time><ele>18</ele><speed>17.038</speed></trkpt><trkpt lat="24.98868" lon="121.537762"><time>2026-10-02T06:39:40Z</time><ele>18</ele><speed>16.513</speed></trkpt><trkpt lat="24.98866" lon="121.537806"><time>2026-10-02T06:39:41Z</time><ele>17</ele><speed>16.834</speed></trkpt><trkpt lat="24.988642" lon="121.537848"><time>2026-10-02T06:39:42Z</time><ele>18</ele><speed>15.843</speed></trkpt><trkpt lat="24.988626" lon="121.53789"><time>2026-10-02T06:39:43Z</time><ele>17</ele><speed>15.928</speed></trkpt><trkpt lat="24.988616" lon="121.537935"><time>2026-10-02T06:39:44Z</time><ele>17</ele><speed>16.963</speed></trkpt><trkpt lat="24.988607" lon="121.537981"><time>2026-10-02T06:39:45Z</time><ele>17</ele><speed>17.055</speed></trkpt><trkpt lat="24.988596" lon="121.538026"><time>2026-10-02T06:39:46Z</time><ele>17</ele><speed>16.385</speed></trkpt><trkpt lat="24.988588" lon="121.53807"><time>2026-10-02T06:39:47Z</time><ele>17</ele><speed>16.63</speed></trkpt><trkpt lat="24.98858" lon="121.538117"><time>2026-10-02T06:39:48Z</time><ele>16</ele><speed>16.121</speed></trkpt><trkpt lat="24.988571" lon="121.538163"><time>2026-10-02T06:39:49Z</time><ele>17</ele><speed>15.768</speed></trkpt><trkpt lat="24.98856" lon="121.538208"><time>2026-10-02T06:39:50Z</time><ele>16</ele><speed>15.838</speed></trkpt><trkpt lat="24.98855" lon="121.538252"><time>2026-10-02T06:39:51Z</time><ele>16</ele><speed>16.283</speed></trkpt><trkpt lat="24.988542" lon="121.538297"><time>2026-10-02T06:39:52Z</time><ele>17</ele><speed>16.307</speed></trkpt><trkpt lat="24.988534" lon="121.53834"><time>2026-10-02T06:39:53Z</time><ele>17</ele><speed>16.808</speed></trkpt><trkpt lat="24.988527" lon="121.538385"><time>2026-10-02T06:39:54Z</time><ele>17</ele><speed>17.096</speed></trkpt><trkpt lat="24.988519" lon="121.538429"><time>2026-10-02T06:39:55Z</time><ele>17</ele><speed>16.642</speed></trkpt><trkpt lat="24.988513" lon="121.538475"><time>2026-10-02T06:39:56Z</time><ele>16</ele><speed>18.053</speed></trkpt><trkpt lat="24.988508" lon="121.538523"><time>2026-10-02T06:39:57Z</time><ele>18</ele><speed>19.57</speed></trkpt><trkpt lat="24.988502" lon="121.538572"><time>2026-10-02T06:39:58Z</time><ele>19</ele><speed>18.933</speed></trkpt><trkpt lat="24.988499" lon="121.538621"><time>2026-10-02T06:39:59Z</time><ele>17</ele><speed>17.781</speed></trkpt><trkpt lat="24.988494" lon="121.538672"><time>2026-10-02T06:40:00Z</time><ele>18</ele><speed>17.202</speed></trkpt><trkpt lat="24.988493" lon="121.538723"><time>2026-10-02T06:40:01Z</time><ele>18</ele><speed>16.366</speed></trkpt><trkpt lat="24.988489" lon="121.538771"><time>2026-10-02T06:40:02Z</time><ele>18</ele><speed>15.127</speed></trkpt><trkpt lat="24.988485" lon="121.538813"><time>2026-10-02T06:40:03Z</time><ele>18</ele><speed>14.482</speed></trkpt><trkpt lat="24.988482" lon="121.538854"><time>2026-10-02T06:40:04Z</time><ele>18</ele><speed>14.309</speed></trkpt><trkpt lat="24.988475" lon="121.538894"><time>2026-10-02T06:40:05Z</time><ele>19</ele><speed>15.307</speed></trkpt><trkpt lat="24.98847" lon="121.538934"><time>2026-10-02T06:40:06Z</time><ele>20</ele><speed>16.372</speed></trkpt><trkpt lat="24.988464" lon="121.538973"><time>2026-10-02T06:40:07Z</time><ele>19</ele><speed>16.2</speed></trkpt><trkpt lat="24.98846" lon="121.539015"><time>2026-10-02T06:40:08Z</time><ele>19</ele><speed>16.59</speed></trkpt><trkpt lat="24.988457" lon="121.53906"><time>2026-10-02T06:40:09Z</time><ele>19</ele><speed>16.447</speed></trkpt><trkpt lat="24.988453" lon="121.539105"><time>2026-10-02T06:40:10Z</time><ele>19</ele><speed>15.819</speed></trkpt><trkpt lat="24.988452" lon="121.539153"><time>2026-10-02T06:40:11Z</time><ele>20</ele><speed>17.355</speed></trkpt><trkpt lat="24.988451" lon="121.539202"><time>2026-10-02T06:40:12Z</time><ele>19</ele><speed>17.748</speed></trkpt><trkpt lat="24.988451" lon="121.539252"><time>2026-10-02T06:40:13Z</time><ele>19</ele><speed>17.7</speed></trkpt><trkpt lat="24.988452" lon="121.539301"><time>2026-10-02T06:40:14Z</time><ele>19</ele><speed>16.658</speed></trkpt><trkpt lat="24.988455" lon="121.539349"><time>2026-10-02T06:40:15Z</time><ele>17</ele><speed>16.365</speed></trkpt><trkpt lat="24.98846" lon="121.5394"><time>2026-10-02T06:40:16Z</time><ele>20</ele><speed>17.599</speed></trkpt><trkpt lat="24.988465" lon="121.539449"><time>2026-10-02T06:40:17Z</time><ele>21</ele><speed>17.019</speed></trkpt><trkpt lat="24.988473" lon="121.539495"><time>2026-10-02T06:40:18Z</time><ele>21</ele><speed>15.141</speed></trkpt><trkpt lat="24.988481" lon="121.53954"><time>2026-10-02T06:40:19Z</time><ele>21</ele><speed>14.974</speed></trkpt><trkpt lat="24.988489" lon="121.539584"><time>2026-10-02T06:40:20Z</time><ele>20</ele><speed>14.905</speed></trkpt><trkpt lat="24.988498" lon="121.539627"><time>2026-10-02T06:40:21Z</time><ele>21</ele><speed>14.972</speed></trkpt><trkpt lat="24.988506" lon="121.539667"><time>2026-10-02T06:40:22Z</time><ele>20</ele><speed>14.956</speed></trkpt><trkpt lat="24.988515" lon="121.539706"><time>2026-10-02T06:40:23Z</time><ele>19</ele><speed>14.942</speed></trkpt><trkpt lat="24.988513" lon="121.539736"><time>2026-10-02T06:40:24Z</time><ele>20</ele><speed>11.006</speed></trkpt><trkpt lat="24.988509" lon="121.539777"><time>2026-10-02T06:40:25Z</time><ele>20</ele><speed>13.359</speed></trkpt><trkpt lat="24.988502" lon="121.539815"><time>2026-10-02T06:40:26Z</time><ele>20</ele><speed>10.433</speed></trkpt><trkpt lat="24.988495" lon="121.539849"><time>2026-10-02T06:40:27Z</time><ele>21</ele><speed>9.821</speed></trkpt><trkpt lat="24.988487" lon="121.539879"><time>2026-10-02T06:40:28Z</time><ele>21</ele><speed>7.794</speed></trkpt><trkpt lat="24.988476" lon="121.539906"><time>2026-10-02T06:40:29Z</time><ele>22</ele><speed>7.302</speed></trkpt><trkpt lat="24.988471" lon="121.539938"><time>2026-10-02T06:40:30Z</time><ele>22</ele><speed>6.187</speed></trkpt><trkpt lat="24.988458" lon="121.539954"><time>2026-10-02T06:40:37Z</time><ele>23</ele><speed>3.213</speed></trkpt><trkpt lat="24.988443" lon="121.539968"><time>2026-10-02T06:40:38Z</time><ele>22</ele><speed>3.884</speed></trkpt><trkpt lat="24.988425" lon="121.539979"><time>2026-10-02T06:40:39Z</time><ele>23</ele><speed>4.397</speed></trkpt><trkpt lat="24.988406" lon="121.539989"><time>2026-10-02T06:40:40Z</time><ele>23</ele><speed>5.437</speed></trkpt><trkpt lat="24.988385" lon="121.539999"><time>2026-10-02T06:40:41Z</time><ele>23</ele><speed>6.793</speed></trkpt><trkpt lat="24.988364" lon="121.540012"><time>2026-10-02T06:40:42Z</time><ele>22</ele><speed>10.021</speed></trkpt><trkpt lat="24.988349" lon="121.540029"><time>2026-10-02T06:40:43Z</time><ele>22</ele><speed>12.986</speed></trkpt><trkpt lat="24.988335" lon="121.540052"><time>2026-10-02T06:40:44Z</time><ele>22</ele><speed>14.634</speed></trkpt><trkpt lat="24.98832" lon="121.540083"><time>2026-10-02T06:40:45Z</time><ele>21</ele><speed>16.365</speed></trkpt><trkpt lat="24.988306" lon="121.54012"><time>2026-10-02T06:40:46Z</time><ele>21</ele><speed>17.485</speed></trkpt><trkpt lat="24.988295" lon="121.540164"><time>2026-10-02T06:40:47Z</time><ele>21</ele><speed>17.705</speed></trkpt><trkpt lat="24.988285" lon="121.54021"><time>2026-10-02T06:40:48Z</time><ele>21</ele><speed>17.358</speed></trkpt><trkpt lat="24.988278" lon="121.540257"><time>2026-10-02T06:40:49Z</time><ele>20</ele><speed>16.736</speed></trkpt><trkpt lat="24.988271" lon="121.540305"><time>2026-10-02T06:40:50Z</time><ele>21</ele><speed>16.734</speed></trkpt><trkpt lat="24.988265" lon="121.540352"><time>2026-10-02T06:40:51Z</time><ele>21</ele><speed>16.837</speed></trkpt><trkpt lat="24.988259" lon="121.540399"><time>2026-10-02T06:40:52Z</time><ele>21</ele><speed>17.768</speed></trkpt><trkpt lat="24.988251" lon="121.540447"><time>2026-10-02T06:40:53Z</time><ele>22</ele><speed>18.577</speed></trkpt><trkpt lat="24.988243" lon="121.540496"><time>2026-10-02T06:40:54Z</time><ele>20</ele><speed>19.642</speed></trkpt><trkpt lat="24.988235" lon="121.540548"><time>2026-10-02T06:40:55Z</time><ele>21</ele><speed>20.656</speed></trkpt><trkpt lat="24.988228" lon="121.540602"><time>2026-10-02T06:40:56Z</time><ele>21</ele><speed>21.024</speed></trkpt><trkpt lat="24.988221" lon="121.540658"><time>2026-10-02T06:40:57Z</time><ele>20</ele><speed>21.236</speed></trkpt><trkpt lat="24.988215" lon="121.540715"><time>2026-10-02T06:40:58Z</time><ele>21</ele><speed>20.576</speed></trkpt><trkpt lat="24.988211" lon="121.540772"><time>2026-10-02T06:40:59Z</time><ele>20</ele><speed>20.192</speed></trkpt><trkpt lat="24.988207" lon="121.540828"><time>2026-10-02T06:41:00Z</time><ele>19</ele><speed>19.883</speed></trkpt><trkpt lat="24.988206" lon="121.540886"><time>2026-10-02T06:41:01Z</time><ele>18</ele><speed>21.36</speed></trkpt><trkpt lat="24.98821" lon="121.540945"><time>2026-10-02T06:41:02Z</time><ele>20</ele><speed>21.864</speed></trkpt><trkpt lat="24.988215" lon="121.541004"><time>2026-10-02T06:41:03Z</time><ele>21</ele><speed>21.767</speed></trkpt><trkpt lat="24.988218" lon="121.54106"><time>2026-10-02T06:41:04Z</time><ele>22</ele><speed>20.145</speed></trkpt><trkpt lat="24.988222" lon="121.541115"><time>2026-10-02T06:41:05Z</time><ele>22</ele><speed>18.706</speed></trkpt><trkpt lat="24.988227" lon="121.541171"><time>2026-10-02T06:41:06Z</time><ele>22</ele><speed>19.457</speed></trkpt><trkpt lat="24.98823" lon="121.541224"><time>2026-10-02T06:41:07Z</time><ele>22</ele><speed>19.614</speed></trkpt><trkpt lat="24.98823" lon="121.541276"><time>2026-10-02T06:41:08Z</time><ele>22</ele><speed>19.52</speed></trkpt><trkpt lat="24.988229" lon="121.541324"><time>2026-10-02T06:41:09Z</time><ele>23</ele><speed>17.426</speed></trkpt><trkpt lat="24.988229" lon="121.541375"><time>2026-10-02T06:41:10Z</time><ele>23</ele><speed>18.074</speed></trkpt><trkpt lat="24.98823" lon="121.541428"><time>2026-10-02T06:41:11Z</time><ele>22</ele><speed>18.905</speed></trkpt><trkpt lat="24.988233" lon="121.54148"><time>2026-10-02T06:41:12Z</time><ele>22</ele><speed>18.229</speed></trkpt><trkpt lat="24.988236" lon="121.54153"><time>2026-10-02T06:41:13Z</time><ele>21</ele><speed>17.276</speed></trkpt><trkpt lat="24.988238" lon="121.54158"><time>2026-10-02T06:41:14Z</time><ele>21</ele><speed>17.375</speed></trkpt><trkpt lat="24.988241" lon="121.541631"><time>2026-10-02T06:41:15Z</time><ele>21</ele><speed>18.068</speed></trkpt><trkpt lat="24.988244" lon="121.541684"><time>2026-10-02T06:41:16Z</time><ele>21</ele><speed>19.494</speed></trkpt><trkpt lat="24.988244" lon="121.541737"><time>2026-10-02T06:41:17Z</time><ele>24</ele><speed>19.902</speed></trkpt><trkpt lat="24.988245" lon="121.541791"><time>2026-10-02T06:41:18Z</time><ele>22</ele><speed>20.434</speed></trkpt><trkpt lat="24.988246" lon="121.541846"><time>2026-10-02T06:41:19Z</time><ele>21</ele><speed>19.257</speed></trkpt><trkpt lat="24.988248" lon="121.541903"><time>2026-10-02T06:41:20Z</time><ele>20</ele><speed>19.559</speed></trkpt><trkpt lat="24.98825" lon="121.541962"><time>2026-10-02T06:41:21Z</time><ele>21</ele><speed>19.482</speed></trkpt><trkpt lat="24.988254" lon="121.542021"><time>2026-10-02T06:41:22Z</time><ele>21</ele><speed>19.664</speed></trkpt><trkpt lat="24.98826" lon="121.542078"><time>2026-10-02T06:41:23Z</time><ele>20</ele><speed>19.014</speed></trkpt><trkpt lat="24.988269" lon="121.542136"><time>2026-10-02T06:41:24Z</time><ele>22</ele><speed>20.068</speed></trkpt><trkpt lat="24.988278" lon="121.542194"><time>2026-10-02T06:41:25Z</time><ele>22</ele><speed>20.477</speed></trkpt><trkpt lat="24.988286" lon="121.542251"><time>2026-10-02T06:41:26Z</time><ele>23</ele><speed>20.78</speed></trkpt><trkpt lat="24.988295" lon="121.542309"><time>2026-10-02T06:41:27Z</time><ele>23</ele><speed>21.466</speed></trkpt><trkpt lat="24.988304" lon="121.542366"><time>2026-10-02T06:41:28Z</time><ele>23</ele><speed>20.083</speed></trkpt><trkpt lat="24.988314" lon="121.542422"><time>2026-10-02T06:41:29Z</time><ele>22</ele><speed>18.621</speed></trkpt><trkpt lat="24.988324" lon="121.542476"><time>2026-10-02T06:41:30Z</time><ele>21</ele><speed>18.456</speed></trkpt><trkpt lat="24.988333" lon="121.542529"><time>2026-10-02T06:41:31Z</time><ele>21</ele><speed>17.952</speed></trkpt><trkpt lat="24.988344" lon="121.542582"><time>2026-10-02T06:41:32Z</time><ele>22</ele><speed>18.675</speed></trkpt><trkpt lat="24.988353" lon="121.542632"><time>2026-10-02T06:41:33Z</time><ele>22</ele><speed>19.082</speed></trkpt><trkpt lat="24.988363" lon="121.542681"><time>2026-10-02T06:41:34Z</time><ele>22</ele><speed>19.144</speed></trkpt><trkpt lat="24.988373" lon="121.542733"><time>2026-10-02T06:41:35Z</time><ele>22</ele><speed>20.464</speed></trkpt><trkpt lat="24.98838" lon="121.542787"><time>2026-10-02T06:41:36Z</time><ele>22</ele><speed>21.41</speed></trkpt><trkpt lat="24.988387" lon="121.542843"><time>2026-10-02T06:41:37Z</time><ele>23</ele><speed>21.558</speed></trkpt><trkpt lat="24.988398" lon="121.542897"><time>2026-10-02T06:41:38Z</time><ele>21</ele><speed>21.166</speed></trkpt><trkpt lat="24.988408" lon="121.542952"><time>2026-10-02T06:41:39Z</time><ele>24</ele><speed>19.92</speed></trkpt><trkpt lat="24.988419" lon="121.543007"><time>2026-10-02T06:41:40Z</time><ele>23</ele><speed>19.204</speed></trkpt><trkpt lat="24.988429" lon="121.543059"><time>2026-10-02T06:41:41Z</time><ele>23</ele><speed>19.235</speed></trkpt><trkpt lat="24.98844" lon="121.543108"><time>2026-10-02T06:41:42Z</time><ele>22</ele><speed>17.64</speed></trkpt><trkpt lat="24.988454" lon="121.543153"><time>2026-10-02T06:41:43Z</time><ele>22</ele><speed>17.425</speed></trkpt><trkpt lat="24.988464" lon="121.5432"><time>2026-10-02T06:41:44Z</time><ele>23</ele><speed>17.339</speed></trkpt><trkpt lat="24.988478" lon="121.543246"><time>2026-10-02T06:41:45Z</time><ele>22</ele><speed>17.623</speed></trkpt><trkpt lat="24.988492" lon="121.543291"><time>2026-10-02T06:41:46Z</time><ele>24</ele><speed>17.622</speed></trkpt><trkpt lat="24.988499" lon="121.543335"><time>2026-10-02T06:41:47Z</time><ele>23</ele><speed>16.83</speed></trkpt><trkpt lat="24.988501" lon="121.543382"><time>2026-10-02T06:41:48Z</time><ele>24</ele><speed>18.066</speed></trkpt><trkpt lat="24.988497" lon="121.543429"><time>2026-10-02T06:41:49Z</time><ele>24</ele><speed>18.29</speed></trkpt><trkpt lat="24.988489" lon="121.543475"><time>2026-10-02T06:41:50Z</time><ele>24</ele><speed>18.043</speed></trkpt><trkpt lat="24.988475" lon="121.543523"><time>2026-10-02T06:41:51Z</time><ele>23</ele><speed>18.815</speed></trkpt><trkpt lat="24.988457" lon="121.543573"><time>2026-10-02T06:41:52Z</time><ele>24</ele><speed>19.399</speed></trkpt><trkpt lat="24.988442" lon="121.543624"><time>2026-10-02T06:41:53Z</time><ele>23</ele><speed>18.526</speed></trkpt><trkpt lat="24.988429" lon="121.543674"><time>2026-10-02T06:41:54Z</time><ele>23</ele><speed>17.578</speed></trkpt><trkpt lat="24.988415" lon="121.543722"><time>2026-10-02T06:41:55Z</time><ele>22</ele><speed>16.494</speed></trkpt><trkpt lat="24.988403" lon="121.543772"><time>2026-10-02T06:41:56Z</time><ele>23</ele><speed>17.891</speed></trkpt><trkpt lat="24.988394" lon="121.543823"><time>2026-10-02T06:41:57Z</time><ele>23</ele><speed>18.558</speed></trkpt><trkpt lat="24.988388" lon="121.543875"><time>2026-10-02T06:41:58Z</time><ele>22</ele><speed>19.75</speed></trkpt><trkpt lat="24.988382" lon="121.543928"><time>2026-10-02T06:41:59Z</time><ele>22</ele><speed>19.038</speed></trkpt><trkpt lat="24.988376" lon="121.543983"><time>2026-10-02T06:42:00Z</time><ele>22</ele><speed>19.748</speed></trkpt><trkpt lat="24.988371" lon="121.544041"><time>2026-10-02T06:42:01Z</time><ele>22</ele><speed>18.949</speed></trkpt><trkpt lat="24.988367" lon="121.544096"><time>2026-10-02T06:42:02Z</time><ele>22</ele><speed>17.428</speed></trkpt><trkpt lat="24.988359" lon="121.544151"><time>2026-10-02T06:42:03Z</time><ele>23</ele><speed>17.933</speed></trkpt><trkpt lat="24.988347" lon="121.544202"><time>2026-10-02T06:42:04Z</time><ele>24</ele><speed>18.423</speed></trkpt><trkpt lat="24.988333" lon="121.544254"><time>2026-10-02T06:42:05Z</time><ele>23</ele><speed>19.103</speed></trkpt><trkpt lat="24.988314" lon="121.544302"><time>2026-10-02T06:42:06Z</time><ele>24</ele><speed>19.872</speed></trkpt><trkpt lat="24.988292" lon="121.544349"><time>2026-10-02T06:42:07Z</time><ele>24</ele><speed>19.618</speed></trkpt><trkpt lat="24.988264" lon="121.544394"><time>2026-10-02T06:42:08Z</time><ele>23</ele><speed>18.966</speed></trkpt><trkpt lat="24.988234" lon="121.544435"><time>2026-10-02T06:42:09Z</time><ele>23</ele><speed>18.051</speed></trkpt><trkpt lat="24.9882" lon="121.544471"><time>2026-10-02T06:42:10Z</time><ele>24</ele><speed>17.682</speed></trkpt><trkpt lat="24.988164" lon="121.544502"><time>2026-10-02T06:42:11Z</time><ele>22</ele><speed>17.141</speed></trkpt><trkpt lat="24.988128" lon="121.544528"><time>2026-10-02T06:42:12Z</time><ele>24</ele><speed>16.743</speed></trkpt><trkpt lat="24.98809" lon="121.54455"><time>2026-10-02T06:42:13Z</time><ele>22</ele><speed>16.709</speed></trkpt><trkpt lat="24.988053" lon="121.544572"><time>2026-10-02T06:42:14Z</time><ele>23</ele><speed>15.361</speed></trkpt><trkpt lat="24.988015" lon="121.544589"><time>2026-10-02T06:42:15Z</time><ele>23</ele><speed>15.894</speed></trkpt><trkpt lat="24.987978" lon="121.544607"><time>2026-10-02T06:42:16Z</time><ele>22</ele><speed>15.402</speed></trkpt><trkpt lat="24.987942" lon="121.544624"><time>2026-10-02T06:42:17Z</time><ele>22</ele><speed>15.782</speed></trkpt><trkpt lat="24.987907" lon="121.544642"><time>2026-10-02T06:42:18Z</time><ele>21</ele><speed>16.278</speed></trkpt><trkpt lat="24.987871" lon="121.544658"><time>2026-10-02T06:42:19Z</time><ele>22</ele><speed>16.673</speed></trkpt><trkpt lat="24.987831" lon="121.544672"><time>2026-10-02T06:42:20Z</time><ele>21</ele><speed>17.674</speed></trkpt><trkpt lat="24.98779" lon="121.544687"><time>2026-10-02T06:42:21Z</time><ele>22</ele><speed>19.751</speed></trkpt><trkpt lat="24.987747" lon="121.544702"><time>2026-10-02T06:42:22Z</time><ele>20</ele><speed>20.767</speed></trkpt><trkpt lat="24.9877" lon="121.544717"><time>2026-10-02T06:42:23Z</time><ele>22</ele><speed>20.781</speed></trkpt><trkpt lat="24.98765" lon="121.54473"><time>2026-10-02T06:42:24Z</time><ele>23</ele><speed>21.543</speed></trkpt><trkpt lat="24.9876" lon="121.544746"><time>2026-10-02T06:42:25Z</time><ele>21</ele><speed>21.446</speed></trkpt><trkpt lat="24.987547" lon="121.54476"><time>2026-10-02T06:42:26Z</time><ele>21</ele><speed>21.78</speed></trkpt><trkpt lat="24.987497" lon="121.544776"><time>2026-10-02T06:42:27Z</time><ele>20</ele><speed>19.731</speed></trkpt><trkpt lat="24.987446" lon="121.544791"><time>2026-10-02T06:42:28Z</time><ele>21</ele><speed>20.195</speed></trkpt><trkpt lat="24.987397" lon="121.544805"><time>2026-10-02T06:42:29Z</time><ele>22</ele><speed>20.012</speed></trkpt><trkpt lat="24.98735" lon="121.544827"><time>2026-10-02T06:42:30Z</time><ele>21</ele><speed>20.811</speed></trkpt><trkpt lat="24.987306" lon="121.544847"><time>2026-10-02T06:42:31Z</time><ele>22</ele><speed>17.784</speed></trkpt><trkpt lat="24.987268" lon="121.544873"><time>2026-10-02T06:42:32Z</time><ele>20</ele><speed>15.851</speed></trkpt><trkpt lat="24.987232" lon="121.5449"><time>2026-10-02T06:42:33Z</time><ele>20</ele><speed>15.364</speed></trkpt><trkpt lat="24.987201" lon="121.544928"><time>2026-10-02T06:42:34Z</time><ele>22</ele><speed>14.237</speed></trkpt><trkpt lat="24.987173" lon="121.544957"><time>2026-10-02T06:42:35Z</time><ele>22</ele><speed>14.353</speed></trkpt><trkpt lat="24.987146" lon="121.544983"><time>2026-10-02T06:42:36Z</time><ele>22</ele><speed>14.562</speed></trkpt><trkpt lat="24.987119" lon="121.545008"><time>2026-10-02T06:42:37Z</time><ele>21</ele><speed>15.185</speed></trkpt><trkpt lat="24.98709" lon="121.545032"><time>2026-10-02T06:42:38Z</time><ele>21</ele><speed>15.539</speed></trkpt><trkpt lat="24.987059" lon="121.545053"><time>2026-10-02T06:42:39Z</time><ele>23</ele><speed>15.386</speed></trkpt><trkpt lat="24.987024" lon="121.545073"><time>2026-10-02T06:42:40Z</time><ele>22</ele><speed>17.306</speed></trkpt><trkpt lat="24.986986" lon="121.545092"><time>2026-10-02T06:42:41Z</time><ele>20</ele><speed>18.422</speed></trkpt><trkpt lat="24.986947" lon="121.545111"><time>2026-10-02T06:42:42Z</time><ele>23</ele><speed>16.657</speed></trkpt><trkpt lat="24.986908" lon="121.545128"><time>2026-10-02T06:42:43Z</time><ele>23</ele><speed>16.195</speed></trkpt><trkpt lat="24.986865" lon="121.545143"><time>2026-10-02T06:42:44Z</time><ele>21</ele><speed>16.838</speed></trkpt><trkpt lat="24.986821" lon="121.545155"><time>2026-10-02T06:42:45Z</time><ele>22</ele><speed>17.017</speed></trkpt><trkpt lat="24.986772" lon="121.545162"><time>2026-10-02T06:42:46Z</time><ele>22</ele><speed>19.954</speed></trkpt><trkpt lat="24.98673" lon="121.545153"><time>2026-10-02T06:42:47Z</time><ele>19</ele><speed>17.908</speed></trkpt><trkpt lat="24.986679" lon="121.545139"><time>2026-10-02T06:42:48Z</time><ele>22</ele><speed>20.792</speed></trkpt><trkpt lat="24.986627" lon="121.545124"><time>2026-10-02T06:42:49Z</time><ele>22</ele><speed>20.154</speed></trkpt><trkpt lat="24.986575" lon="121.545107"><time>2026-10-02T06:42:50Z</time><ele>21</ele><speed>18.852</speed></trkpt><trkpt lat="24.986524" lon="121.545092"><time>2026-10-02T06:42:51Z</time><ele>20</ele><speed>18.245</speed></trkpt><trkpt lat="24.986478" lon="121.545081"><time>2026-10-02T06:42:52Z</time><ele>19</ele><speed>18.37</speed></trkpt><trkpt lat="24.986425" lon="121.545082"><time>2026-10-02T06:42:53Z</time><ele>20</ele><speed>20.655</speed></trkpt><trkpt lat="24.986377" lon="121.545086"><time>2026-10-02T06:42:54Z</time><ele>20</ele><speed>21.263</speed></trkpt><trkpt lat="24.986328" lon="121.545089"><time>2026-10-02T06:42:55Z</time><ele>20</ele><speed>20.759</speed></trkpt><trkpt lat="24.986278" lon="121.54509"><time>2026-10-02T06:42:56Z</time><ele>19</ele><speed>20.01</speed></trkpt><trkpt lat="24.986229" lon="121.545089"><time>2026-10-02T06:42:57Z</time><ele>20</ele><speed>19.291</speed></trkpt><trkpt lat="24.986179" lon="121.545088"><time>2026-10-02T06:42:58Z</time><ele>20</ele><speed>17.617</speed></trkpt><trkpt lat="24.986131" lon="121.545085"><time>2026-10-02T06:42:59Z</time><ele>19</ele><speed>17.959</speed></trkpt><trkpt lat="24.986085" lon="121.545079"><time>2026-10-02T06:43:00Z</time><ele>19</ele><speed>17.516</speed></trkpt><trkpt lat="24.98604" lon="121.545072"><time>2026-10-02T06:43:01Z</time><ele>20</ele><speed>17.769</speed></trkpt><trkpt lat="24.985995" lon="121.545067"><time>2026-10-02T06:43:02Z</time><ele>20</ele><speed>17.866</speed></trkpt><trkpt lat="24.98595" lon="121.545063"><time>2026-10-02T06:43:03Z</time><ele>19</ele><speed>17.634</speed></trkpt><trkpt lat="24.985904" lon="121.54506"><time>2026-10-02T06:43:04Z</time><ele>17</ele><speed>18.519</speed></trkpt><trkpt lat="24.985857" lon="121.545059"><time>2026-10-02T06:43:05Z</time><ele>20</ele><speed>19.907</speed></trkpt><trkpt lat="24.98581" lon="121.545062"><time>2026-10-02T06:43:06Z</time><ele>19</ele><speed>19.163</speed></trkpt><trkpt lat="24.985763" lon="121.545067"><time>2026-10-02T06:43:07Z</time><ele>19</ele><speed>18.561</speed></trkpt><trkpt lat="24.985717" lon="121.545073"><time>2026-10-02T06:43:08Z</time><ele>18</ele><speed>17.034</speed></trkpt><trkpt lat="24.985672" lon="121.545081"><time>2026-10-02T06:43:09Z</time><ele>18</ele><speed>16.434</speed></trkpt><trkpt lat="24.985627" lon="121.545091"><time>2026-10-02T06:43:10Z</time><ele>19</ele><speed>17.751</speed></trkpt><trkpt lat="24.985585" lon="121.545099"><time>2026-10-02T06:43:11Z</time><ele>18</ele><speed>16.542</speed></trkpt><trkpt lat="24.98554" lon="121.545107"><time>2026-10-02T06:43:12Z</time><ele>18</ele><speed>19.391</speed></trkpt><trkpt lat="24.985495" lon="121.545113"><time>2026-10-02T06:43:13Z</time><ele>17</ele><speed>20.32</speed></trkpt><trkpt lat="24.985447" lon="121.545117"><time>2026-10-02T06:43:14Z</time><ele>18</ele><speed>21.012</speed></trkpt><trkpt lat="24.985398" lon="121.545121"><time>2026-10-02T06:43:15Z</time><ele>17</ele><speed>20.016</speed></trkpt><trkpt lat="24.985349" lon="121.545123"><time>2026-10-02T06:43:16Z</time><ele>17</ele><speed>18.947</speed></trkpt><trkpt lat="24.985302" lon="121.545125"><time>2026-10-02T06:43:17Z</time><ele>17</ele><speed>16.619</speed></trkpt><trkpt lat="24.985257" lon="121.545128"><time>2026-10-02T06:43:18Z</time><ele>15</ele><speed>15.797</speed></trkpt><trkpt lat="24.985212" lon="121.545131"><time>2026-10-02T06:43:19Z</time><ele>15</ele><speed>17.251</speed></trkpt><trkpt lat="24.985168" lon="121.545133"><time>2026-10-02T06:43:20Z</time><ele>14</ele><speed>17.644</speed></trkpt><trkpt lat="24.985123" lon="121.545133"><time>2026-10-02T06:43:21Z</time><ele>16</ele><speed>19.06</speed></trkpt><trkpt lat="24.985079" lon="121.545131"><time>2026-10-02T06:43:22Z</time><ele>16</ele><speed>18.476</speed></trkpt><trkpt lat="24.985032" lon="121.545127"><time>2026-10-02T06:43:23Z</time><ele>17</ele><speed>19.053</speed></trkpt><trkpt lat="24.984983" lon="121.545123"><time>2026-10-02T06:43:24Z</time><ele>18</ele><speed>19.763</speed></trkpt><trkpt lat="24.984934" lon="121.545119"><time>2026-10-02T06:43:25Z</time><ele>16</ele><speed>19.222</speed></trkpt><trkpt lat="24.984885" lon="121.545118"><time>2026-10-02T06:43:26Z</time><ele>18</ele><speed>20.195</speed></trkpt><trkpt lat="24.984837" lon="121.545119"><time>2026-10-02T06:43:27Z</time><ele>16</ele><speed>19.63</speed></trkpt><trkpt lat="24.984787" lon="121.545121"><time>2026-10-02T06:43:28Z</time><ele>16</ele><speed>19.907</speed></trkpt><trkpt lat="24.984738" lon="121.545127"><time>2026-10-02T06:43:29Z</time><ele>16</ele><speed>19.241</speed></trkpt><trkpt lat="24.98469" lon="121.545135"><time>2026-10-02T06:43:30Z</time><ele>16</ele><speed>18.654</speed></trkpt><trkpt lat="24.984642" lon="121.545145"><time>2026-10-02T06:43:31Z</time><ele>17</ele><speed>18.534</speed></trkpt><trkpt lat="24.984595" lon="121.545155"><time>2026-10-02T06:43:32Z</time><ele>18</ele><speed>18.389</speed></trkpt><trkpt lat="24.984549" lon="121.545167"><time>2026-10-02T06:43:33Z</time><ele>17</ele><speed>18.1</speed></trkpt><trkpt lat="24.984505" lon="121.54518"><time>2026-10-02T06:43:34Z</time><ele>17</ele><speed>17.824</speed></trkpt><trkpt lat="24.98446" lon="121.545193"><time>2026-10-02T06:43:35Z</time><ele>20</ele><speed>19.122</speed></trkpt><trkpt lat="24.984414" lon="121.545208"><time>2026-10-02T06:43:36Z</time><ele>21</ele><speed>20.125</speed></trkpt><trkpt lat="24.984368" lon="121.545227"><time>2026-10-02T06:43:37Z</time><ele>19</ele><speed>20.337</speed></trkpt><trkpt lat="24.984323" lon="121.545248"><time>2026-10-02T06:43:38Z</time><ele>20</ele><speed>19.368</speed></trkpt><trkpt lat="24.984278" lon="121.545273"><time>2026-10-02T06:43:39Z</time><ele>19</ele><speed>19.774</speed></trkpt><trkpt lat="24.984233" lon="121.545299"><time>2026-10-02T06:43:40Z</time><ele>20</ele><speed>19.843</speed></trkpt><trkpt lat="24.984189" lon="121.545332"><time>2026-10-02T06:43:41Z</time><ele>17</ele><speed>21.447</speed></trkpt><trkpt lat="24.984147" lon="121.545366"><time>2026-10-02T06:43:42Z</time><ele>16</ele><speed>20.887</speed></trkpt><trkpt lat="24.984107" lon="121.545401"><time>2026-10-02T06:43:43Z</time><ele>18</ele><speed>19.817</speed></trkpt><trkpt lat="24.984068" lon="121.545436"><time>2026-10-02T06:43:44Z</time><ele>18</ele><speed>19.288</speed></trkpt><trkpt lat="24.984029" lon="121.545469"><time>2026-10-02T06:43:45Z</time><ele>18</ele><speed>19.082</speed></trkpt><trkpt lat="24.983993" lon="121.545503"><time>2026-10-02T06:43:46Z</time><ele>21</ele><speed>17.701</speed></trkpt><trkpt lat="24.98396" lon="121.545538"><time>2026-10-02T06:43:47Z</time><ele>21</ele><speed>18.278</speed></trkpt><trkpt lat="24.98393" lon="121.545573"><time>2026-10-02T06:43:48Z</time><ele>20</ele><speed>17.64</speed></trkpt><trkpt lat="24.983903" lon="121.54561"><time>2026-10-02T06:43:49Z</time><ele>20</ele><speed>16.949</speed></trkpt><trkpt lat="24.983878" lon="121.545647"><time>2026-10-02T06:43:50Z</time><ele>20</ele><speed>16.737</speed></trkpt><trkpt lat="24.983855" lon="121.545685"><time>2026-10-02T06:43:51Z</time><ele>20</ele><speed>16.953</speed></trkpt><trkpt lat="24.983833" lon="121.545726"><time>2026-10-02T06:43:52Z</time><ele>20</ele><speed>17.727</speed></trkpt><trkpt lat="24.983812" lon="121.545768"><time>2026-10-02T06:43:53Z</time><ele>20</ele><speed>18.365</speed></trkpt><trkpt lat="24.983792" lon="121.545812"><time>2026-10-02T06:43:54Z</time><ele>18</ele><speed>18.698</speed></trkpt><trkpt lat="24.983772" lon="121.545858"><time>2026-10-02T06:43:55Z</time><ele>18</ele><speed>19.919</speed></trkpt><trkpt lat="24.983754" lon="121.545907"><time>2026-10-02T06:43:56Z</time><ele>19</ele><speed>19.845</speed></trkpt><trkpt lat="24.983737" lon="121.545958"><time>2026-10-02T06:43:57Z</time><ele>19</ele><speed>18.224</speed></trkpt><trkpt lat="24.983724" lon="121.546009"><time>2026-10-02T06:43:58Z</time><ele>19</ele><speed>18.137</speed></trkpt><trkpt lat="24.983713" lon="121.546059"><time>2026-10-02T06:43:59Z</time><ele>19</ele><speed>17.465</speed></trkpt><trkpt lat="24.983704" lon="121.546109"><time>2026-10-02T06:44:00Z</time><ele>19</ele><speed>17.014</speed></trkpt><trkpt lat="24.983698" lon="121.546156"><time>2026-10-02T06:44:01Z</time><ele>20</ele><speed>16.207</speed></trkpt><trkpt lat="24.983694" lon="121.546202"><time>2026-10-02T06:44:02Z</time><ele>18</ele><speed>15.894</speed></trkpt><trkpt lat="24.983692" lon="121.546249"><time>2026-10-02T06:44:03Z</time><ele>18</ele><speed>16.432</speed></trkpt><trkpt lat="24.983691" lon="121.546294"><time>2026-10-02T06:44:04Z</time><ele>19</ele><speed>16.218</speed></trkpt><trkpt lat="24.983691" lon="121.54634"><time>2026-10-02T06:44:05Z</time><ele>19</ele><speed>16.61</speed></trkpt><trkpt lat="24.983692" lon="121.546387"><time>2026-10-02T06:44:06Z</time><ele>18</ele><speed>17.2</speed></trkpt><trkpt lat="24.983693" lon="121.546434"><time>2026-10-02T06:44:07Z</time><ele>18</ele><speed>17.03</speed></trkpt><trkpt lat="24.983693" lon="121.546482"><time>2026-10-02T06:44:08Z</time><ele>19</ele><speed>16.462</speed></trkpt><trkpt lat="24.983695" lon="121.546527"><time>2026-10-02T06:44:09Z</time><ele>17</ele><speed>15.069</speed></trkpt><trkpt lat="24.983697" lon="121.546571"><time>2026-10-02T06:44:10Z</time><ele>19</ele><speed>15.035</speed></trkpt><trkpt lat="24.983699" lon="121.546616"><time>2026-10-02T06:44:11Z</time><ele>20</ele><speed>16.817</speed></trkpt><trkpt lat="24.983702" lon="121.546661"><time>2026-10-02T06:44:12Z</time><ele>19</ele><speed>17.396</speed></trkpt><trkpt lat="24.983707" lon="121.546707"><time>2026-10-02T06:44:13Z</time><ele>19</ele><speed>17.409</speed></trkpt><trkpt lat="24.983713" lon="121.546752"><time>2026-10-02T06:44:14Z</time><ele>18</ele><speed>16.845</speed></trkpt><trkpt lat="24.983719" lon="121.5468"><time>2026-10-02T06:44:15Z</time><ele>19</ele><speed>16.765</speed></trkpt><trkpt lat="24.983724" lon="121.546848"><time>2026-10-02T06:44:16Z</time><ele>19</ele><speed>16.595</speed></trkpt><trkpt lat="24.983729" lon="121.546896"><time>2026-10-02T06:44:17Z</time><ele>19</ele><speed>17.14</speed></trkpt><trkpt lat="24.983734" lon="121.546943"><time>2026-10-02T06:44:18Z</time><ele>19</ele><speed>17.308</speed></trkpt><trkpt lat="24.983739" lon="121.546988"><time>2026-10-02T06:44:19Z</time><ele>19</ele><speed>16.62</speed></trkpt><trkpt lat="24.983744" lon="121.547032"><time>2026-10-02T06:44:20Z</time><ele>20</ele><speed>17.117</speed></trkpt><trkpt lat="24.983748" lon="121.547078"><time>2026-10-02T06:44:21Z</time><ele>20</ele><speed>17.854</speed></trkpt><trkpt lat="24.983752" lon="121.547123"><time>2026-10-02T06:44:22Z</time><ele>20</ele><speed>17.369</speed></trkpt><trkpt lat="24.983756" lon="121.547167"><time>2026-10-02T06:44:23Z</time><ele>20</ele><speed>16.727</speed></trkpt><trkpt lat="24.98376" lon="121.547212"><time>2026-10-02T06:44:24Z</time><ele>21</ele><speed>17.511</speed></trkpt><trkpt lat="24.983763" lon="121.547258"><time>2026-10-02T06:44:25Z</time><ele>21</ele><speed>17.025</speed></trkpt><trkpt lat="24.983767" lon="121.547305"><time>2026-10-02T06:44:26Z</time><ele>19</ele><speed>16.981</speed></trkpt><trkpt lat="24.983771" lon="121.547351"><time>2026-10-02T06:44:27Z</time><ele>20</ele><speed>17.646</speed></trkpt><trkpt lat="24.983777" lon="121.547398"><time>2026-10-02T06:44:28Z</time><ele>20</ele><speed>16.856</speed></trkpt><trkpt lat="24.983782" lon="121.547444"><time>2026-10-02T06:44:29Z</time><ele>21</ele><speed>15.473</speed></trkpt><trkpt lat="24.983789" lon="121.54749"><time>2026-10-02T06:44:30Z</time><ele>20</ele><speed>16.236</speed></trkpt><trkpt lat="24.983797" lon="121.547538"><time>2026-10-02T06:44:31Z</time><ele>21</ele><speed>16.494</speed></trkpt><trkpt lat="24.983806" lon="121.547586"><time>2026-10-02T06:44:32Z</time><ele>21</ele><speed>16.985</speed></trkpt><trkpt lat="24.983813" lon="121.547633"><time>2026-10-02T06:44:33Z</time><ele>22</ele><speed>16.079</speed></trkpt><trkpt lat="24.983819" lon="121.54768"><time>2026-10-02T06:44:34Z</time><ele>20</ele><speed>16.432</speed></trkpt><trkpt lat="24.983826" lon="121.547728"><time>2026-10-02T06:44:35Z</time><ele>20</ele><speed>16.382</speed></trkpt><trkpt lat="24.983831" lon="121.547775"><time>2026-10-02T06:44:36Z</time><ele>21</ele><speed>16.514</speed></trkpt><trkpt lat="24.983836" lon="121.547821"><time>2026-10-02T06:44:37Z</time><ele>21</ele><speed>17.345</speed></trkpt><trkpt lat="24.983842" lon="121.547867"><time>2026-10-02T06:44:38Z</time><ele>21</ele><speed>16.764</speed></trkpt><trkpt lat="24.983849" lon="121.547914"><time>2026-10-02T06:44:39Z</time><ele>21</ele><speed>16.567</speed></trkpt><trkpt lat="24.983856" lon="121.547959"><time>2026-10-02T06:44:40Z</time><ele>21</ele><speed>16.002</speed></trkpt><trkpt lat="24.983863" lon="121.548006"><time>2026-10-02T06:44:41Z</time><ele>21</ele><speed>18.414</speed></trkpt><trkpt lat="24.983869" lon="121.548052"><time>2026-10-02T06:44:42Z</time><ele>22</ele><speed>17.028</speed></trkpt><trkpt lat="24.983875" lon="121.548097"><time>2026-10-02T06:44:43Z</time><ele>21</ele><speed>16.093</speed></trkpt><trkpt lat="24.98388" lon="121.548142"><time>2026-10-02T06:44:44Z</time><ele>21</ele><speed>16.12</speed></trkpt><trkpt lat="24.983887" lon="121.548186"><time>2026-10-02T06:44:45Z</time><ele>20</ele><speed>15.95</speed></trkpt><trkpt lat="24.983893" lon="121.548232"><time>2026-10-02T06:44:46Z</time><ele>20</ele><speed>16.418</speed></trkpt><trkpt lat="24.983901" lon="121.548275"><time>2026-10-02T06:44:47Z</time><ele>20</ele><speed>16.484</speed></trkpt><trkpt lat="24.98391" lon="121.548318"><time>2026-10-02T06:44:48Z</time><ele>20</ele><speed>16.119</speed></trkpt><trkpt lat="24.98392" lon="121.548361"><time>2026-10-02T06:44:49Z</time><ele>21</ele><speed>16.07</speed></trkpt><trkpt lat="24.983933" lon="121.548405"><time>2026-10-02T06:44:50Z</time><ele>20</ele><speed>16.749</speed></trkpt><trkpt lat="24.983944" lon="121.548445"><time>2026-10-02T06:44:51Z</time><ele>19</ele><speed>13.51</speed></trkpt><trkpt lat="24.983957" lon="121.548488"><time>2026-10-02T06:44:52Z</time><ele>21</ele><speed>16.995</speed></trkpt><trkpt lat="24.983971" lon="121.548533"><time>2026-10-02T06:44:53Z</time><ele>19</ele><speed>17.146</speed></trkpt><trkpt lat="24.983986" lon="121.548577"><time>2026-10-02T06:44:54Z</time><ele>19</ele><speed>16.335</speed></trkpt><trkpt lat="24.984001" lon="121.548623"><time>2026-10-02T06:44:55Z</time><ele>20</ele><speed>16.502</speed></trkpt><trkpt lat="24.984013" lon="121.548669"><time>2026-10-02T06:44:56Z</time><ele>19</ele><speed>16.592</speed></trkpt><trkpt lat="24.984026" lon="121.548718"><time>2026-10-02T06:44:57Z</time><ele>20</ele><speed>16.414</speed></trkpt><trkpt lat="24.984041" lon="121.548759"><time>2026-10-02T06:44:58Z</time><ele>19</ele><speed>15.418</speed></trkpt><trkpt lat="24.984055" lon="121.5488"><time>2026-10-02T06:44:59Z</time><ele>20</ele><speed>15.517</speed></trkpt><trkpt lat="24.984069" lon="121.548841"><time>2026-10-02T06:45:00Z</time><ele>19</ele><speed>15.807</speed></trkpt><trkpt lat="24.984081" lon="121.548882"><time>2026-10-02T06:45:01Z</time><ele>20</ele><speed>16.569</speed></trkpt><trkpt lat="24.984099" lon="121.54892"><time>2026-10-02T06:45:02Z</time><ele>19</ele><speed>16.851</speed></trkpt><trkpt lat="24.984116" lon="121.548959"><time>2026-10-02T06:45:03Z</time><ele>19</ele><speed>16.485</speed></trkpt><trkpt lat="24.98413" lon="121.549"><time>2026-10-02T06:45:04Z</time><ele>18</ele><speed>15.855</speed></trkpt><trkpt lat="24.984146" lon="121.549041"><time>2026-10-02T06:45:05Z</time><ele>20</ele><speed>15.819</speed></trkpt><trkpt lat="24.984165" lon="121.549083"><time>2026-10-02T06:45:06Z</time><ele>20</ele><speed>17.037</speed></trkpt><trkpt lat="24.984185" lon="121.549123"><time>2026-10-02T06:45:07Z</time><ele>18</ele><speed>15.74</speed></trkpt><trkpt lat="24.984204" lon="121.549163"><time>2026-10-02T06:45:08Z</time><ele>20</ele><speed>16.135</speed></trkpt><trkpt lat="24.984224" lon="121.549202"><time>2026-10-02T06:45:09Z</time><ele>19</ele><speed>16.289</speed></trkpt><trkpt lat="24.984246" lon="121.549242"><time>2026-10-02T06:45:10Z</time><ele>18</ele><speed>16.792</speed></trkpt><trkpt lat="24.984267" lon="121.549281"><time>2026-10-02T06:45:11Z</time><ele>18</ele><speed>15.485</speed></trkpt><trkpt lat="24.984288" lon="121.549319"><time>2026-10-02T06:45:12Z</time><ele>18</ele><speed>15.5</speed></trkpt><trkpt lat="24.984308" lon="121.549356"><time>2026-10-02T06:45:13Z</time><ele>18</ele><speed>14.974</speed></trkpt><trkpt lat="24.984329" lon="121.549394"><time>2026-10-02T06:45:14Z</time><ele>18</ele><speed>15.831</speed></trkpt><trkpt lat="24.98435" lon="121.549431"><time>2026-10-02T06:45:15Z</time><ele>18</ele><speed>14.984</speed></trkpt><trkpt lat="24.984371" lon="121.549467"><time>2026-10-02T06:45:16Z</time><ele>19</ele><speed>15.302</speed></trkpt><trkpt lat="24.984392" lon="121.549502"><time>2026-10-02T06:45:17Z</time><ele>18</ele><speed>15.161</speed></trkpt><trkpt lat="24.984414" lon="121.549537"><time>2026-10-02T06:45:18Z</time><ele>19</ele><speed>15.277</speed></trkpt><trkpt lat="24.984438" lon="121.549572"><time>2026-10-02T06:45:19Z</time><ele>18</ele><speed>14.961</speed></trkpt><trkpt lat="24.98446" lon="121.549608"><time>2026-10-02T06:45:20Z</time><ele>20</ele><speed>16.019</speed></trkpt><trkpt lat="24.984484" lon="121.549643"><time>2026-10-02T06:45:21Z</time><ele>18</ele><speed>16.117</speed></trkpt><trkpt lat="24.984509" lon="121.549677"><time>2026-10-02T06:45:22Z</time><ele>17</ele><speed>16.089</speed></trkpt><trkpt lat="24.984532" lon="121.549711"><time>2026-10-02T06:45:23Z</time><ele>18</ele><speed>15.15</speed></trkpt><trkpt lat="24.984556" lon="121.549745"><time>2026-10-02T06:45:24Z</time><ele>19</ele><speed>14.751</speed></trkpt><trkpt lat="24.984579" lon="121.549779"><time>2026-10-02T06:45:25Z</time><ele>19</ele><speed>15.059</speed></trkpt><trkpt lat="24.984603" lon="121.549812"><time>2026-10-02T06:45:26Z</time><ele>20</ele><speed>15.127</speed></trkpt><trkpt lat="24.984626" lon="121.549844"><time>2026-10-02T06:45:27Z</time><ele>19</ele><speed>15.707</speed></trkpt><trkpt lat="24.984651" lon="121.549877"><time>2026-10-02T06:45:28Z</time><ele>20</ele><speed>16.266</speed></trkpt><trkpt lat="24.984677" lon="121.549909"><time>2026-10-02T06:45:29Z</time><ele>19</ele><speed>16.07</speed></trkpt><trkpt lat="24.984705" lon="121.54994"><time>2026-10-02T06:45:30Z</time><ele>20</ele><speed>15.421</speed></trkpt><trkpt lat="24.984733" lon="121.54997"><time>2026-10-02T06:45:31Z</time><ele>18</ele><speed>15.167</speed></trkpt><trkpt lat="24.984763" lon="121.549999"><time>2026-10-02T06:45:32Z</time><ele>18</ele><speed>15.487</speed></trkpt><trkpt lat="24.984791" lon="121.550028"><time>2026-10-02T06:45:33Z</time><ele>19</ele><speed>15.604</speed></trkpt><trkpt lat="24.98482" lon="121.550057"><time>2026-10-02T06:45:34Z</time><ele>19</ele><speed>15.965</speed></trkpt><trkpt lat="24.984849" lon="121.550085"><time>2026-10-02T06:45:35Z</time><ele>19</ele><speed>16.063</speed></trkpt><trkpt lat="24.98488" lon="121.550113"><time>2026-10-02T06:45:36Z</time><ele>19</ele><speed>16.217</speed></trkpt><trkpt lat="24.984911" lon="121.550142"><time>2026-10-02T06:45:37Z</time><ele>19</ele><speed>16.149</speed></trkpt><trkpt lat="24.984944" lon="121.550169"><time>2026-10-02T06:45:38Z</time><ele>19</ele><speed>16.851</speed></trkpt><trkpt lat="24.984977" lon="121.550196"><time>2026-10-02T06:45:39Z</time><ele>18</ele><speed>16.348</speed></trkpt><trkpt lat="24.98501" lon="121.550223"><time>2026-10-02T06:45:40Z</time><ele>19</ele><speed>16.118</speed></trkpt><trkpt lat="24.985043" lon="121.55025"><time>2026-10-02T06:45:41Z</time><ele>19</ele><speed>15.857</speed></trkpt><trkpt lat="24.985076" lon="121.550276"><time>2026-10-02T06:45:42Z</time><ele>19</ele><speed>15.4</speed></trkpt><trkpt lat="24.985108" lon="121.550302"><time>2026-10-02T06:45:43Z</time><ele>18</ele><speed>15.564</speed></trkpt><trkpt lat="24.985139" lon="121.550328"><time>2026-10-02T06:45:44Z</time><ele>19</ele><speed>15.22</speed></trkpt><trkpt lat="24.98517" lon="121.550353"><time>2026-10-02T06:45:45Z</time><ele>18</ele><speed>15.053</speed></trkpt><trkpt lat="24.9852" lon="121.550378"><time>2026-10-02T06:45:46Z</time><ele>19</ele><speed>14.093</speed></trkpt><trkpt lat="24.985231" lon="121.5504"><time>2026-10-02T06:45:47Z</time><ele>18</ele><speed>14.069</speed></trkpt><trkpt lat="24.985261" lon="121.550422"><time>2026-10-02T06:45:48Z</time><ele>19</ele><speed>13.916</speed></trkpt><trkpt lat="24.985292" lon="121.550443"><time>2026-10-02T06:45:49Z</time><ele>18</ele><speed>14.488</speed></trkpt><trkpt lat="24.985323" lon="121.550463"><time>2026-10-02T06:45:50Z</time><ele>18</ele><speed>14.67</speed></trkpt><trkpt lat="24.985355" lon="121.550482"><time>2026-10-02T06:45:51Z</time><ele>18</ele><speed>14.972</speed></trkpt><trkpt lat="24.985388" lon="121.5505"><time>2026-10-02T06:45:52Z</time><ele>17</ele><speed>14.936</speed></trkpt><trkpt lat="24.985422" lon="121.550518"><time>2026-10-02T06:45:53Z</time><ele>18</ele><speed>14.907</speed></trkpt><trkpt lat="24.985456" lon="121.550535"><time>2026-10-02T06:45:54Z</time><ele>17</ele><speed>14.904</speed></trkpt><trkpt lat="24.98549" lon="121.550551"><time>2026-10-02T06:45:55Z</time><ele>19</ele><speed>14.975</speed></trkpt><trkpt lat="24.985525" lon="121.550566"><time>2026-10-02T06:45:56Z</time><ele>17</ele><speed>15.352</speed></trkpt><trkpt lat="24.985561" lon="121.550581"><time>2026-10-02T06:45:57Z</time><ele>18</ele><speed>15.288</speed></trkpt><trkpt lat="24.985597" lon="121.550593"><time>2026-10-02T06:45:58Z</time><ele>19</ele><speed>14.695</speed></trkpt><trkpt lat="24.985635" lon="121.550606"><time>2026-10-02T06:45:59Z</time><ele>18</ele><speed>15.863</speed></trkpt><trkpt lat="24.985673" lon="121.550617"><time>2026-10-02T06:46:00Z</time><ele>17</ele><speed>16.229</speed></trkpt><trkpt lat="24.985712" lon="121.550627"><time>2026-10-02T06:46:01Z</time><ele>18</ele><speed>15.866</speed></trkpt><trkpt lat="24.985751" lon="121.550636"><time>2026-10-02T06:46:02Z</time><ele>18</ele><speed>15.61</speed></trkpt><trkpt lat="24.98579" lon="121.550644"><time>2026-10-02T06:46:03Z</time><ele>20</ele><speed>14.571</speed></trkpt><trkpt lat="24.985828" lon="121.550651"><time>2026-10-02T06:46:04Z</time><ele>18</ele><speed>14.877</speed></trkpt><trkpt lat="24.985865" lon="121.550656"><time>2026-10-02T06:46:05Z</time><ele>18</ele><speed>14.077</speed></trkpt><trkpt lat="24.9859" lon="121.550661"><time>2026-10-02T06:46:06Z</time><ele>19</ele><speed>13.422</speed></trkpt><trkpt lat="24.985935" lon="121.550664"><time>2026-10-02T06:46:07Z</time><ele>18</ele><speed>13.746</speed></trkpt><trkpt lat="24.98597" lon="121.550667"><time>2026-10-02T06:46:08Z</time><ele>17</ele><speed>14.002</speed></trkpt><trkpt lat="24.986005" lon="121.55067"><time>2026-10-02T06:46:09Z</time><ele>18</ele><speed>13.887</speed></trkpt><trkpt lat="24.98604" lon="121.550674"><time>2026-10-02T06:46:10Z</time><ele>18</ele><speed>14.112</speed></trkpt><trkpt lat="24.986075" lon="121.550679"><time>2026-10-02T06:46:11Z</time><ele>19</ele><speed>14.875</speed></trkpt><trkpt lat="24.986111" lon="121.550683"><time>2026-10-02T06:46:12Z</time><ele>20</ele><speed>15.144</speed></trkpt><trkpt lat="24.986146" lon="121.550689"><time>2026-10-02T06:46:13Z</time><ele>19</ele><speed>14.81</speed></trkpt><trkpt lat="24.986181" lon="121.550697"><time>2026-10-02T06:46:14Z</time><ele>18</ele><speed>14.431</speed></trkpt><trkpt lat="24.986216" lon="121.550706"><time>2026-10-02T06:46:15Z</time><ele>17</ele><speed>15.379</speed></trkpt><trkpt lat="24.98625" lon="121.550718"><time>2026-10-02T06:46:16Z</time><ele>19</ele><speed>15.117</speed></trkpt><trkpt lat="24.986284" lon="121.550731"><time>2026-10-02T06:46:17Z</time><ele>19</ele><speed>16.112</speed></trkpt><trkpt lat="24.98632" lon="121.550746"><time>2026-10-02T06:46:18Z</time><ele>20</ele><speed>14.966</speed></trkpt><trkpt lat="24.986357" lon="121.550759"><time>2026-10-02T06:46:19Z</time><ele>21</ele><speed>14.543</speed></trkpt><trkpt lat="24.986395" lon="121.550766"><time>2026-10-02T06:46:20Z</time><ele>20</ele><speed>13.901</speed></trkpt><trkpt lat="24.98643" lon="121.550769"><time>2026-10-02T06:46:21Z</time><ele>19</ele><speed>13.376</speed></trkpt><trkpt lat="24.986463" lon="121.550768"><time>2026-10-02T06:46:22Z</time><ele>19</ele><speed>12.579</speed></trkpt><trkpt lat="24.986494" lon="121.550759"><time>2026-10-02T06:46:23Z</time><ele>20</ele><speed>11.708</speed></trkpt><trkpt lat="24.986521" lon="121.550742"><time>2026-10-02T06:46:24Z</time><ele>21</ele><speed>13.189</speed></trkpt><trkpt lat="24.986545" lon="121.550721"><time>2026-10-02T06:46:25Z</time><ele>19</ele><speed>14.667</speed></trkpt><trkpt lat="24.986568" lon="121.550698"><time>2026-10-02T06:46:26Z</time><ele>19</ele><speed>14.466</speed></trkpt><trkpt lat="24.986592" lon="121.550672"><time>2026-10-02T06:46:27Z</time><ele>18</ele><speed>15.112</speed></trkpt><trkpt lat="24.986618" lon="121.550643"><time>2026-10-02T06:46:28Z</time><ele>18</ele><speed>15.815</speed></trkpt><trkpt lat="24.986646" lon="121.550616"><time>2026-10-02T06:46:29Z</time><ele>19</ele><speed>15.305</speed></trkpt><trkpt lat="24.986675" lon="121.550592"><time>2026-10-02T06:46:30Z</time><ele>20</ele><speed>14.618</speed></trkpt><trkpt lat="24.986705" lon="121.550572"><time>2026-10-02T06:46:31Z</time><ele>19</ele><speed>14.921</speed></trkpt><trkpt lat="24.986736" lon="121.550555"><time>2026-10-02T06:46:32Z</time><ele>19</ele><speed>15.109</speed></trkpt><trkpt lat="24.986767" lon="121.550542"><time>2026-10-02T06:46:33Z</time><ele>19</ele><speed>15.035</speed></trkpt><trkpt lat="24.986799" lon="121.550534"><time>2026-10-02T06:46:34Z</time><ele>20</ele><speed>14.999</speed></trkpt><trkpt lat="24.986831" lon="121.550529"><time>2026-10-02T06:46:35Z</time><ele>20</ele><speed>14.782</speed></trkpt><trkpt lat="24.986864" lon="121.550528"><time>2026-10-02T06:46:36Z</time><ele>20</ele><speed>15.447</speed></trkpt><trkpt lat="24.986898" lon="121.55053"><time>2026-10-02T06:46:37Z</time><ele>20</ele><speed>15.635</speed></trkpt><trkpt lat="24.986932" lon="121.550534"><time>2026-10-02T06:46:38Z</time><ele>20</ele><speed>15.677</speed></trkpt><trkpt lat="24.986966" lon="121.55054"><time>2026-10-02T06:46:39Z</time><ele>21</ele><speed>15.527</speed></trkpt><trkpt lat="24.987002" lon="121.550551"><time>2026-10-02T06:46:40Z</time><ele>20</ele><speed>16.0</speed></trkpt><trkpt lat="24.987037" lon="121.550565"><time>2026-10-02T06:46:41Z</time><ele>20</ele><speed>15.753</speed></trkpt><trkpt lat="24.987071" lon="121.550582"><time>2026-10-02T06:46:42Z</time><ele>20</ele><speed>15.414</speed></trkpt><trkpt lat="24.987103" lon="121.550602"><time>2026-10-02T06:46:43Z</time><ele>20</ele><speed>14.918</speed></trkpt><trkpt lat="24.987133" lon="121.550625"><time>2026-10-02T06:46:44Z</time><ele>20</ele><speed>14.417</speed></trkpt><trkpt lat="24.987161" lon="121.55065"><time>2026-10-02T06:46:45Z</time><ele>20</ele><speed>14.797</speed></trkpt><trkpt lat="24.987186" lon="121.550677"><time>2026-10-02T06:46:46Z</time><ele>21</ele><speed>15.59</speed></trkpt><trkpt lat="24.987209" lon="121.550705"><time>2026-10-02T06:46:47Z</time><ele>19</ele><speed>16.025</speed></trkpt><trkpt lat="24.987231" lon="121.550735"><time>2026-10-02T06:46:48Z</time><ele>20</ele><speed>16.12</speed></trkpt><trkpt lat="24.987251" lon="121.550768"><time>2026-10-02T06:46:49Z</time><ele>21</ele><speed>16.853</speed></trkpt><trkpt lat="24.987269" lon="121.550805"><time>2026-10-02T06:46:50Z</time><ele>21</ele><speed>18.285</speed></trkpt><trkpt lat="24.987286" lon="121.550844"><time>2026-10-02T06:46:51Z</time><ele>21</ele><speed>18.186</speed></trkpt><trkpt lat="24.987301" lon="121.550883"><time>2026-10-02T06:46:52Z</time><ele>20</ele><speed>16.991</speed></trkpt><trkpt lat="24.987314" lon="121.550925"><time>2026-10-02T06:46:53Z</time><ele>20</ele><speed>17.437</speed></trkpt><trkpt lat="24.987327" lon="121.550969"><time>2026-10-02T06:46:54Z</time><ele>21</ele><speed>16.672</speed></trkpt><trkpt lat="24.987338" lon="121.551011"><time>2026-10-02T06:46:55Z</time><ele>21</ele><speed>15.587</speed></trkpt><trkpt lat="24.987349" lon="121.551053"><time>2026-10-02T06:46:56Z</time><ele>21</ele><speed>16.161</speed></trkpt><trkpt lat="24.98736" lon="121.551096"><time>2026-10-02T06:46:57Z</time><ele>21</ele><speed>16.456</speed></trkpt><trkpt lat="24.987371" lon="121.551138"><time>2026-10-02T06:46:58Z</time><ele>21</ele><speed>15.915</speed></trkpt><trkpt lat="24.987382" lon="121.55118"><time>2026-10-02T06:46:59Z</time><ele>20</ele><speed>15.802</speed></trkpt><trkpt lat="24.987392" lon="121.55122"><time>2026-10-02T06:47:00Z</time><ele>21</ele><speed>14.918</speed></trkpt><trkpt lat="24.987402" lon="121.551262"><time>2026-10-02T06:47:01Z</time><ele>21</ele><speed>14.236</speed></trkpt><trkpt lat="24.987413" lon="121.551301"><time>2026-10-02T06:47:02Z</time><ele>21</ele><speed>15.514</speed></trkpt><trkpt lat="24.987425" lon="121.551341"><time>2026-10-02T06:47:03Z</time><ele>21</ele><speed>16.575</speed></trkpt><trkpt lat="24.987439" lon="121.551382"><time>2026-10-02T06:47:04Z</time><ele>22</ele><speed>17.349</speed></trkpt><trkpt lat="24.987453" lon="121.551423"><time>2026-10-02T06:47:05Z</time><ele>21</ele><speed>17.354</speed></trkpt><trkpt lat="24.987469" lon="121.551464"><time>2026-10-02T06:47:06Z</time><ele>22</ele><speed>16.889</speed></trkpt><trkpt lat="24.987487" lon="121.551507"><time>2026-10-02T06:47:07Z</time><ele>21</ele><speed>16.886</speed></trkpt><trkpt lat="24.987502" lon="121.551549"><time>2026-10-02T06:47:08Z</time><ele>21</ele><speed>16.229</speed></trkpt><trkpt lat="24.987514" lon="121.55159"><time>2026-10-02T06:47:09Z</time><ele>21</ele><speed>14.684</speed></trkpt><trkpt lat="24.987523" lon="121.551631"><time>2026-10-02T06:47:10Z</time><ele>21</ele><speed>15.433</speed></trkpt><trkpt lat="24.987529" lon="121.551673"><time>2026-10-02T06:47:11Z</time><ele>21</ele><speed>14.83</speed></trkpt><trkpt lat="24.987533" lon="121.551717"><time>2026-10-02T06:47:12Z</time><ele>22</ele><speed>16.04</speed></trkpt><trkpt lat="24.987531" lon="121.551762"><time>2026-10-02T06:47:13Z</time><ele>22</ele><speed>16.69</speed></trkpt><trkpt lat="24.987528" lon="121.55181"><time>2026-10-02T06:47:14Z</time><ele>21</ele><speed>18.126</speed></trkpt><trkpt lat="24.987522" lon="121.551861"><time>2026-10-02T06:47:15Z</time><ele>21</ele><speed>18.258</speed></trkpt><trkpt lat="24.987512" lon="121.55191"><time>2026-10-02T06:47:16Z</time><ele>23</ele><speed>18.024</speed></trkpt><trkpt lat="24.987498" lon="121.55196"><time>2026-10-02T06:47:17Z</time><ele>22</ele><speed>17.333</speed></trkpt><trkpt lat="24.987479" lon="121.552005"><time>2026-10-02T06:47:18Z</time><ele>22</ele><speed>15.799</speed></trkpt><trkpt lat="24.98746" lon="121.55205"><time>2026-10-02T06:47:19Z</time><ele>22</ele><speed>16.493</speed></trkpt><trkpt lat="24.987434" lon="121.552089"><time>2026-10-02T06:47:20Z</time><ele>22</ele><speed>16.567</speed></trkpt><trkpt lat="24.987404" lon="121.552127"><time>2026-10-02T06:47:21Z</time><ele>23</ele><speed>17.213</speed></trkpt><trkpt lat="24.987373" lon="121.552164"><time>2026-10-02T06:47:22Z</time><ele>22</ele><speed>17.596</speed></trkpt><trkpt lat="24.987341" lon="121.5522"><time>2026-10-02T06:47:23Z</time><ele>22</ele><speed>16.985</speed></trkpt><trkpt lat="24.987306" lon="121.552234"><time>2026-10-02T06:47:24Z</time><ele>22</ele><speed>16.282</speed></trkpt><trkpt lat="24.98727" lon="121.552267"><time>2026-10-02T06:47:25Z</time><ele>22</ele><speed>16.018</speed></trkpt><trkpt lat="24.987233" lon="121.552298"><time>2026-10-02T06:47:26Z</time><ele>22</ele><speed>15.832</speed></trkpt><trkpt lat="24.9872" lon="121.552329"><time>2026-10-02T06:47:27Z</time><ele>22</ele><speed>15.856</speed></trkpt><trkpt lat="24.987166" lon="121.552357"><time>2026-10-02T06:47:28Z</time><ele>22</ele><speed>15.215</speed></trkpt><trkpt lat="24.987132" lon="121.552384"><time>2026-10-02T06:47:29Z</time><ele>21</ele><speed>15.886</speed></trkpt><trkpt lat="24.987099" lon="121.552411"><time>2026-10-02T06:47:30Z</time><ele>21</ele><speed>16.23</speed></trkpt><trkpt lat="24.987067" lon="121.55244"><time>2026-10-02T06:47:31Z</time><ele>21</ele><speed>16.743</speed></trkpt><trkpt lat="24.987042" lon="121.552477"><time>2026-10-02T06:47:32Z</time><ele>21</ele><speed>17.053</speed></trkpt><trkpt lat="24.987017" lon="121.552514"><time>2026-10-02T06:47:33Z</time><ele>21</ele><speed>16.616</speed></trkpt><trkpt lat="24.986993" lon="121.552552"><time>2026-10-02T06:47:34Z</time><ele>20</ele><speed>16.246</speed></trkpt><trkpt lat="24.98697" lon="121.552591"><time>2026-10-02T06:47:35Z</time><ele>19</ele><speed>15.848</speed></trkpt><trkpt lat="24.986947" lon="121.552631"><time>2026-10-02T06:47:36Z</time><ele>19</ele><speed>15.765</speed></trkpt><trkpt lat="24.986925" lon="121.552669"><time>2026-10-02T06:47:37Z</time><ele>20</ele><speed>15.222</speed></trkpt><trkpt lat="24.986896" lon="121.552699"><time>2026-10-02T06:47:38Z</time><ele>19</ele><speed>15.541</speed></trkpt><trkpt lat="24.986868" lon="121.55273"><time>2026-10-02T06:47:39Z</time><ele>19</ele><speed>16.38</speed></trkpt><trkpt lat="24.986838" lon="121.552762"><time>2026-10-02T06:47:40Z</time><ele>18</ele><speed>17.363</speed></trkpt><trkpt lat="24.986808" lon="121.552793"><time>2026-10-02T06:47:41Z</time><ele>20</ele><speed>17.756</speed></trkpt><trkpt lat="24.986777" lon="121.552826"><time>2026-10-02T06:47:42Z</time><ele>19</ele><speed>18.691</speed></trkpt><trkpt lat="24.986744" lon="121.552859"><time>2026-10-02T06:47:43Z</time><ele>19</ele><speed>18.478</speed></trkpt><trkpt lat="24.986712" lon="121.552894"><time>2026-10-02T06:47:44Z</time><ele>19</ele><speed>18.051</speed></trkpt><trkpt lat="24.98668" lon="121.55293"><time>2026-10-02T06:47:45Z</time><ele>18</ele><speed>18.068</speed></trkpt><trkpt lat="24.986648" lon="121.552964"><time>2026-10-02T06:47:46Z</time><ele>19</ele><speed>17.206</speed></trkpt><trkpt lat="24.986613" lon="121.552995"><time>2026-10-02T06:47:47Z</time><ele>18</ele><speed>18.076</speed></trkpt><trkpt lat="24.986577" lon="121.553023"><time>2026-10-02T06:47:48Z</time><ele>19</ele><speed>18.329</speed></trkpt><trkpt lat="24.986539" lon="121.553049"><time>2026-10-02T06:47:49Z</time><ele>19</ele><speed>17.844</speed></trkpt><trkpt lat="24.986501" lon="121.553073"><time>2026-10-02T06:47:50Z</time><ele>19</ele><speed>17.445</speed></trkpt><trkpt lat="24.986461" lon="121.553094"><time>2026-10-02T06:47:51Z</time><ele>19</ele><speed>17.232</speed></trkpt><trkpt lat="24.986419" lon="121.553113"><time>2026-10-02T06:47:52Z</time><ele>19</ele><speed>16.888</speed></trkpt><trkpt lat="24.986381" lon="121.553134"><time>2026-10-02T06:47:53Z</time><ele>19</ele><speed>16.406</speed></trkpt><trkpt lat="24.986344" lon="121.553155"><time>2026-10-02T06:47:54Z</time><ele>20</ele><speed>14.882</speed></trkpt><trkpt lat="24.986308" lon="121.553175"><time>2026-10-02T06:47:55Z</time><ele>20</ele><speed>15.523</speed></trkpt><trkpt lat="24.986273" lon="121.553196"><time>2026-10-02T06:47:56Z</time><ele>19</ele><speed>15.771</speed></trkpt><trkpt lat="24.986239" lon="121.553215"><time>2026-10-02T06:47:57Z</time><ele>19</ele><speed>16.175</speed></trkpt><trkpt lat="24.986204" lon="121.553234"><time>2026-10-02T06:47:58Z</time><ele>19</ele><speed>16.171</speed></trkpt><trkpt lat="24.986168" lon="121.553252"><time>2026-10-02T06:47:59Z</time><ele>19</ele><speed>15.928</speed></trkpt><trkpt lat="24.986132" lon="121.553269"><time>2026-10-02T06:48:00Z</time><ele>19</ele><speed>16.059</speed></trkpt><trkpt lat="24.986095" lon="121.553285"><time>2026-10-02T06:48:01Z</time><ele>20</ele><speed>15.768</speed></trkpt><trkpt lat="24.986058" lon="121.553301"><time>2026-10-02T06:48:02Z</time><ele>20</ele><speed>16.093</speed></trkpt><trkpt lat="24.98602" lon="121.553318"><time>2026-10-02T06:48:03Z</time><ele>20</ele><speed>16.444</speed></trkpt><trkpt lat="24.985983" lon="121.553335"><time>2026-10-02T06:48:04Z</time><ele>20</ele><speed>17.38</speed></trkpt><trkpt lat="24.985945" lon="121.553354"><time>2026-10-02T06:48:05Z</time><ele>20</ele><speed>17.175</speed></trkpt><trkpt lat="24.985908" lon="121.553374"><time>2026-10-02T06:48:06Z</time><ele>21</ele><speed>17.029</speed></trkpt><trkpt lat="24.98587" lon="121.553392"><time>2026-10-02T06:48:07Z</time><ele>19</ele><speed>15.354</speed></trkpt><trkpt lat="24.985833" lon="121.553415"><time>2026-10-02T06:48:08Z</time><ele>20</ele><speed>17.144</speed></trkpt><trkpt lat="24.985796" lon="121.553439"><time>2026-10-02T06:48:09Z</time><ele>20</ele><speed>16.456</speed></trkpt><trkpt lat="24.985762" lon="121.553465"><time>2026-10-02T06:48:10Z</time><ele>20</ele><speed>15.931</speed></trkpt><trkpt lat="24.985728" lon="121.553492"><time>2026-10-02T06:48:11Z</time><ele>19</ele><speed>15.974</speed></trkpt><trkpt lat="24.985697" lon="121.553521"><time>2026-10-02T06:48:12Z</time><ele>18</ele><speed>15.722</speed></trkpt><trkpt lat="24.985667" lon="121.553554"><time>2026-10-02T06:48:13Z</time><ele>18</ele><speed>15.333</speed></trkpt><trkpt lat="24.985638" lon="121.553584"><time>2026-10-02T06:48:14Z</time><ele>20</ele><speed>15.096</speed></trkpt><trkpt lat="24.98561" lon="121.553614"><time>2026-10-02T06:48:15Z</time><ele>19</ele><speed>15.861</speed></trkpt><trkpt lat="24.985582" lon="121.553645"><time>2026-10-02T06:48:16Z</time><ele>18</ele><speed>16.522</speed></trkpt><trkpt lat="24.985554" lon="121.553675"><time>2026-10-02T06:48:17Z</time><ele>18</ele><speed>16.594</speed></trkpt><trkpt lat="24.985524" lon="121.553704"><time>2026-10-02T06:48:18Z</time><ele>20</ele><speed>16.026</speed></trkpt><trkpt lat="24.985494" lon="121.553733"><time>2026-10-02T06:48:19Z</time><ele>19</ele><speed>16.319</speed></trkpt><trkpt lat="24.985461" lon="121.553762"><time>2026-10-02T06:48:20Z</time><ele>18</ele><speed>17.036</speed></trkpt><trkpt lat="24.985427" lon="121.553791"><time>2026-10-02T06:48:21Z</time><ele>19</ele><speed>17.748</speed></trkpt><trkpt lat="24.985392" lon="121.553817"><time>2026-10-02T06:48:22Z</time><ele>18</ele><speed>17.386</speed></trkpt><trkpt lat="24.985357" lon="121.553842"><time>2026-10-02T06:48:23Z</time><ele>19</ele><speed>16.266</speed></trkpt><trkpt lat="24.985322" lon="121.553867"><time>2026-10-02T06:48:24Z</time><ele>18</ele><speed>16.007</speed></trkpt><trkpt lat="24.985288" lon="121.553891"><time>2026-10-02T06:48:25Z</time><ele>18</ele><speed>14.886</speed></trkpt><trkpt lat="24.985255" lon="121.553914"><time>2026-10-02T06:48:26Z</time><ele>17</ele><speed>14.104</speed></trkpt><trkpt lat="24.985222" lon="121.553935"><time>2026-10-02T06:48:27Z</time><ele>17</ele><speed>14.696</speed></trkpt><trkpt lat="24.98519" lon="121.553956"><time>2026-10-02T06:48:28Z</time><ele>18</ele><speed>15.041</speed></trkpt><trkpt lat="24.985158" lon="121.553976"><time>2026-10-02T06:48:29Z</time><ele>18</ele><speed>15.026</speed></trkpt><trkpt lat="24.985124" lon="121.553995"><time>2026-10-02T06:48:30Z</time><ele>17</ele><speed>16.017</speed></trkpt><trkpt lat="24.98509" lon="121.554011"><time>2026-10-02T06:48:31Z</time><ele>18</ele><speed>15.051</speed></trkpt><trkpt lat="24.985055" lon="121.554027"><time>2026-10-02T06:48:32Z</time><ele>17</ele><speed>15.188</speed></trkpt><trkpt lat="24.985019" lon="121.554042"><time>2026-10-02T06:48:33Z</time><ele>18</ele><speed>14.915</speed></trkpt><trkpt lat="24.984983" lon="121.554057"><time>2026-10-02T06:48:34Z</time><ele>18</ele><speed>14.872</speed></trkpt><trkpt lat="24.984945" lon="121.554071"><time>2026-10-02T06:48:35Z</time><ele>17</ele><speed>14.783</speed></trkpt><trkpt lat="24.984908" lon="121.554083"><time>2026-10-02T06:48:36Z</time><ele>19</ele><speed>14.817</speed></trkpt><trkpt lat="24.984871" lon="121.554097"><time>2026-10-02T06:48:37Z</time><ele>18</ele><speed>15.294</speed></trkpt><trkpt lat="24.984835" lon="121.554111"><time>2026-10-02T06:48:38Z</time><ele>18</ele><speed>15.155</speed></trkpt><trkpt lat="24.984799" lon="121.554125"><time>2026-10-02T06:48:39Z</time><ele>18</ele><speed>15.28</speed></trkpt><trkpt lat="24.984764" lon="121.554139"><time>2026-10-02T06:48:40Z</time><ele>19</ele><speed>15.24</speed></trkpt><trkpt lat="24.984728" lon="121.554152"><time>2026-10-02T06:48:41Z</time><ele>18</ele><speed>15.685</speed></trkpt><trkpt lat="24.984692" lon="121.554163"><time>2026-10-02T06:48:42Z</time><ele>19</ele><speed>15.1</speed></trkpt><trkpt lat="24.984657" lon="121.554173"><time>2026-10-02T06:48:43Z</time><ele>18</ele><speed>14.995</speed></trkpt><trkpt lat="24.98462" lon="121.554181"><time>2026-10-02T06:48:44Z</time><ele>19</ele><speed>15.801</speed></trkpt><trkpt lat="24.984582" lon="121.554188"><time>2026-10-02T06:48:45Z</time><ele>19</ele><speed>16.105</speed></trkpt><trkpt lat="24.984544" lon="121.554192"><time>2026-10-02T06:48:46Z</time><ele>19</ele><speed>15.887</speed></trkpt><trkpt lat="24.984506" lon="121.554192"><time>2026-10-02T06:48:47Z</time><ele>19</ele><speed>16.466</speed></trkpt><trkpt lat="24.984466" lon="121.554192"><time>2026-10-02T06:48:48Z</time><ele>20</ele><speed>17.754</speed></trkpt><trkpt lat="24.984425" lon="121.55419"><time>2026-10-02T06:48:49Z</time><ele>20</ele><speed>17.827</speed></trkpt><trkpt lat="24.984383" lon="121.554188"><time>2026-10-02T06:48:50Z</time><ele>19</ele><speed>18.601</speed></trkpt><trkpt lat="24.984338" lon="121.554181"><time>2026-10-02T06:48:51Z</time><ele>20</ele><speed>20.601</speed></trkpt><trkpt lat="24.984292" lon="121.554172"><time>2026-10-02T06:48:52Z</time><ele>21</ele><speed>20.391</speed></trkpt><trkpt lat="24.984245" lon="121.554165"><time>2026-10-02T06:48:53Z</time><ele>18</ele><speed>19.525</speed></trkpt><trkpt lat="24.984198" lon="121.554155"><time>2026-10-02T06:48:54Z</time><ele>20</ele><speed>18.303</speed></trkpt><trkpt lat="24.984151" lon="121.554143"><time>2026-10-02T06:48:55Z</time><ele>19</ele><speed>17.829</speed></trkpt><trkpt lat="24.984105" lon="121.554131"><time>2026-10-02T06:48:56Z</time><ele>19</ele><speed>17.55</speed></trkpt><trkpt lat="24.98406" lon="121.554121"><time>2026-10-02T06:48:57Z</time><ele>19</ele><speed>18.239</speed></trkpt><trkpt lat="24.984017" lon="121.55411"><time>2026-10-02T06:48:58Z</time><ele>18</ele><speed>17.18</speed></trkpt><trkpt lat="24.983975" lon="121.554097"><time>2026-10-02T06:48:59Z</time><ele>18</ele><speed>17.305</speed></trkpt><trkpt lat="24.983932" lon="121.554085"><time>2026-10-02T06:49:00Z</time><ele>19</ele><speed>17.067</speed></trkpt><trkpt lat="24.983892" lon="121.55407"><time>2026-10-02T06:49:01Z</time><ele>19</ele><speed>17.365</speed></trkpt><trkpt lat="24.98385" lon="121.554055"><time>2026-10-02T06:49:02Z</time><ele>17</ele><speed>18.302</speed></trkpt><trkpt lat="24.983805" lon="121.55404"><time>2026-10-02T06:49:03Z</time><ele>18</ele><speed>20.074</speed></trkpt><trkpt lat="24.983758" lon="121.554026"><time>2026-10-02T06:49:04Z</time><ele>18</ele><speed>20.341</speed></trkpt><trkpt lat="24.983714" lon="121.554009"><time>2026-10-02T06:49:05Z</time><ele>19</ele><speed>18.189</speed></trkpt><trkpt lat="24.983668" lon="121.553991"><time>2026-10-02T06:49:06Z</time><ele>18</ele><speed>19.793</speed></trkpt><trkpt lat="24.983621" lon="121.553973"><time>2026-10-02T06:49:07Z</time><ele>19</ele><speed>18.59</speed></trkpt><trkpt lat="24.983576" lon="121.553957"><time>2026-10-02T06:49:08Z</time><ele>18</ele><speed>18.718</speed></trkpt><trkpt lat="24.983533" lon="121.553941"><time>2026-10-02T06:49:09Z</time><ele>18</ele><speed>18.919</speed></trkpt><trkpt lat="24.98349" lon="121.553926"><time>2026-10-02T06:49:10Z</time><ele>19</ele><speed>18.664</speed></trkpt><trkpt lat="24.983445" lon="121.553914"><time>2026-10-02T06:49:11Z</time><ele>18</ele><speed>18.526</speed></trkpt><trkpt lat="24.983402" lon="121.553906"><time>2026-10-02T06:49:12Z</time><ele>17</ele><speed>17.092</speed></trkpt><trkpt lat="24.983359" lon="121.553897"><time>2026-10-02T06:49:13Z</time><ele>18</ele><speed>16.634</speed></trkpt><trkpt lat="24.983318" lon="121.553889"><time>2026-10-02T06:49:14Z</time><ele>19</ele><speed>16.999</speed></trkpt><trkpt lat="24.983276" lon="121.553884"><time>2026-10-02T06:49:15Z</time><ele>17</ele><speed>16.992</speed></trkpt><trkpt lat="24.983235" lon="121.553878"><time>2026-10-02T06:49:16Z</time><ele>19</ele><speed>17.86</speed></trkpt><trkpt lat="24.983193" lon="121.553874"><time>2026-10-02T06:49:17Z</time><ele>18</ele><speed>18.261</speed></trkpt><trkpt lat="24.98315" lon="121.553867"><time>2026-10-02T06:49:18Z</time><ele>19</ele><speed>19.679</speed></trkpt><trkpt lat="24.983104" lon="121.553862"><time>2026-10-02T06:49:19Z</time><ele>18</ele><speed>20.296</speed></trkpt><trkpt lat="24.983055" lon="121.553855"><time>2026-10-02T06:49:20Z</time><ele>17</ele><speed>20.754</speed></trkpt><trkpt lat="24.983006" lon="121.553844"><time>2026-10-02T06:49:21Z</time><ele>19</ele><speed>20.526</speed></trkpt><trkpt lat="24.982957" lon="121.553831"><time>2026-10-02T06:49:22Z</time><ele>18</ele><speed>20.211</speed></trkpt><trkpt lat="24.982907" lon="121.553819"><time>2026-10-02T06:49:23Z</time><ele>18</ele><speed>20.071</speed></trkpt><trkpt lat="24.982858" lon="121.553805"><time>2026-10-02T06:49:24Z</time><ele>18</ele><speed>19.717</speed></trkpt><trkpt lat="24.98281" lon="121.55379"><time>2026-10-02T06:49:25Z</time><ele>18</ele><speed>19.452</speed></trkpt><trkpt lat="24.982763" lon="121.553776"><time>2026-10-02T06:49:26Z</time><ele>18</ele><speed>19.244</speed></trkpt><trkpt lat="24.982717" lon="121.553764"><time>2026-10-02T06:49:27Z</time><ele>17</ele><speed>18.894</speed></trkpt><trkpt lat="24.982671" lon="121.553753"><time>2026-10-02T06:49:28Z</time><ele>17</ele><speed>18.711</speed></trkpt><trkpt lat="24.982625" lon="121.55374"><time>2026-10-02T06:49:29Z</time><ele>17</ele><speed>18.465</speed></trkpt><trkpt lat="24.98258" lon="121.553731"><time>2026-10-02T06:49:30Z</time><ele>17</ele><speed>17.778</speed></trkpt><trkpt lat="24.982535" lon="121.553723"><time>2026-10-02T06:49:31Z</time><ele>18</ele><speed>17.713</speed></trkpt><trkpt lat="24.982491" lon="121.553714"><time>2026-10-02T06:49:32Z</time><ele>18</ele><speed>18.875</speed></trkpt><trkpt lat="24.982445" lon="121.553704"><time>2026-10-02T06:49:33Z</time><ele>17</ele><speed>19.687</speed></trkpt><trkpt lat="24.982399" lon="121.553691"><time>2026-10-02T06:49:34Z</time><ele>18</ele><speed>20.633</speed></trkpt><trkpt lat="24.98235" lon="121.553678"><time>2026-10-02T06:49:35Z</time><ele>17</ele><speed>21.03</speed></trkpt><trkpt lat="24.982302" lon="121.553661"><time>2026-10-02T06:49:36Z</time><ele>19</ele><speed>20.663</speed></trkpt><trkpt lat="24.982252" lon="121.553645"><time>2026-10-02T06:49:37Z</time><ele>17</ele><speed>19.477</speed></trkpt><trkpt lat="24.982203" lon="121.55363"><time>2026-10-02T06:49:38Z</time><ele>18</ele><speed>19.143</speed></trkpt><trkpt lat="24.982156" lon="121.553618"><time>2026-10-02T06:49:39Z</time><ele>18</ele><speed>18.211</speed></trkpt><trkpt lat="24.982109" lon="121.553606"><time>2026-10-02T06:49:40Z</time><ele>18</ele><speed>17.994</speed></trkpt><trkpt lat="24.982064" lon="121.553601"><time>2026-10-02T06:49:41Z</time><ele>17</ele><speed>18.179</speed></trkpt><trkpt lat="24.982018" lon="121.553596"><time>2026-10-02T06:49:42Z</time><ele>18</ele><speed>19.353</speed></trkpt><trkpt lat="24.981971" lon="121.553592"><time>2026-10-02T06:49:43Z</time><ele>18</ele><speed>20.612</speed></trkpt><trkpt lat="24.981924" lon="121.553582"><time>2026-10-02T06:49:44Z</time><ele>18</ele><speed>20.078</speed></trkpt><trkpt lat="24.981875" lon="121.553571"><time>2026-10-02T06:49:45Z</time><ele>18</ele><speed>20.147</speed></trkpt><trkpt lat="24.981826" lon="121.553564"><time>2026-10-02T06:49:46Z</time><ele>18</ele><speed>19.674</speed></trkpt><trkpt lat="24.981776" lon="121.553551"><time>2026-10-02T06:49:47Z</time><ele>18</ele><speed>20.26</speed></trkpt><trkpt lat="24.981727" lon="121.553542"><time>2026-10-02T06:49:48Z</time><ele>18</ele><speed>19.138</speed></trkpt><trkpt lat="24.981679" lon="121.553532"><time>2026-10-02T06:49:49Z</time><ele>19</ele><speed>18.13</speed></trkpt><trkpt lat="24.981632" lon="121.553527"><time>2026-10-02T06:49:50Z</time><ele>18</ele><speed>16.943</speed></trkpt><trkpt lat="24.981586" lon="121.553523"><time>2026-10-02T06:49:51Z</time><ele>19</ele><speed>17.871</speed></trkpt><trkpt lat="24.98154" lon="121.553521"><time>2026-10-02T06:49:52Z</time><ele>19</ele><speed>18.378</speed></trkpt><trkpt lat="24.981494" lon="121.553518"><time>2026-10-02T06:49:53Z</time><ele>20</ele><speed>19.284</speed></trkpt><trkpt lat="24.981447" lon="121.553516"><time>2026-10-02T06:49:54Z</time><ele>18</ele><speed>19.94</speed></trkpt><trkpt lat="24.9814" lon="121.553515"><time>2026-10-02T06:49:55Z</time><ele>19</ele><speed>19.754</speed></trkpt><trkpt lat="24.981352" lon="121.553515"><time>2026-10-02T06:49:56Z</time><ele>18</ele><speed>18.968</speed></trkpt><trkpt lat="24.981304" lon="121.553513"><time>2026-10-02T06:49:57Z</time><ele>18</ele><speed>18.454</speed></trkpt><trkpt lat="24.981257" lon="121.553512"><time>2026-10-02T06:49:58Z</time><ele>17</ele><speed>17.632</speed></trkpt><trkpt lat="24.98121" lon="121.553515"><time>2026-10-02T06:49:59Z</time><ele>18</ele><speed>17.931</speed></trkpt><trkpt lat="24.981164" lon="121.553517"><time>2026-10-02T06:50:00Z</time><ele>17</ele><speed>18.359</speed></trkpt><trkpt lat="24.981118" lon="121.553519"><time>2026-10-02T06:50:01Z</time><ele>18</ele><speed>19.093</speed></trkpt><trkpt lat="24.981071" lon="121.553519"><time>2026-10-02T06:50:02Z</time><ele>18</ele><speed>19.791</speed></trkpt><trkpt lat="24.981023" lon="121.553521"><time>2026-10-02T06:50:03Z</time><ele>18</ele><speed>19.413</speed></trkpt><trkpt lat="24.980975" lon="121.553521"><time>2026-10-02T06:50:04Z</time><ele>18</ele><speed>19.125</speed></trkpt><trkpt lat="24.980927" lon="121.553519"><time>2026-10-02T06:50:05Z</time><ele>19</ele><speed>18.56</speed></trkpt><trkpt lat="24.98088" lon="121.553518"><time>2026-10-02T06:50:06Z</time><ele>18</ele><speed>18.095</speed></trkpt><trkpt lat="24.980833" lon="121.553518"><time>2026-10-02T06:50:07Z</time><ele>18</ele><speed>19.162</speed></trkpt><trkpt lat="24.980787" lon="121.553519"><time>2026-10-02T06:50:08Z</time><ele>19</ele><speed>19.927</speed></trkpt><trkpt lat="24.980741" lon="121.553522"><time>2026-10-02T06:50:09Z</time><ele>19</ele><speed>19.444</speed></trkpt><trkpt lat="24.980695" lon="121.553526"><time>2026-10-02T06:50:10Z</time><ele>19</ele><speed>18.253</speed></trkpt><trkpt lat="24.98065" lon="121.553532"><time>2026-10-02T06:50:11Z</time><ele>18</ele><speed>17.917</speed></trkpt><trkpt lat="24.980604" lon="121.553538"><time>2026-10-02T06:50:12Z</time><ele>19</ele><speed>17.874</speed></trkpt><trkpt lat="24.980558" lon="121.553545"><time>2026-10-02T06:50:13Z</time><ele>19</ele><speed>18.767</speed></trkpt><trkpt lat="24.980513" lon="121.553552"><time>2026-10-02T06:50:14Z</time><ele>19</ele><speed>18.299</speed></trkpt><trkpt lat="24.980468" lon="121.553558"><time>2026-10-02T06:50:15Z</time><ele>18</ele><speed>18.577</speed></trkpt><trkpt lat="24.980423" lon="121.553564"><time>2026-10-02T06:50:16Z</time><ele>19</ele><speed>18.405</speed></trkpt><trkpt lat="24.980377" lon="121.553569"><time>2026-10-02T06:50:17Z</time><ele>19</ele><speed>18.889</speed></trkpt><trkpt lat="24.98033" lon="121.553575"><time>2026-10-02T06:50:18Z</time><ele>19</ele><speed>18.511</speed></trkpt><trkpt lat="24.980284" lon="121.553582"><time>2026-10-02T06:50:19Z</time><ele>19</ele><speed>17.927</speed></trkpt><trkpt lat="24.980238" lon="121.55359"><time>2026-10-02T06:50:20Z</time><ele>19</ele><speed>17.745</speed></trkpt><trkpt lat="24.980193" lon="121.553598"><time>2026-10-02T06:50:21Z</time><ele>18</ele><speed>17.989</speed></trkpt><trkpt lat="24.980148" lon="121.553608"><time>2026-10-02T06:50:22Z</time><ele>19</ele><speed>17.739</speed></trkpt><trkpt lat="24.980105" lon="121.553618"><time>2026-10-02T06:50:23Z</time><ele>19</ele><speed>17.064</speed></trkpt><trkpt lat="24.980063" lon="121.55363"><time>2026-10-02T06:50:24Z</time><ele>18</ele><speed>16.906</speed></trkpt><trkpt lat="24.980021" lon="121.553641"><time>2026-10-02T06:50:25Z</time><ele>19</ele><speed>16.787</speed></trkpt><trkpt lat="24.979978" lon="121.553652"><time>2026-10-02T06:50:26Z</time><ele>19</ele><speed>17.93</speed></trkpt><trkpt lat="24.979937" lon="121.553665"><time>2026-10-02T06:50:27Z</time><ele>19</ele><speed>18.284</speed></trkpt><trkpt lat="24.979894" lon="121.553678"><time>2026-10-02T06:50:28Z</time><ele>18</ele><speed>18.238</speed></trkpt><trkpt lat="24.979852" lon="121.553693"><time>2026-10-02T06:50:29Z</time><ele>19</ele><speed>17.452</speed></trkpt><trkpt lat="24.979808" lon="121.553708"><time>2026-10-02T06:50:30Z</time><ele>19</ele><speed>17.777</speed></trkpt><trkpt lat="24.979764" lon="121.553723"><time>2026-10-02T06:50:31Z</time><ele>19</ele><speed>17.214</speed></trkpt><trkpt lat="24.979721" lon="121.553737"><time>2026-10-02T06:50:32Z</time><ele>19</ele><speed>17.21</speed></trkpt><trkpt lat="24.979676" lon="121.55375"><time>2026-10-02T06:50:33Z</time><ele>20</ele><speed>17.062</speed></trkpt><trkpt lat="24.979633" lon="121.553763"><time>2026-10-02T06:50:34Z</time><ele>19</ele><speed>16.781</speed></trkpt><trkpt lat="24.97959" lon="121.553776"><time>2026-10-02T06:50:35Z</time><ele>19</ele><speed>17.272</speed></trkpt><trkpt lat="24.979547" lon="121.553787"><time>2026-10-02T06:50:36Z</time><ele>20</ele><speed>17.7</speed></trkpt><trkpt lat="24.979504" lon="121.553797"><time>2026-10-02T06:50:37Z</time><ele>20</ele><speed>17.856</speed></trkpt><trkpt lat="24.97946" lon="121.553808"><time>2026-10-02T06:50:38Z</time><ele>20</ele><speed>17.457</speed></trkpt><trkpt lat="24.979417" lon="121.55382"><time>2026-10-02T06:50:39Z</time><ele>20</ele><speed>17.151</speed></trkpt><trkpt lat="24.979376" lon="121.553833"><time>2026-10-02T06:50:40Z</time><ele>20</ele><speed>15.193</speed></trkpt><trkpt lat="24.979336" lon="121.553847"><time>2026-10-02T06:50:41Z</time><ele>19</ele><speed>15.809</speed></trkpt><trkpt lat="24.979294" lon="121.55386"><time>2026-10-02T06:50:42Z</time><ele>19</ele><speed>17.527</speed></trkpt><trkpt lat="24.979253" lon="121.553873"><time>2026-10-02T06:50:43Z</time><ele>20</ele><speed>17.446</speed></trkpt><trkpt lat="24.979212" lon="121.553887"><time>2026-10-02T06:50:44Z</time><ele>20</ele><speed>17.954</speed></trkpt><trkpt lat="24.979171" lon="121.553901"><time>2026-10-02T06:50:45Z</time><ele>21</ele><speed>17.998</speed></trkpt><trkpt lat="24.979124" lon="121.553914"><time>2026-10-02T06:50:46Z</time><ele>21</ele><speed>19.82</speed></trkpt><trkpt lat="24.979075" lon="121.553927"><time>2026-10-02T06:50:47Z</time><ele>21</ele><speed>21.357</speed></trkpt><trkpt lat="24.979025" lon="121.553942"><time>2026-10-02T06:50:48Z</time><ele>21</ele><speed>22.298</speed></trkpt><trkpt lat="24.978974" lon="121.553957"><time>2026-10-02T06:50:49Z</time><ele>21</ele><speed>21.529</speed></trkpt><trkpt lat="24.978922" lon="121.553971"><time>2026-10-02T06:50:50Z</time><ele>21</ele><speed>20.721</speed></trkpt><trkpt lat="24.97887" lon="121.553986"><time>2026-10-02T06:50:51Z</time><ele>21</ele><speed>20.252</speed></trkpt><trkpt lat="24.97882" lon="121.554"><time>2026-10-02T06:50:52Z</time><ele>21</ele><speed>20.052</speed></trkpt><trkpt lat="24.97877" lon="121.554014"><time>2026-10-02T06:50:53Z</time><ele>21</ele><speed>19.609</speed></trkpt><trkpt lat="24.978722" lon="121.554027"><time>2026-10-02T06:50:54Z</time><ele>20</ele><speed>19.371</speed></trkpt><trkpt lat="24.978676" lon="121.554041"><time>2026-10-02T06:50:55Z</time><ele>20</ele><speed>18.965</speed></trkpt><trkpt lat="24.97863" lon="121.554055"><time>2026-10-02T06:50:56Z</time><ele>20</ele><speed>18.702</speed></trkpt><trkpt lat="24.978584" lon="121.55407"><time>2026-10-02T06:50:57Z</time><ele>21</ele><speed>18.522</speed></trkpt><trkpt lat="24.978539" lon="121.554083"><time>2026-10-02T06:50:58Z</time><ele>21</ele><speed>17.936</speed></trkpt><trkpt lat="24.978495" lon="121.554097"><time>2026-10-02T06:50:59Z</time><ele>20</ele><speed>17.274</speed></trkpt><trkpt lat="24.978453" lon="121.554111"><time>2026-10-02T06:51:00Z</time><ele>20</ele><speed>17.19</speed></trkpt><trkpt lat="24.978411" lon="121.554124"><time>2026-10-02T06:51:01Z</time><ele>20</ele><speed>16.642</speed></trkpt><trkpt lat="24.978368" lon="121.554138"><time>2026-10-02T06:51:02Z</time><ele>19</ele><speed>18.957</speed></trkpt><trkpt lat="24.978325" lon="121.554152"><time>2026-10-02T06:51:03Z</time><ele>20</ele><speed>19.22</speed></trkpt><trkpt lat="24.97828" lon="121.554168"><time>2026-10-02T06:51:04Z</time><ele>20</ele><speed>20.69</speed></trkpt><trkpt lat="24.978231" lon="121.554183"><time>2026-10-02T06:51:05Z</time><ele>20</ele><speed>21.778</speed></trkpt><trkpt lat="24.978179" lon="121.554201"><time>2026-10-02T06:51:06Z</time><ele>19</ele><speed>22.314</speed></trkpt><trkpt lat="24.978125" lon="121.554218"><time>2026-10-02T06:51:07Z</time><ele>20</ele><speed>21.948</speed></trkpt><trkpt lat="24.978071" lon="121.554234"><time>2026-10-02T06:51:08Z</time><ele>19</ele><speed>21.305</speed></trkpt><trkpt lat="24.978017" lon="121.554251"><time>2026-10-02T06:51:09Z</time><ele>19</ele><speed>20.551</speed></trkpt><trkpt lat="24.977965" lon="121.554267"><time>2026-10-02T06:51:10Z</time><ele>20</ele><speed>19.958</speed></trkpt><trkpt lat="24.977914" lon="121.554284"><time>2026-10-02T06:51:11Z</time><ele>20</ele><speed>19.9</speed></trkpt><trkpt lat="24.977865" lon="121.554298"><time>2026-10-02T06:51:12Z</time><ele>21</ele><speed>19.41</speed></trkpt><trkpt lat="24.977818" lon="121.554313"><time>2026-10-02T06:51:13Z</time><ele>21</ele><speed>18.793</speed></trkpt><trkpt lat="24.977773" lon="121.554329"><time>2026-10-02T06:51:14Z</time><ele>19</ele><speed>18.818</speed></trkpt><trkpt lat="24.977727" lon="121.554345"><time>2026-10-02T06:51:15Z</time><ele>20</ele><speed>18.433</speed></trkpt><trkpt lat="24.977683" lon="121.554361"><time>2026-10-02T06:51:16Z</time><ele>18</ele><speed>18.391</speed></trkpt><trkpt lat="24.977639" lon="121.554377"><time>2026-10-02T06:51:17Z</time><ele>20</ele><speed>17.872</speed></trkpt><trkpt lat="24.977596" lon="121.554396"><time>2026-10-02T06:51:18Z</time><ele>19</ele><speed>18.213</speed></trkpt><trkpt lat="24.977552" lon="121.554415"><time>2026-10-02T06:51:19Z</time><ele>21</ele><speed>20.063</speed></trkpt><trkpt lat="24.977507" lon="121.554436"><time>2026-10-02T06:51:20Z</time><ele>20</ele><speed>20.195</speed></trkpt><trkpt lat="24.977463" lon="121.554459"><time>2026-10-02T06:51:21Z</time><ele>20</ele><speed>19.885</speed></trkpt><trkpt lat="24.977418" lon="121.554483"><time>2026-10-02T06:51:22Z</time><ele>20</ele><speed>19.602</speed></trkpt><trkpt lat="24.977376" lon="121.554512"><time>2026-10-02T06:51:23Z</time><ele>19</ele><speed>19.232</speed></trkpt><trkpt lat="24.977335" lon="121.554543"><time>2026-10-02T06:51:24Z</time><ele>19</ele><speed>19.385</speed></trkpt><trkpt lat="24.977297" lon="121.554574"><time>2026-10-02T06:51:25Z</time><ele>19</ele><speed>18.393</speed></trkpt><trkpt lat="24.97726" lon="121.554603"><time>2026-10-02T06:51:26Z</time><ele>20</ele><speed>18.332</speed></trkpt><trkpt lat="24.977225" lon="121.554632"><time>2026-10-02T06:51:27Z</time><ele>21</ele><speed>18.008</speed></trkpt><trkpt lat="24.977192" lon="121.554664"><time>2026-10-02T06:51:28Z</time><ele>20</ele><speed>19.66</speed></trkpt><trkpt lat="24.977157" lon="121.554697"><time>2026-10-02T06:51:29Z</time><ele>21</ele><speed>20.506</speed></trkpt><trkpt lat="24.977123" lon="121.554734"><time>2026-10-02T06:51:30Z</time><ele>19</ele><speed>22.25</speed></trkpt><trkpt lat="24.977089" lon="121.554775"><time>2026-10-02T06:51:31Z</time><ele>19</ele><speed>22.083</speed></trkpt><trkpt lat="24.977055" lon="121.554821"><time>2026-10-02T06:51:32Z</time><ele>18</ele><speed>21.565</speed></trkpt><trkpt lat="24.977022" lon="121.554872"><time>2026-10-02T06:51:33Z</time><ele>18</ele><speed>21.725</speed></trkpt><trkpt lat="24.976991" lon="121.554924"><time>2026-10-02T06:51:34Z</time><ele>18</ele><speed>21.204</speed></trkpt><trkpt lat="24.976963" lon="121.554979"><time>2026-10-02T06:51:35Z</time><ele>18</ele><speed>21.334</speed></trkpt><trkpt lat="24.976938" lon="121.555034"><time>2026-10-02T06:51:36Z</time><ele>17</ele><speed>21.305</speed></trkpt><trkpt lat="24.976916" lon="121.555088"><time>2026-10-02T06:51:37Z</time><ele>17</ele><speed>20.768</speed></trkpt><trkpt lat="24.976895" lon="121.555143"><time>2026-10-02T06:51:38Z</time><ele>16</ele><speed>20.796</speed></trkpt><trkpt lat="24.976877" lon="121.555198"><time>2026-10-02T06:51:39Z</time><ele>18</ele><speed>20.665</speed></trkpt><trkpt lat="24.976859" lon="121.555253"><time>2026-10-02T06:51:40Z</time><ele>18</ele><speed>20.507</speed></trkpt><trkpt lat="24.976842" lon="121.555307"><time>2026-10-02T06:51:41Z</time><ele>19</ele><speed>20.364</speed></trkpt><trkpt lat="24.976826" lon="121.55536"><time>2026-10-02T06:51:42Z</time><ele>18</ele><speed>20.216</speed></trkpt><trkpt lat="24.976811" lon="121.555414"><time>2026-10-02T06:51:43Z</time><ele>18</ele><speed>20.5</speed></trkpt><trkpt lat="24.976801" lon="121.55547"><time>2026-10-02T06:51:44Z</time><ele>17</ele><speed>20.403</speed></trkpt><trkpt lat="24.976793" lon="121.555526"><time>2026-10-02T06:51:45Z</time><ele>19</ele><speed>19.977</speed></trkpt><trkpt lat="24.976788" lon="121.555581"><time>2026-10-02T06:51:46Z</time><ele>17</ele><speed>18.916</speed></trkpt><trkpt lat="24.976785" lon="121.555634"><time>2026-10-02T06:51:47Z</time><ele>18</ele><speed>17.047</speed></trkpt><trkpt lat="24.976785" lon="121.555687"><time>2026-10-02T06:51:48Z</time><ele>20</ele><speed>17.443</speed></trkpt><trkpt lat="24.976787" lon="121.555739"><time>2026-10-02T06:51:49Z</time><ele>17</ele><speed>18.585</speed></trkpt><trkpt lat="24.976789" lon="121.555788"><time>2026-10-02T06:51:50Z</time><ele>17</ele><speed>18.065</speed></trkpt><trkpt lat="24.976793" lon="121.555839"><time>2026-10-02T06:51:51Z</time><ele>19</ele><speed>19.677</speed></trkpt><trkpt lat="24.976798" lon="121.55589"><time>2026-10-02T06:51:52Z</time><ele>20</ele><speed>20.214</speed></trkpt><trkpt lat="24.976804" lon="121.555943"><time>2026-10-02T06:51:53Z</time><ele>19</ele><speed>20.333</speed></trkpt><trkpt lat="24.976809" lon="121.555997"><time>2026-10-02T06:51:54Z</time><ele>18</ele><speed>20.041</speed></trkpt><trkpt lat="24.976816" lon="121.556052"><time>2026-10-02T06:51:55Z</time><ele>18</ele><speed>20.191</speed></trkpt><trkpt lat="24.976822" lon="121.556107"><time>2026-10-02T06:51:56Z</time><ele>19</ele><speed>19.096</speed></trkpt><trkpt lat="24.976832" lon="121.556159"><time>2026-10-02T06:51:57Z</time><ele>17</ele><speed>17.669</speed></trkpt><trkpt lat="24.976841" lon="121.55621"><time>2026-10-02T06:51:58Z</time><ele>19</ele><speed>17.921</speed></trkpt><trkpt lat="24.976853" lon="121.556261"><time>2026-10-02T06:51:59Z</time><ele>20</ele><speed>18.556</speed></trkpt><trkpt lat="24.976864" lon="121.556312"><time>2026-10-02T06:52:00Z</time><ele>19</ele><speed>19.601</speed></trkpt><trkpt lat="24.976876" lon="121.556363"><time>2026-10-02T06:52:01Z</time><ele>20</ele><speed>20.126</speed></trkpt><trkpt lat="24.976887" lon="121.556416"><time>2026-10-02T06:52:02Z</time><ele>20</ele><speed>20.476</speed></trkpt><trkpt lat="24.976898" lon="121.55647"><time>2026-10-02T06:52:03Z</time><ele>20</ele><speed>19.656</speed></trkpt><trkpt lat="24.976909" lon="121.556525"><time>2026-10-02T06:52:04Z</time><ele>20</ele><speed>19.141</speed></trkpt><trkpt lat="24.97692" lon="121.556578"><time>2026-10-02T06:52:05Z</time><ele>20</ele><speed>18.686</speed></trkpt><trkpt lat="24.976935" lon="121.556628"><time>2026-10-02T06:52:06Z</time><ele>20</ele><speed>17.995</speed></trkpt><trkpt lat="24.976951" lon="121.556676"><time>2026-10-02T06:52:07Z</time><ele>20</ele><speed>17.758</speed></trkpt><trkpt lat="24.976971" lon="121.556721"><time>2026-10-02T06:52:08Z</time><ele>19</ele><speed>17.429</speed></trkpt><trkpt lat="24.976991" lon="121.556764"><time>2026-10-02T06:52:09Z</time><ele>21</ele><speed>18.218</speed></trkpt><trkpt lat="24.977013" lon="121.556807"><time>2026-10-02T06:52:10Z</time><ele>20</ele><speed>18.391</speed></trkpt><trkpt lat="24.977037" lon="121.55685"><time>2026-10-02T06:52:11Z</time><ele>23</ele><speed>19.229</speed></trkpt><trkpt lat="24.977065" lon="121.556892"><time>2026-10-02T06:52:12Z</time><ele>21</ele><speed>20.66</speed></trkpt><trkpt lat="24.977095" lon="121.556933"><time>2026-10-02T06:52:13Z</time><ele>22</ele><speed>19.77</speed></trkpt><trkpt lat="24.977127" lon="121.556973"><time>2026-10-02T06:52:14Z</time><ele>22</ele><speed>19.333</speed></trkpt><trkpt lat="24.97716" lon="121.557012"><time>2026-10-02T06:52:15Z</time><ele>25</ele><speed>18.293</speed></trkpt><trkpt lat="24.977195" lon="121.557048"><time>2026-10-02T06:52:16Z</time><ele>24</ele><speed>18.41</speed></trkpt><trkpt lat="24.977232" lon="121.557079"><time>2026-10-02T06:52:17Z</time><ele>22</ele><speed>17.577</speed></trkpt><trkpt lat="24.977269" lon="121.557107"><time>2026-10-02T06:52:18Z</time><ele>21</ele><speed>17.384</speed></trkpt><trkpt lat="24.977306" lon="121.557132"><time>2026-10-02T06:52:19Z</time><ele>22</ele><speed>15.98</speed></trkpt><trkpt lat="24.977341" lon="121.557154"><time>2026-10-02T06:52:20Z</time><ele>22</ele><speed>15.883</speed></trkpt><trkpt lat="24.97738" lon="121.557173"><time>2026-10-02T06:52:21Z</time><ele>21</ele><speed>16.697</speed></trkpt><trkpt lat="24.977419" lon="121.557188"><time>2026-10-02T06:52:22Z</time><ele>21</ele><speed>16.77</speed></trkpt><trkpt lat="24.977457" lon="121.557203"><time>2026-10-02T06:52:23Z</time><ele>20</ele><speed>17.447</speed></trkpt><trkpt lat="24.977497" lon="121.557216"><time>2026-10-02T06:52:24Z</time><ele>20</ele><speed>17.435</speed></trkpt><trkpt lat="24.977538" lon="121.557226"><time>2026-10-02T06:52:25Z</time><ele>20</ele><speed>17.033</speed></trkpt><trkpt lat="24.97758" lon="121.557233"><time>2026-10-02T06:52:26Z</time><ele>22</ele><speed>16.83</speed></trkpt><trkpt lat="24.977623" lon="121.557238"><time>2026-10-02T06:52:27Z</time><ele>21</ele><speed>16.586</speed></trkpt><trkpt lat="24.977664" lon="121.557241"><time>2026-10-02T06:52:28Z</time><ele>22</ele><speed>15.306</speed></trkpt><trkpt lat="24.977705" lon="121.557242"><time>2026-10-02T06:52:29Z</time><ele>21</ele><speed>15.283</speed></trkpt><trkpt lat="24.977745" lon="121.557243"><time>2026-10-02T06:52:30Z</time><ele>20</ele><speed>16.21</speed></trkpt><trkpt lat="24.977785" lon="121.557246"><time>2026-10-02T06:52:31Z</time><ele>20</ele><speed>16.278</speed></trkpt><trkpt lat="24.977827" lon="121.557247"><time>2026-10-02T06:52:32Z</time><ele>18</ele><speed>17.105</speed></trkpt><trkpt lat="24.977868" lon="121.55725"><time>2026-10-02T06:52:33Z</time><ele>18</ele><speed>17.244</speed></trkpt><trkpt lat="24.977911" lon="121.557252"><time>2026-10-02T06:52:34Z</time><ele>17</ele><speed>17.756</speed></trkpt><trkpt lat="24.977955" lon="121.557253"><time>2026-10-02T06:52:35Z</time><ele>15</ele><speed>18.14</speed></trkpt><trkpt lat="24.977999" lon="121.557255"><time>2026-10-02T06:52:36Z</time><ele>16</ele><speed>17.297</speed></trkpt><trkpt lat="24.978043" lon="121.557257"><time>2026-10-02T06:52:37Z</time><ele>17</ele><speed>16.67</speed></trkpt><trkpt lat="24.978086" lon="121.557258"><time>2026-10-02T06:52:38Z</time><ele>15</ele><speed>17.532</speed></trkpt><trkpt lat="24.97813" lon="121.55726"><time>2026-10-02T06:52:39Z</time><ele>14</ele><speed>17.191</speed></trkpt><trkpt lat="24.978172" lon="121.557263"><time>2026-10-02T06:52:40Z</time><ele>14</ele><speed>16.252</speed></trkpt><trkpt lat="24.978213" lon="121.557266"><time>2026-10-02T06:52:41Z</time><ele>13</ele><speed>16.674</speed></trkpt><trkpt lat="24.978254" lon="121.557267"><time>2026-10-02T06:52:42Z</time><ele>12</ele><speed>17.233</speed></trkpt><trkpt lat="24.978294" lon="121.557269"><time>2026-10-02T06:52:43Z</time><ele>15</ele><speed>15.285</speed></trkpt><trkpt lat="24.978335" lon="121.55727"><time>2026-10-02T06:52:44Z</time><ele>12</ele><speed>16.854</speed></trkpt><trkpt lat="24.978372" lon="121.557272"><time>2026-10-02T06:52:45Z</time><ele>15</ele><speed>14.57</speed></trkpt><trkpt lat="24.978411" lon="121.557273"><time>2026-10-02T06:52:46Z</time><ele>13</ele><speed>15.654</speed></trkpt><trkpt lat="24.978447" lon="121.557275"><time>2026-10-02T06:52:47Z</time><ele>15</ele><speed>15.048</speed></trkpt><trkpt lat="24.978484" lon="121.55728"><time>2026-10-02T06:52:48Z</time><ele>16</ele><speed>15.328</speed></trkpt><trkpt lat="24.978521" lon="121.557284"><time>2026-10-02T06:52:49Z</time><ele>15</ele><speed>15.49</speed></trkpt><trkpt lat="24.978558" lon="121.557289"><time>2026-10-02T06:52:50Z</time><ele>13</ele><speed>16.101</speed></trkpt><trkpt lat="24.978596" lon="121.557295"><time>2026-10-02T06:52:51Z</time><ele>14</ele><speed>15.929</speed></trkpt><trkpt lat="24.978633" lon="121.557302"><time>2026-10-02T06:52:52Z</time><ele>15</ele><speed>14.974</speed></trkpt><trkpt lat="24.978671" lon="121.55731"><time>2026-10-02T06:52:53Z</time><ele>15</ele><speed>14.345</speed></trkpt><trkpt lat="24.978707" lon="121.557318"><time>2026-10-02T06:52:54Z</time><ele>16</ele><speed>14.642</speed></trkpt><trkpt lat="24.978743" lon="121.557325"><time>2026-10-02T06:52:55Z</time><ele>16</ele><speed>14.745</speed></trkpt><trkpt lat="24.978778" lon="121.557334"><time>2026-10-02T06:52:56Z</time><ele>16</ele><speed>15.35</speed></trkpt><trkpt lat="24.978814" lon="121.557344"><time>2026-10-02T06:52:57Z</time><ele>16</ele><speed>15.586</speed></trkpt><trkpt lat="24.978851" lon="121.557357"><time>2026-10-02T06:52:58Z</time><ele>16</ele><speed>15.703</speed></trkpt><trkpt lat="24.978888" lon="121.557373"><time>2026-10-02T06:52:59Z</time><ele>16</ele><speed>15.3</speed></trkpt><trkpt lat="24.978923" lon="121.55739"><time>2026-10-02T06:53:00Z</time><ele>19</ele><speed>14.175</speed></trkpt><trkpt lat="24.978961" lon="121.557409"><time>2026-10-02T06:53:01Z</time><ele>17</ele><speed>15.321</speed></trkpt><trkpt lat="24.978997" lon="121.55743"><time>2026-10-02T06:53:02Z</time><ele>17</ele><speed>15.738</speed></trkpt><trkpt lat="24.979035" lon="121.557451"><time>2026-10-02T06:53:03Z</time><ele>17</ele><speed>17.554</speed></trkpt><trkpt lat="24.979073" lon="121.557471"><time>2026-10-02T06:53:04Z</time><ele>17</ele><speed>16.941</speed></trkpt><trkpt lat="24.97911" lon="121.557492"><time>2026-10-02T06:53:05Z</time><ele>17</ele><speed>16.056</speed></trkpt><trkpt lat="24.979148" lon="121.557511"><time>2026-10-02T06:53:06Z</time><ele>18</ele><speed>15.801</speed></trkpt><trkpt lat="24.979186" lon="121.557534"><time>2026-10-02T06:53:07Z</time><ele>17</ele><speed>17.148</speed></trkpt><trkpt lat="24.979224" lon="121.557558"><time>2026-10-02T06:53:08Z</time><ele>19</ele><speed>16.732</speed></trkpt><trkpt lat="24.97926" lon="121.557582"><time>2026-10-02T06:53:09Z</time><ele>19</ele><speed>17.055</speed></trkpt><trkpt lat="24.979297" lon="121.557606"><time>2026-10-02T06:53:10Z</time><ele>19</ele><speed>17.066</speed></trkpt><trkpt lat="24.979335" lon="121.55763"><time>2026-10-02T06:53:11Z</time><ele>18</ele><speed>17.026</speed></trkpt><trkpt lat="24.979373" lon="121.557655"><time>2026-10-02T06:53:12Z</time><ele>18</ele><speed>17.123</speed></trkpt><trkpt lat="24.979409" lon="121.557679"><time>2026-10-02T06:53:13Z</time><ele>18</ele><speed>15.977</speed></trkpt><trkpt lat="24.979444" lon="121.557702"><time>2026-10-02T06:53:14Z</time><ele>18</ele><speed>15.085</speed></trkpt><trkpt lat="24.979477" lon="121.557727"><time>2026-10-02T06:53:15Z</time><ele>18</ele><speed>15.4</speed></trkpt><trkpt lat="24.979509" lon="121.557752"><time>2026-10-02T06:53:16Z</time><ele>18</ele><speed>15.488</speed></trkpt><trkpt lat="24.979541" lon="121.557776"><time>2026-10-02T06:53:17Z</time><ele>18</ele><speed>15.481</speed></trkpt><trkpt lat="24.979571" lon="121.5578"><time>2026-10-02T06:53:18Z</time><ele>19</ele><speed>14.794</speed></trkpt><trkpt lat="24.979601" lon="121.557824"><time>2026-10-02T06:53:19Z</time><ele>19</ele><speed>13.989</speed></trkpt><trkpt lat="24.979632" lon="121.557846"><time>2026-10-02T06:53:20Z</time><ele>18</ele><speed>14.299</speed></trkpt><trkpt lat="24.979663" lon="121.557869"><time>2026-10-02T06:53:21Z</time><ele>19</ele><speed>14.493</speed></trkpt><trkpt lat="24.979693" lon="121.557891"><time>2026-10-02T06:53:22Z</time><ele>20</ele><speed>14.515</speed></trkpt><trkpt lat="24.979722" lon="121.557916"><time>2026-10-02T06:53:23Z</time><ele>20</ele><speed>15.087</speed></trkpt><trkpt lat="24.979751" lon="121.557941"><time>2026-10-02T06:53:24Z</time><ele>18</ele><speed>13.873</speed></trkpt><trkpt lat="24.97978" lon="121.557967"><time>2026-10-02T06:53:25Z</time><ele>19</ele><speed>14.688</speed></trkpt><trkpt lat="24.979807" lon="121.557994"><time>2026-10-02T06:53:26Z</time><ele>19</ele><speed>14.718</speed></trkpt><trkpt lat="24.979835" lon="121.55802"><time>2026-10-02T06:53:27Z</time><ele>19</ele><speed>15.712</speed></trkpt><trkpt lat="24.979863" lon="121.558045"><time>2026-10-02T06:53:28Z</time><ele>18</ele><speed>14.775</speed></trkpt><trkpt lat="24.979891" lon="121.558069"><time>2026-10-02T06:53:29Z</time><ele>19</ele><speed>14.058</speed></trkpt><trkpt lat="24.979919" lon="121.558095"><time>2026-10-02T06:53:30Z</time><ele>19</ele><speed>14.025</speed></trkpt><trkpt lat="24.979946" lon="121.558121"><time>2026-10-02T06:53:31Z</time><ele>19</ele><speed>13.748</speed></trkpt><trkpt lat="24.979971" lon="121.558149"><time>2026-10-02T06:53:32Z</time><ele>21</ele><speed>14.634</speed></trkpt><trkpt lat="24.979995" lon="121.558178"><time>2026-10-02T06:53:33Z</time><ele>20</ele><speed>14.728</speed></trkpt><trkpt lat="24.980019" lon="121.558207"><time>2026-10-02T06:53:34Z</time><ele>20</ele><speed>14.824</speed></trkpt><trkpt lat="24.980044" lon="121.558237"><time>2026-10-02T06:53:35Z</time><ele>19</ele><speed>15.065</speed></trkpt><trkpt lat="24.980067" lon="121.558268"><time>2026-10-02T06:53:36Z</time><ele>19</ele><speed>14.937</speed></trkpt><trkpt lat="24.980091" lon="121.558301"><time>2026-10-02T06:53:37Z</time><ele>21</ele><speed>14.933</speed></trkpt><trkpt lat="24.980114" lon="121.558334"><time>2026-10-02T06:53:38Z</time><ele>21</ele><speed>14.691</speed></trkpt><trkpt lat="24.980137" lon="121.558367"><time>2026-10-02T06:53:39Z</time><ele>20</ele><speed>14.698</speed></trkpt><trkpt lat="24.980158" lon="121.558402"><time>2026-10-02T06:53:40Z</time><ele>21</ele><speed>14.663</speed></trkpt><trkpt lat="24.980178" lon="121.558436"><time>2026-10-02T06:53:41Z</time><ele>20</ele><speed>14.683</speed></trkpt><trkpt lat="24.980198" lon="121.558471"><time>2026-10-02T06:53:42Z</time><ele>20</ele><speed>14.944</speed></trkpt><trkpt lat="24.980215" lon="121.558507"><time>2026-10-02T06:53:43Z</time><ele>21</ele><speed>15.026</speed></trkpt><trkpt lat="24.980233" lon="121.558543"><time>2026-10-02T06:53:44Z</time><ele>21</ele><speed>15.495</speed></trkpt><trkpt lat="24.980247" lon="121.558581"><time>2026-10-02T06:53:45Z</time><ele>21</ele><speed>15.919</speed></trkpt><trkpt lat="24.980261" lon="121.558622"><time>2026-10-02T06:53:46Z</time><ele>21</ele><speed>16.874</speed></trkpt><trkpt lat="24.980272" lon="121.558663"><time>2026-10-02T06:53:47Z</time><ele>20</ele><speed>16.464</speed></trkpt><trkpt lat="24.980282" lon="121.558706"><time>2026-10-02T06:53:48Z</time><ele>22</ele><speed>16.376</speed></trkpt><trkpt lat="24.980292" lon="121.55875"><time>2026-10-02T06:53:49Z</time><ele>21</ele><speed>17.281</speed></trkpt><trkpt lat="24.980301" lon="121.558796"><time>2026-10-02T06:53:50Z</time><ele>22</ele><speed>17.727</speed></trkpt><trkpt lat="24.98031" lon="121.558842"><time>2026-10-02T06:53:51Z</time><ele>22</ele><speed>17.298</speed></trkpt><trkpt lat="24.980318" lon="121.558887"><time>2026-10-02T06:53:52Z</time><ele>22</ele><speed>16.828</speed></trkpt><trkpt lat="24.980327" lon="121.558932"><time>2026-10-02T06:53:53Z</time><ele>23</ele><speed>15.772</speed></trkpt><trkpt lat="24.980334" lon="121.558976"><time>2026-10-02T06:53:54Z</time><ele>22</ele><speed>15.208</speed></trkpt><trkpt lat="24.980339" lon="121.55902"><time>2026-10-02T06:53:55Z</time><ele>22</ele><speed>15.52</speed></trkpt><trkpt lat="24.980342" lon="121.559063"><time>2026-10-02T06:53:56Z</time><ele>22</ele><speed>15.791</speed></trkpt><trkpt lat="24.980343" lon="121.559106"><time>2026-10-02T06:53:57Z</time><ele>21</ele><speed>16.208</speed></trkpt><trkpt lat="24.980342" lon="121.559149"><time>2026-10-02T06:53:58Z</time><ele>21</ele><speed>16.675</speed></trkpt><trkpt lat="24.980338" lon="121.559194"><time>2026-10-02T06:53:59Z</time><ele>21</ele><speed>16.848</speed></trkpt><trkpt lat="24.980332" lon="121.55924"><time>2026-10-02T06:54:00Z</time><ele>20</ele><speed>17.016</speed></trkpt><trkpt lat="24.980325" lon="121.559286"><time>2026-10-02T06:54:01Z</time><ele>22</ele><speed>17.376</speed></trkpt><trkpt lat="24.980316" lon="121.559332"><time>2026-10-02T06:54:02Z</time><ele>22</ele><speed>17.535</speed></trkpt><trkpt lat="24.980306" lon="121.559379"><time>2026-10-02T06:54:03Z</time><ele>20</ele><speed>17.584</speed></trkpt><trkpt lat="24.980295" lon="121.559427"><time>2026-10-02T06:54:04Z</time><ele>23</ele><speed>18.309</speed></trkpt><trkpt lat="24.980285" lon="121.559475"><time>2026-10-02T06:54:05Z</time><ele>22</ele><speed>17.533</speed></trkpt><trkpt lat="24.980275" lon="121.559522"><time>2026-10-02T06:54:06Z</time><ele>22</ele><speed>17.255</speed></trkpt><trkpt lat="24.980265" lon="121.55957"><time>2026-10-02T06:54:07Z</time><ele>21</ele><speed>17.272</speed></trkpt><trkpt lat="24.980256" lon="121.559616"><time>2026-10-02T06:54:08Z</time><ele>21</ele><speed>16.808</speed></trkpt><trkpt lat="24.980248" lon="121.559663"><time>2026-10-02T06:54:09Z</time><ele>21</ele><speed>17.178</speed></trkpt><trkpt lat="24.980239" lon="121.559709"><time>2026-10-02T06:54:10Z</time><ele>20</ele><speed>17.145</speed></trkpt><trkpt lat="24.980229" lon="121.559755"><time>2026-10-02T06:54:11Z</time><ele>20</ele><speed>16.869</speed></trkpt><trkpt lat="24.980219" lon="121.5598"><time>2026-10-02T06:54:12Z</time><ele>21</ele><speed>17.013</speed></trkpt><trkpt lat="24.980208" lon="121.559844"><time>2026-10-02T06:54:13Z</time><ele>20</ele><speed>16.816</speed></trkpt><trkpt lat="24.980196" lon="121.559888"><time>2026-10-02T06:54:14Z</time><ele>19</ele><speed>16.266</speed></trkpt><trkpt lat="24.980181" lon="121.559931"><time>2026-10-02T06:54:15Z</time><ele>21</ele><speed>16.286</speed></trkpt><trkpt lat="24.980168" lon="121.559974"><time>2026-10-02T06:54:16Z</time><ele>21</ele><speed>16.834</speed></trkpt><trkpt lat="24.980156" lon="121.560017"><time>2026-10-02T06:54:17Z</time><ele>20</ele><speed>16.709</speed></trkpt><trkpt lat="24.980144" lon="121.560061"><time>2026-10-02T06:54:18Z</time><ele>20</ele><speed>16.718</speed></trkpt><trkpt lat="24.980134" lon="121.560105"><time>2026-10-02T06:54:19Z</time><ele>19</ele><speed>16.882</speed></trkpt><trkpt lat="24.980124" lon="121.560151"><time>2026-10-02T06:54:20Z</time><ele>19</ele><speed>17.512</speed></trkpt><trkpt lat="24.980115" lon="121.560197"><time>2026-10-02T06:54:21Z</time><ele>19</ele><speed>17.721</speed></trkpt><trkpt lat="24.980104" lon="121.560243"><time>2026-10-02T06:54:22Z</time><ele>19</ele><speed>17.849</speed></trkpt><trkpt lat="24.980093" lon="121.560289"><time>2026-10-02T06:54:23Z</time><ele>20</ele><speed>17.995</speed></trkpt><trkpt lat="24.98008" lon="121.560335"><time>2026-10-02T06:54:24Z</time><ele>21</ele><speed>17.315</speed></trkpt><trkpt lat="24.980069" lon="121.560382"><time>2026-10-02T06:54:25Z</time><ele>20</ele><speed>16.765</speed></trkpt><trkpt lat="24.980057" lon="121.560427"><time>2026-10-02T06:54:26Z</time><ele>20</ele><speed>16.415</speed></trkpt><trkpt lat="24.980046" lon="121.560472"><time>2026-10-02T06:54:27Z</time><ele>19</ele><speed>16.33</speed></trkpt><trkpt lat="24.980035" lon="121.560517"><time>2026-10-02T06:54:28Z</time><ele>20</ele><speed>16.649</speed></trkpt><trkpt lat="24.980023" lon="121.560561"><time>2026-10-02T06:54:29Z</time><ele>22</ele><speed>17.248</speed></trkpt><trkpt lat="24.980012" lon="121.560605"><time>2026-10-02T06:54:30Z</time><ele>20</ele><speed>16.665</speed></trkpt><trkpt lat="24.980001" lon="121.56065"><time>2026-10-02T06:54:31Z</time><ele>20</ele><speed>17.435</speed></trkpt><trkpt lat="24.97999" lon="121.560696"><time>2026-10-02T06:54:32Z</time><ele>22</ele><speed>17.104</speed></trkpt><trkpt lat="24.97998" lon="121.560742"><time>2026-10-02T06:54:33Z</time><ele>21</ele><speed>16.916</speed></trkpt><trkpt lat="24.979972" lon="121.560786"><time>2026-10-02T06:54:34Z</time><ele>19</ele><speed>15.468</speed></trkpt><trkpt lat="24.979966" lon="121.560831"><time>2026-10-02T06:54:35Z</time><ele>20</ele><speed>16.089</speed></trkpt><trkpt lat="24.979961" lon="121.560876"><time>2026-10-02T06:54:36Z</time><ele>20</ele><speed>15.617</speed></trkpt><trkpt lat="24.979957" lon="121.56092"><time>2026-10-02T06:54:37Z</time><ele>19</ele><speed>16.096</speed></trkpt><trkpt lat="24.979954" lon="121.560962"><time>2026-10-02T06:54:38Z</time><ele>20</ele><speed>15.892</speed></trkpt><trkpt lat="24.979949" lon="121.561004"><time>2026-10-02T06:54:39Z</time><ele>20</ele><speed>15.88</speed></trkpt><trkpt lat="24.979946" lon="121.561048"><time>2026-10-02T06:54:40Z</time><ele>20</ele><speed>15.837</speed></trkpt><trkpt lat="24.979944" lon="121.561091"><time>2026-10-02T06:54:41Z</time><ele>20</ele><speed>16.141</speed></trkpt><trkpt lat="24.97994" lon="121.561133"><time>2026-10-02T06:54:42Z</time><ele>20</ele><speed>15.944</speed></trkpt><trkpt lat="24.979938" lon="121.561175"><time>2026-10-02T06:54:43Z</time><ele>20</ele><speed>15.241</speed></trkpt><trkpt lat="24.979937" lon="121.561217"><time>2026-10-02T06:54:44Z</time><ele>21</ele><speed>15.214</speed></trkpt><trkpt lat="24.979938" lon="121.561256"><time>2026-10-02T06:54:45Z</time><ele>22</ele><speed>13.865</speed></trkpt><trkpt lat="24.979939" lon="121.561295"><time>2026-10-02T06:54:46Z</time><ele>23</ele><speed>14.05</speed></trkpt><trkpt lat="24.979943" lon="121.561335"><time>2026-10-02T06:54:47Z</time><ele>22</ele><speed>15.266</speed></trkpt><trkpt lat="24.979947" lon="121.561374"><time>2026-10-02T06:54:48Z</time><ele>22</ele><speed>15.192</speed></trkpt><trkpt lat="24.979951" lon="121.561414"><time>2026-10-02T06:54:49Z</time><ele>22</ele><speed>15.369</speed></trkpt><trkpt lat="24.979958" lon="121.561454"><time>2026-10-02T06:54:50Z</time><ele>22</ele><speed>15.286</speed></trkpt><trkpt lat="24.979965" lon="121.561495"><time>2026-10-02T06:54:51Z</time><ele>23</ele><speed>14.448</speed></trkpt><trkpt lat="24.979972" lon="121.561536"><time>2026-10-02T06:54:52Z</time><ele>22</ele><speed>15.399</speed></trkpt><trkpt lat="24.979979" lon="121.561577"><time>2026-10-02T06:54:53Z</time><ele>22</ele><speed>16.147</speed></trkpt><trkpt lat="24.979988" lon="121.561619"><time>2026-10-02T06:54:54Z</time><ele>23</ele><speed>15.529</speed></trkpt><trkpt lat="24.979997" lon="121.561659"><time>2026-10-02T06:54:55Z</time><ele>23</ele><speed>15.819</speed></trkpt><trkpt lat="24.980008" lon="121.5617"><time>2026-10-02T06:54:56Z</time><ele>22</ele><speed>16.044</speed></trkpt><trkpt lat="24.98002" lon="121.561742"><time>2026-10-02T06:54:57Z</time><ele>23</ele><speed>15.6</speed></trkpt><trkpt lat="24.980031" lon="121.561784"><time>2026-10-02T06:54:58Z</time><ele>23</ele><speed>15.052</speed></trkpt><trkpt lat="24.980043" lon="121.561825"><time>2026-10-02T06:54:59Z</time><ele>23</ele><speed>15.469</speed></trkpt><trkpt lat="24.980055" lon="121.561866"><time>2026-10-02T06:55:00Z</time><ele>23</ele><speed>15.616</speed></trkpt><trkpt lat="24.980067" lon="121.561907"><time>2026-10-02T06:55:01Z</time><ele>22</ele><speed>14.652</speed></trkpt><trkpt lat="24.980079" lon="121.561948"><time>2026-10-02T06:55:02Z</time><ele>23</ele><speed>14.344</speed></trkpt><trkpt lat="24.980092" lon="121.561989"><time>2026-10-02T06:55:03Z</time><ele>22</ele><speed>15.339</speed></trkpt><trkpt lat="24.980104" lon="121.562029"><time>2026-10-02T06:55:04Z</time><ele>23</ele><speed>14.24</speed></trkpt><trkpt lat="24.980119" lon="121.562068"><time>2026-10-02T06:55:05Z</time><ele>23</ele><speed>14.532</speed></trkpt><trkpt lat="24.980134" lon="121.562106"><time>2026-10-02T06:55:06Z</time><ele>22</ele><speed>14.976</speed></trkpt><trkpt lat="24.980149" lon="121.562145"><time>2026-10-02T06:55:07Z</time><ele>21</ele><speed>15.062</speed></trkpt><trkpt lat="24.980166" lon="121.562183"><time>2026-10-02T06:55:08Z</time><ele>23</ele><speed>14.588</speed></trkpt><trkpt lat="24.980183" lon="121.562219"><time>2026-10-02T06:55:09Z</time><ele>23</ele><speed>14.627</speed></trkpt><trkpt lat="24.980201" lon="121.562256"><time>2026-10-02T06:55:10Z</time><ele>23</ele><speed>14.655</speed></trkpt><trkpt lat="24.980219" lon="121.562293"><time>2026-10-02T06:55:11Z</time><ele>23</ele><speed>14.739</speed></trkpt><trkpt lat="24.980236" lon="121.56233"><time>2026-10-02T06:55:12Z</time><ele>22</ele><speed>15.174</speed></trkpt><trkpt lat="24.980253" lon="121.562366"><time>2026-10-02T06:55:13Z</time><ele>22</ele><speed>15.219</speed></trkpt><trkpt lat="24.980272" lon="121.562402"><time>2026-10-02T06:55:14Z</time><ele>21</ele><speed>15.694</speed></trkpt><trkpt lat="24.980291" lon="121.562439"><time>2026-10-02T06:55:15Z</time><ele>21</ele><speed>16.399</speed></trkpt><trkpt lat="24.980311" lon="121.562478"><time>2026-10-02T06:55:16Z</time><ele>20</ele><speed>17.021</speed></trkpt><trkpt lat="24.980331" lon="121.562518"><time>2026-10-02T06:55:17Z</time><ele>20</ele><speed>16.601</speed></trkpt><trkpt lat="24.980351" lon="121.562557"><time>2026-10-02T06:55:18Z</time><ele>19</ele><speed>16.176</speed></trkpt><trkpt lat="24.980371" lon="121.562596"><time>2026-10-02T06:55:19Z</time><ele>22</ele><speed>15.221</speed></trkpt><trkpt lat="24.980389" lon="121.562634"><time>2026-10-02T06:55:20Z</time><ele>21</ele><speed>14.896</speed></trkpt><trkpt lat="24.980408" lon="121.562672"><time>2026-10-02T06:55:21Z</time><ele>21</ele><speed>14.887</speed></trkpt><trkpt lat="24.980425" lon="121.562708"><time>2026-10-02T06:55:22Z</time><ele>21</ele><speed>14.692</speed></trkpt><trkpt lat="24.980443" lon="121.562743"><time>2026-10-02T06:55:23Z</time><ele>20</ele><speed>15.286</speed></trkpt><trkpt lat="24.980461" lon="121.562779"><time>2026-10-02T06:55:24Z</time><ele>22</ele><speed>14.605</speed></trkpt><trkpt lat="24.980479" lon="121.562814"><time>2026-10-02T06:55:25Z</time><ele>21</ele><speed>14.57</speed></trkpt><trkpt lat="24.980496" lon="121.562849"><time>2026-10-02T06:55:26Z</time><ele>22</ele><speed>14.881</speed></trkpt><trkpt lat="24.980514" lon="121.562885"><time>2026-10-02T06:55:27Z</time><ele>22</ele><speed>14.991</speed></trkpt><trkpt lat="24.980531" lon="121.562921"><time>2026-10-02T06:55:28Z</time><ele>22</ele><speed>15.074</speed></trkpt><trkpt lat="24.980549" lon="121.562956"><time>2026-10-02T06:55:29Z</time><ele>22</ele><speed>15.536</speed></trkpt><trkpt lat="24.980566" lon="121.562992"><time>2026-10-02T06:55:30Z</time><ele>23</ele><speed>15.544</speed></trkpt><trkpt lat="24.980585" lon="121.563029"><time>2026-10-02T06:55:31Z</time><ele>23</ele><speed>15.938</speed></trkpt><trkpt lat="24.980605" lon="121.563066"><time>2026-10-02T06:55:32Z</time><ele>22</ele><speed>16.344</speed></trkpt><trkpt lat="24.980626" lon="121.563103"><time>2026-10-02T06:55:33Z</time><ele>22</ele><speed>15.665</speed></trkpt><trkpt lat="24.980648" lon="121.56314"><time>2026-10-02T06:55:34Z</time><ele>22</ele><speed>15.262</speed></trkpt><trkpt lat="24.98067" lon="121.563176"><time>2026-10-02T06:55:35Z</time><ele>22</ele><speed>14.047</speed></trkpt><trkpt lat="24.980689" lon="121.56321"><time>2026-10-02T06:55:36Z</time><ele>22</ele><speed>13.494</speed></trkpt><trkpt lat="24.980707" lon="121.563245"><time>2026-10-02T06:55:37Z</time><ele>23</ele><speed>13.765</speed></trkpt><trkpt lat="24.980723" lon="121.563279"><time>2026-10-02T06:55:38Z</time><ele>23</ele><speed>13.856</speed></trkpt><trkpt lat="24.980739" lon="121.563312"><time>2026-10-02T06:55:39Z</time><ele>22</ele><speed>14.121</speed></trkpt><trkpt lat="24.980753" lon="121.563346"><time>2026-10-02T06:55:40Z</time><ele>21</ele><speed>14.257</speed></trkpt><trkpt lat="24.980767" lon="121.563379"><time>2026-10-02T06:55:41Z</time><ele>23</ele><speed>14.397</speed></trkpt><trkpt lat="24.980782" lon="121.563413"><time>2026-10-02T06:55:42Z</time><ele>23</ele><speed>14.313</speed></trkpt><trkpt lat="24.980798" lon="121.563447"><time>2026-10-02T06:55:43Z</time><ele>23</ele><speed>14.51</speed></trkpt><trkpt lat="24.980815" lon="121.563481"><time>2026-10-02T06:55:44Z</time><ele>22</ele><speed>14.705</speed></trkpt><trkpt lat="24.980831" lon="121.563517"><time>2026-10-02T06:55:45Z</time><ele>23</ele><speed>15.15</speed></trkpt><trkpt lat="24.980849" lon="121.563551"><time>2026-10-02T06:55:46Z</time><ele>23</ele><speed>14.553</speed></trkpt><trkpt lat="24.980868" lon="121.563586"><time>2026-10-02T06:55:47Z</time><ele>21</ele><speed>14.679</speed></trkpt><trkpt lat="24.980886" lon="121.563621"><time>2026-10-02T06:55:48Z</time><ele>22</ele><speed>14.342</speed></trkpt><trkpt lat="24.980903" lon="121.563655"><time>2026-10-02T06:55:49Z</time><ele>24</ele><speed>13.998</speed></trkpt><trkpt lat="24.98092" lon="121.563691"><time>2026-10-02T06:55:50Z</time><ele>24</ele><speed>14.443</speed></trkpt><trkpt lat="24.980937" lon="121.563725"><time>2026-10-02T06:55:51Z</time><ele>24</ele><speed>14.631</speed></trkpt><trkpt lat="24.980953" lon="121.56376"><time>2026-10-02T06:55:52Z</time><ele>24</ele><speed>13.686</speed></trkpt><trkpt lat="24.980969" lon="121.563794"><time>2026-10-02T06:55:53Z</time><ele>23</ele><speed>13.291</speed></trkpt><trkpt lat="24.980985" lon="121.563827"><time>2026-10-02T06:55:54Z</time><ele>21</ele><speed>13.211</speed></trkpt><trkpt lat="24.981004" lon="121.563859"><time>2026-10-02T06:55:55Z</time><ele>17</ele><speed>13.677</speed></trkpt><trkpt lat="24.98102" lon="121.563891"><time>2026-10-02T06:55:56Z</time><ele>22</ele><speed>12.68</speed></trkpt><trkpt lat="24.981035" lon="121.563922"><time>2026-10-02T06:55:57Z</time><ele>22</ele><speed>13.231</speed></trkpt><trkpt lat="24.981051" lon="121.563953"><time>2026-10-02T06:55:58Z</time><ele>22</ele><speed>13.937</speed></trkpt><trkpt lat="24.981066" lon="121.563984"><time>2026-10-02T06:55:59Z</time><ele>22</ele><speed>13.45</speed></trkpt><trkpt lat="24.981081" lon="121.564016"><time>2026-10-02T06:56:00Z</time><ele>22</ele><speed>13.868</speed></trkpt><trkpt lat="24.981095" lon="121.564049"><time>2026-10-02T06:56:01Z</time><ele>20</ele><speed>14.368</speed></trkpt><trkpt lat="24.981111" lon="121.56408"><time>2026-10-02T06:56:02Z</time><ele>22</ele><speed>13.086</speed></trkpt><trkpt lat="24.981129" lon="121.564112"><time>2026-10-02T06:56:03Z</time><ele>21</ele><speed>14.218</speed></trkpt><trkpt lat="24.981147" lon="121.564146"><time>2026-10-02T06:56:04Z</time><ele>21</ele><speed>14.728</speed></trkpt><trkpt lat="24.981164" lon="121.56418"><time>2026-10-02T06:56:05Z</time><ele>22</ele><speed>13.844</speed></trkpt><trkpt lat="24.981182" lon="121.564213"><time>2026-10-02T06:56:06Z</time><ele>23</ele><speed>13.652</speed></trkpt><trkpt lat="24.981197" lon="121.564249"><time>2026-10-02T06:56:07Z</time><ele>24</ele><speed>13.659</speed></trkpt><trkpt lat="24.981214" lon="121.564285"><time>2026-10-02T06:56:08Z</time><ele>24</ele><speed>13.6</speed></trkpt><trkpt lat="24.981229" lon="121.56432"><time>2026-10-02T06:56:09Z</time><ele>23</ele><speed>13.948</speed></trkpt><trkpt lat="24.981244" lon="121.564355"><time>2026-10-02T06:56:10Z</time><ele>23</ele><speed>13.68</speed></trkpt><trkpt lat="24.981259" lon="121.564389"><time>2026-10-02T06:56:11Z</time><ele>23</ele><speed>13.687</speed></trkpt><trkpt lat="24.981274" lon="121.564425"><time>2026-10-02T06:56:12Z</time><ele>23</ele><speed>13.962</speed></trkpt><trkpt lat="24.981291" lon="121.56446"><time>2026-10-02T06:56:13Z</time><ele>23</ele><speed>14.055</speed></trkpt><trkpt lat="24.981308" lon="121.564494"><time>2026-10-02T06:56:14Z</time><ele>24</ele><speed>14.523</speed></trkpt><trkpt lat="24.981327" lon="121.564528"><time>2026-10-02T06:56:15Z</time><ele>22</ele><speed>14.521</speed></trkpt><trkpt lat="24.981345" lon="121.564563"><time>2026-10-02T06:56:16Z</time><ele>24</ele><speed>14.355</speed></trkpt><trkpt lat="24.981364" lon="121.564598"><time>2026-10-02T06:56:17Z</time><ele>21</ele><speed>15.187</speed></trkpt><trkpt lat="24.981384" lon="121.564633"><time>2026-10-02T06:56:18Z</time><ele>22</ele><speed>14.792</speed></trkpt><trkpt lat="24.981404" lon="121.564668"><time>2026-10-02T06:56:19Z</time><ele>22</ele><speed>14.598</speed></trkpt><trkpt lat="24.981422" lon="121.564704"><time>2026-10-02T06:56:20Z</time><ele>23</ele><speed>14.457</speed></trkpt><trkpt lat="24.981438" lon="121.56474"><time>2026-10-02T06:56:21Z</time><ele>24</ele><speed>14.128</speed></trkpt><trkpt lat="24.981455" lon="121.564776"><time>2026-10-02T06:56:22Z</time><ele>22</ele><speed>14.293</speed></trkpt><trkpt lat="24.98147" lon="121.56481"><time>2026-10-02T06:56:23Z</time><ele>23</ele><speed>13.691</speed></trkpt><trkpt lat="24.981483" lon="121.564845"><time>2026-10-02T06:56:24Z</time><ele>23</ele><speed>13.109</speed></trkpt><trkpt lat="24.981494" lon="121.564879"><time>2026-10-02T06:56:25Z</time><ele>23</ele><speed>13.655</speed></trkpt><trkpt lat="24.981502" lon="121.564914"><time>2026-10-02T06:56:26Z</time><ele>23</ele><speed>13.528</speed></trkpt><trkpt lat="24.981508" lon="121.564948"><time>2026-10-02T06:56:27Z</time><ele>21</ele><speed>12.657</speed></trkpt><trkpt lat="24.981509" lon="121.564983"><time>2026-10-02T06:56:28Z</time><ele>22</ele><speed>13.079</speed></trkpt><trkpt lat="24.981507" lon="121.565019"><time>2026-10-02T06:56:29Z</time><ele>24</ele><speed>13.553</speed></trkpt><trkpt lat="24.981501" lon="121.565055"><time>2026-10-02T06:56:30Z</time><ele>23</ele><speed>13.968</speed></trkpt><trkpt lat="24.981493" lon="121.565092"><time>2026-10-02T06:56:31Z</time><ele>21</ele><speed>14.196</speed></trkpt><trkpt lat="24.981484" lon="121.565129"><time>2026-10-02T06:56:32Z</time><ele>21</ele><speed>14.366</speed></trkpt><trkpt lat="24.981474" lon="121.565167"><time>2026-10-02T06:56:33Z</time><ele>21</ele><speed>14.73</speed></trkpt><trkpt lat="24.981466" lon="121.565206"><time>2026-10-02T06:56:34Z</time><ele>21</ele><speed>14.641</speed></trkpt><trkpt lat="24.981458" lon="121.565247"><time>2026-10-02T06:56:35Z</time><ele>20</ele><speed>15.744</speed></trkpt><trkpt lat="24.981451" lon="121.565289"><time>2026-10-02T06:56:36Z</time><ele>21</ele><speed>15.543</speed></trkpt><trkpt lat="24.981445" lon="121.565329"><time>2026-10-02T06:56:37Z</time><ele>21</ele><speed>14.978</speed></trkpt><trkpt lat="24.981439" lon="121.565372"><time>2026-10-02T06:56:38Z</time><ele>20</ele><speed>16.679</speed></trkpt><trkpt lat="24.981433" lon="121.565416"><time>2026-10-02T06:56:39Z</time><ele>20</ele><speed>16.992</speed></trkpt><trkpt lat="24.981426" lon="121.56546"><time>2026-10-02T06:56:40Z</time><ele>21</ele><speed>16.768</speed></trkpt><trkpt lat="24.981422" lon="121.565502"><time>2026-10-02T06:56:41Z</time><ele>20</ele><speed>14.697</speed></trkpt><trkpt lat="24.981417" lon="121.565546"><time>2026-10-02T06:56:42Z</time><ele>20</ele><speed>17.271</speed></trkpt><trkpt lat="24.981412" lon="121.565594"><time>2026-10-02T06:56:43Z</time><ele>20</ele><speed>18.903</speed></trkpt><trkpt lat="24.981407" lon="121.565641"><time>2026-10-02T06:56:44Z</time><ele>20</ele><speed>18.686</speed></trkpt><trkpt lat="24.981402" lon="121.565688"><time>2026-10-02T06:56:45Z</time><ele>19</ele><speed>17.795</speed></trkpt><trkpt lat="24.981397" lon="121.565736"><time>2026-10-02T06:56:46Z</time><ele>18</ele><speed>16.568</speed></trkpt><trkpt lat="24.981389" lon="121.565784"><time>2026-10-02T06:56:47Z</time><ele>19</ele><speed>15.548</speed></trkpt><trkpt lat="24.981382" lon="121.56583"><time>2026-10-02T06:56:48Z</time><ele>19</ele><speed>15.276</speed></trkpt><trkpt lat="24.981374" lon="121.565872"><time>2026-10-02T06:56:49Z</time><ele>19</ele><speed>14.343</speed></trkpt><trkpt lat="24.981366" lon="121.565913"><time>2026-10-02T06:56:50Z</time><ele>18</ele><speed>14.742</speed></trkpt><trkpt lat="24.981355" lon="121.565953"><time>2026-10-02T06:56:51Z</time><ele>19</ele><speed>14.65</speed></trkpt><trkpt lat="24.981345" lon="121.565991"><time>2026-10-02T06:56:52Z</time><ele>19</ele><speed>13.848</speed></trkpt><trkpt lat="24.981335" lon="121.566029"><time>2026-10-02T06:56:53Z</time><ele>18</ele><speed>13.713</speed></trkpt><trkpt lat="24.981325" lon="121.566066"><time>2026-10-02T06:56:54Z</time><ele>19</ele><speed>14.413</speed></trkpt><trkpt lat="24.981313" lon="121.566104"><time>2026-10-02T06:56:55Z</time><ele>19</ele><speed>15.07</speed></trkpt><trkpt lat="24.981301" lon="121.566142"><time>2026-10-02T06:56:56Z</time><ele>19</ele><speed>15.849</speed></trkpt><trkpt lat="24.98129" lon="121.566181"><time>2026-10-02T06:56:57Z</time><ele>19</ele><speed>16.21</speed></trkpt><trkpt lat="24.981279" lon="121.566222"><time>2026-10-02T06:56:58Z</time><ele>18</ele><speed>16.163</speed></trkpt><trkpt lat="24.981268" lon="121.566264"><time>2026-10-02T06:56:59Z</time><ele>18</ele><speed>16.131</speed></trkpt><trkpt lat="24.981258" lon="121.566307"><time>2026-10-02T06:57:00Z</time><ele>19</ele><speed>16.086</speed></trkpt><trkpt lat="24.981246" lon="121.56635"><time>2026-10-02T06:57:01Z</time><ele>18</ele><speed>16.293</speed></trkpt><trkpt lat="24.981234" lon="121.566393"><time>2026-10-02T06:57:02Z</time><ele>18</ele><speed>16.122</speed></trkpt><trkpt lat="24.981222" lon="121.566436"><time>2026-10-02T06:57:03Z</time><ele>19</ele><speed>16.219</speed></trkpt><trkpt lat="24.981207" lon="121.566479"><time>2026-10-02T06:57:04Z</time><ele>19</ele><speed>16.318</speed></trkpt><trkpt lat="24.981192" lon="121.566521"><time>2026-10-02T06:57:05Z</time><ele>20</ele><speed>15.988</speed></trkpt><trkpt lat="24.981178" lon="121.566564"><time>2026-10-02T06:57:06Z</time><ele>20</ele><speed>15.861</speed></trkpt><trkpt lat="24.981164" lon="121.566604"><time>2026-10-02T06:57:07Z</time><ele>21</ele><speed>14.799</speed></trkpt><trkpt lat="24.981151" lon="121.566645"><time>2026-10-02T06:57:08Z</time><ele>21</ele><speed>15.089</speed></trkpt><trkpt lat="24.981137" lon="121.566685"><time>2026-10-02T06:57:09Z</time><ele>19</ele><speed>15.468</speed></trkpt><trkpt lat="24.981122" lon="121.566726"><time>2026-10-02T06:57:10Z</time><ele>19</ele><speed>16.543</speed></trkpt><trkpt lat="24.981107" lon="121.566767"><time>2026-10-02T06:57:11Z</time><ele>19</ele><speed>16.388</speed></trkpt><trkpt lat="24.981091" lon="121.566807"><time>2026-10-02T06:57:12Z</time><ele>21</ele><speed>15.867</speed></trkpt><trkpt lat="24.981077" lon="121.566849"><time>2026-10-02T06:57:13Z</time><ele>19</ele><speed>14.949</speed></trkpt><trkpt lat="24.981061" lon="121.566889"><time>2026-10-02T06:57:14Z</time><ele>19</ele><speed>14.467</speed></trkpt><trkpt lat="24.981048" lon="121.566928"><time>2026-10-02T06:57:15Z</time><ele>18</ele><speed>14.6</speed></trkpt><trkpt lat="24.981037" lon="121.566968"><time>2026-10-02T06:57:16Z</time><ele>20</ele><speed>15.026</speed></trkpt><trkpt lat="24.981026" lon="121.567008"><time>2026-10-02T06:57:17Z</time><ele>19</ele><speed>15.81</speed></trkpt><trkpt lat="24.981017" lon="121.567048"><time>2026-10-02T06:57:18Z</time><ele>19</ele><speed>15.721</speed></trkpt><trkpt lat="24.981007" lon="121.56709"><time>2026-10-02T06:57:19Z</time><ele>18</ele><speed>16.244</speed></trkpt><trkpt lat="24.980997" lon="121.567133"><time>2026-10-02T06:57:20Z</time><ele>18</ele><speed>16.634</speed></trkpt><trkpt lat="24.980988" lon="121.567178"><time>2026-10-02T06:57:21Z</time><ele>18</ele><speed>16.559</speed></trkpt><trkpt lat="24.980981" lon="121.567222"><time>2026-10-02T06:57:22Z</time><ele>18</ele><speed>15.976</speed></trkpt><trkpt lat="24.980975" lon="121.567266"><time>2026-10-02T06:57:23Z</time><ele>19</ele><speed>14.994</speed></trkpt><trkpt lat="24.98097" lon="121.567308"><time>2026-10-02T06:57:24Z</time><ele>18</ele><speed>14.894</speed></trkpt><trkpt lat="24.980968" lon="121.567351"><time>2026-10-02T06:57:25Z</time><ele>18</ele><speed>15.571</speed></trkpt><trkpt lat="24.980966" lon="121.567394"><time>2026-10-02T06:57:26Z</time><ele>18</ele><speed>15.75</speed></trkpt><trkpt lat="24.980966" lon="121.567436"><time>2026-10-02T06:57:27Z</time><ele>18</ele><speed>15.824</speed></trkpt><trkpt lat="24.980966" lon="121.567479"><time>2026-10-02T06:57:28Z</time><ele>19</ele><speed>15.891</speed></trkpt><trkpt lat="24.980968" lon="121.567525"><time>2026-10-02T06:57:29Z</time><ele>19</ele><speed>16.699</speed></trkpt><trkpt lat="24.980975" lon="121.567571"><time>2026-10-02T06:57:30Z</time><ele>18</ele><speed>16.391</speed></trkpt><trkpt lat="24.980985" lon="121.567612"><time>2026-10-02T06:57:31Z</time><ele>19</ele><speed>14.608</speed></trkpt><trkpt lat="24.980999" lon="121.567653"><time>2026-10-02T06:57:32Z</time><ele>20</ele><speed>15.335</speed></trkpt><trkpt lat="24.981013" lon="121.567693"><time>2026-10-02T06:57:33Z</time><ele>20</ele><speed>15.169</speed></trkpt><trkpt lat="24.98103" lon="121.567731"><time>2026-10-02T06:57:34Z</time><ele>20</ele><speed>15.758</speed></trkpt><trkpt lat="24.981047" lon="121.567769"><time>2026-10-02T06:57:35Z</time><ele>19</ele><speed>16.413</speed></trkpt><trkpt lat="24.981064" lon="121.567805"><time>2026-10-02T06:57:36Z</time><ele>20</ele><speed>16.313</speed></trkpt><trkpt lat="24.981079" lon="121.567844"><time>2026-10-02T06:57:37Z</time><ele>21</ele><speed>15.666</speed></trkpt><trkpt lat="24.981094" lon="121.567883"><time>2026-10-02T06:57:38Z</time><ele>20</ele><speed>15.813</speed></trkpt><trkpt lat="24.981109" lon="121.567922"><time>2026-10-02T06:57:39Z</time><ele>20</ele><speed>15.711</speed></trkpt><trkpt lat="24.981123" lon="121.567962"><time>2026-10-02T06:57:40Z</time><ele>20</ele><speed>15.755</speed></trkpt><trkpt lat="24.981139" lon="121.568001"><time>2026-10-02T06:57:41Z</time><ele>20</ele><speed>15.303</speed></trkpt><trkpt lat="24.981154" lon="121.56804"><time>2026-10-02T06:57:42Z</time><ele>19</ele><speed>15.718</speed></trkpt><trkpt lat="24.98117" lon="121.568082"><time>2026-10-02T06:57:43Z</time><ele>20</ele><speed>16.063</speed></trkpt><trkpt lat="24.981187" lon="121.568122"><time>2026-10-02T06:57:44Z</time><ele>20</ele><speed>15.761</speed></trkpt><trkpt lat="24.981204" lon="121.568163"><time>2026-10-02T06:57:45Z</time><ele>20</ele><speed>15.947</speed></trkpt><trkpt lat="24.98122" lon="121.568202"><time>2026-10-02T06:57:46Z</time><ele>20</ele><speed>15.121</speed></trkpt><trkpt lat="24.981237" lon="121.568242"><time>2026-10-02T06:57:47Z</time><ele>20</ele><speed>14.809</speed></trkpt><trkpt lat="24.981253" lon="121.56828"><time>2026-10-02T06:57:48Z</time><ele>20</ele><speed>14.981</speed></trkpt><trkpt lat="24.981268" lon="121.568318"><time>2026-10-02T06:57:49Z</time><ele>20</ele><speed>15.381</speed></trkpt><trkpt lat="24.981284" lon="121.568356"><time>2026-10-02T06:57:50Z</time><ele>19</ele><speed>15.872</speed></trkpt><trkpt lat="24.981299" lon="121.568393"><time>2026-10-02T06:57:51Z</time><ele>21</ele><speed>15.007</speed></trkpt><trkpt lat="24.981314" lon="121.568431"><time>2026-10-02T06:57:52Z</time><ele>21</ele><speed>14.549</speed></trkpt><trkpt lat="24.981329" lon="121.568468"><time>2026-10-02T06:57:53Z</time><ele>21</ele><speed>13.874</speed></trkpt><trkpt lat="24.981343" lon="121.568504"><time>2026-10-02T06:57:54Z</time><ele>21</ele><speed>13.409</speed></trkpt><trkpt lat="24.981357" lon="121.568539"><time>2026-10-02T06:57:55Z</time><ele>21</ele><speed>12.358</speed></trkpt><trkpt lat="24.981369" lon="121.56857"><time>2026-10-02T06:57:56Z</time><ele>21</ele><speed>11.406</speed></trkpt><trkpt lat="24.981382" lon="121.568602"><time>2026-10-02T06:57:57Z</time><ele>21</ele><speed>11.793</speed></trkpt><trkpt lat="24.981393" lon="121.568633"><time>2026-10-02T06:57:58Z</time><ele>21</ele><speed>11.868</speed></trkpt><trkpt lat="24.981405" lon="121.568663"><time>2026-10-02T06:57:59Z</time><ele>21</ele><speed>12.438</speed></trkpt><trkpt lat="24.981418" lon="121.568694"><time>2026-10-02T06:58:00Z</time><ele>21</ele><speed>12.972</speed></trkpt><trkpt lat="24.98143" lon="121.568725"><time>2026-10-02T06:58:01Z</time><ele>21</ele><speed>12.829</speed></trkpt><trkpt lat="24.981443" lon="121.568759"><time>2026-10-02T06:58:02Z</time><ele>20</ele><speed>13.515</speed></trkpt><trkpt lat="24.981456" lon="121.568791"><time>2026-10-02T06:58:03Z</time><ele>21</ele><speed>13.142</speed></trkpt><trkpt lat="24.98147" lon="121.568824"><time>2026-10-02T06:58:04Z</time><ele>21</ele><speed>13.308</speed></trkpt><trkpt lat="24.981483" lon="121.568857"><time>2026-10-02T06:58:05Z</time><ele>21</ele><speed>13.02</speed></trkpt><trkpt lat="24.981497" lon="121.56889"><time>2026-10-02T06:58:06Z</time><ele>21</ele><speed>12.774</speed></trkpt><trkpt lat="24.98151" lon="121.568923"><time>2026-10-02T06:58:07Z</time><ele>21</ele><speed>12.552</speed></trkpt><trkpt lat="24.981523" lon="121.568956"><time>2026-10-02T06:58:08Z</time><ele>21</ele><speed>12.414</speed></trkpt><trkpt lat="24.981537" lon="121.568989"><time>2026-10-02T06:58:09Z</time><ele>21</ele><speed>12.905</speed></trkpt><trkpt lat="24.981551" lon="121.569022"><time>2026-10-02T06:58:10Z</time><ele>21</ele><speed>13.09</speed></trkpt><trkpt lat="24.981564" lon="121.569056"><time>2026-10-02T06:58:11Z</time><ele>21</ele><speed>13.733</speed></trkpt><trkpt lat="24.981577" lon="121.56909"><time>2026-10-02T06:58:12Z</time><ele>21</ele><speed>13.424</speed></trkpt><trkpt lat="24.981591" lon="121.569124"><time>2026-10-02T06:58:13Z</time><ele>20</ele><speed>13.554</speed></trkpt><trkpt lat="24.981605" lon="121.569158"><time>2026-10-02T06:58:14Z</time><ele>21</ele><speed>12.64</speed></trkpt><trkpt lat="24.981619" lon="121.569192"><time>2026-10-02T06:58:15Z</time><ele>22</ele><speed>12.164</speed></trkpt><trkpt lat="24.981632" lon="121.569225"><time>2026-10-02T06:58:16Z</time><ele>22</ele><speed>12.551</speed></trkpt><trkpt lat="24.981645" lon="121.569259"><time>2026-10-02T06:58:17Z</time><ele>21</ele><speed>13.593</speed></trkpt><trkpt lat="24.981659" lon="121.569293"><time>2026-10-02T06:58:18Z</time><ele>22</ele><speed>13.507</speed></trkpt><trkpt lat="24.981673" lon="121.569326"><time>2026-10-02T06:58:19Z</time><ele>22</ele><speed>12.793</speed></trkpt><trkpt lat="24.981686" lon="121.569359"><time>2026-10-02T06:58:20Z</time><ele>22</ele><speed>12.994</speed></trkpt><trkpt lat="24.981699" lon="121.569394"><time>2026-10-02T06:58:21Z</time><ele>22</ele><speed>13.121</speed></trkpt><trkpt lat="24.981712" lon="121.569428"><time>2026-10-02T06:58:22Z</time><ele>23</ele><speed>13.057</speed></trkpt><trkpt lat="24.981726" lon="121.569461"><time>2026-10-02T06:58:23Z</time><ele>23</ele><speed>13.358</speed></trkpt><trkpt lat="24.98174" lon="121.569495"><time>2026-10-02T06:58:24Z</time><ele>23</ele><speed>14.467</speed></trkpt><trkpt lat="24.981754" lon="121.56953"><time>2026-10-02T06:58:25Z</time><ele>23</ele><speed>13.658</speed></trkpt><trkpt lat="24.981768" lon="121.569565"><time>2026-10-02T06:58:26Z</time><ele>23</ele><speed>13.521</speed></trkpt><trkpt lat="24.981783" lon="121.5696"><time>2026-10-02T06:58:27Z</time><ele>23</ele><speed>14.252</speed></trkpt><trkpt lat="24.981799" lon="121.569635"><time>2026-10-02T06:58:28Z</time><ele>22</ele><speed>14.133</speed></trkpt><trkpt lat="24.981814" lon="121.56967"><time>2026-10-02T06:58:29Z</time><ele>23</ele><speed>12.749</speed></trkpt><trkpt lat="24.981828" lon="121.569702"><time>2026-10-02T06:58:30Z</time><ele>23</ele><speed>12.258</speed></trkpt><trkpt lat="24.981843" lon="121.569734"><time>2026-10-02T06:58:31Z</time><ele>22</ele><speed>11.869</speed></trkpt><trkpt lat="24.981858" lon="121.569766"><time>2026-10-02T06:58:32Z</time><ele>23</ele><speed>12.748</speed></trkpt><trkpt lat="24.981872" lon="121.569798"><time>2026-10-02T06:58:33Z</time><ele>23</ele><speed>13.808</speed></trkpt><trkpt lat="24.981887" lon="121.56983"><time>2026-10-02T06:58:34Z</time><ele>22</ele><speed>14.34</speed></trkpt><trkpt lat="24.981901" lon="121.569863"><time>2026-10-02T06:58:35Z</time><ele>22</ele><speed>13.874</speed></trkpt><trkpt lat="24.981916" lon="121.569897"><time>2026-10-02T06:58:36Z</time><ele>23</ele><speed>13.296</speed></trkpt><trkpt lat="24.98193" lon="121.569932"><time>2026-10-02T06:58:37Z</time><ele>22</ele><speed>13.578</speed></trkpt><trkpt lat="24.981945" lon="121.569965"><time>2026-10-02T06:58:38Z</time><ele>23</ele><speed>12.865</speed></trkpt><trkpt lat="24.981959" lon="121.569998"><time>2026-10-02T06:58:39Z</time><ele>23</ele><speed>13.668</speed></trkpt><trkpt lat="24.981973" lon="121.57003"><time>2026-10-02T06:58:40Z</time><ele>23</ele><speed>13.345</speed></trkpt><trkpt lat="24.981987" lon="121.570063"><time>2026-10-02T06:58:41Z</time><ele>23</ele><speed>13.795</speed></trkpt><trkpt lat="24.982003" lon="121.570097"><time>2026-10-02T06:58:42Z</time><ele>23</ele><speed>13.698</speed></trkpt><trkpt lat="24.982018" lon="121.57013"><time>2026-10-02T06:58:43Z</time><ele>24</ele><speed>13.119</speed></trkpt><trkpt lat="24.982032" lon="121.570164"><time>2026-10-02T06:58:44Z</time><ele>23</ele><speed>13.364</speed></trkpt><trkpt lat="24.982047" lon="121.570197"><time>2026-10-02T06:58:45Z</time><ele>23</ele><speed>12.847</speed></trkpt><trkpt lat="24.982061" lon="121.57023"><time>2026-10-02T06:58:46Z</time><ele>23</ele><speed>13.038</speed></trkpt><trkpt lat="24.982074" lon="121.570263"><time>2026-10-02T06:58:47Z</time><ele>23</ele><speed>12.903</speed></trkpt><trkpt lat="24.982087" lon="121.570296"><time>2026-10-02T06:58:48Z</time><ele>22</ele><speed>13.444</speed></trkpt><trkpt lat="24.982101" lon="121.57033"><time>2026-10-02T06:58:49Z</time><ele>22</ele><speed>13.185</speed></trkpt><trkpt lat="24.982114" lon="121.570363"><time>2026-10-02T06:58:50Z</time><ele>22</ele><speed>13.084</speed></trkpt><trkpt lat="24.982126" lon="121.570397"><time>2026-10-02T06:58:51Z</time><ele>23</ele><speed>12.584</speed></trkpt><trkpt lat="24.982139" lon="121.570431"><time>2026-10-02T06:58:52Z</time><ele>22</ele><speed>13.123</speed></trkpt><trkpt lat="24.982151" lon="121.570464"><time>2026-10-02T06:58:53Z</time><ele>22</ele><speed>12.61</speed></trkpt><trkpt lat="24.982164" lon="121.570496"><time>2026-10-02T06:58:54Z</time><ele>23</ele><speed>12.627</speed></trkpt><trkpt lat="24.982176" lon="121.570528"><time>2026-10-02T06:58:55Z</time><ele>23</ele><speed>12.808</speed></trkpt><trkpt lat="24.98219" lon="121.570561"><time>2026-10-02T06:58:56Z</time><ele>22</ele><speed>13.557</speed></trkpt><trkpt lat="24.982204" lon="121.570593"><time>2026-10-02T06:58:57Z</time><ele>22</ele><speed>12.673</speed></trkpt><trkpt lat="24.982219" lon="121.570623"><time>2026-10-02T06:58:58Z</time><ele>23</ele><speed>11.946</speed></trkpt><trkpt lat="24.982235" lon="121.570653"><time>2026-10-02T06:58:59Z</time><ele>23</ele><speed>12.227</speed></trkpt><trkpt lat="24.98225" lon="121.570684"><time>2026-10-02T06:59:00Z</time><ele>22</ele><speed>12.506</speed></trkpt><trkpt lat="24.982267" lon="121.570714"><time>2026-10-02T06:59:01Z</time><ele>23</ele><speed>12.726</speed></trkpt><trkpt lat="24.982284" lon="121.570742"><time>2026-10-02T06:59:02Z</time><ele>23</ele><speed>12.86</speed></trkpt><trkpt lat="24.982301" lon="121.57077"><time>2026-10-02T06:59:03Z</time><ele>23</ele><speed>12.749</speed></trkpt><trkpt lat="24.98232" lon="121.570799"><time>2026-10-02T06:59:04Z</time><ele>23</ele><speed>12.72</speed></trkpt><trkpt lat="24.982339" lon="121.570826"><time>2026-10-02T06:59:05Z</time><ele>22</ele><speed>12.714</speed></trkpt><trkpt lat="24.98236" lon="121.570852"><time>2026-10-02T06:59:06Z</time><ele>22</ele><speed>12.235</speed></trkpt><trkpt lat="24.982381" lon="121.570877"><time>2026-10-02T06:59:07Z</time><ele>24</ele><speed>11.868</speed></trkpt><trkpt lat="24.982403" lon="121.570902"><time>2026-10-02T06:59:08Z</time><ele>23</ele><speed>12.247</speed></trkpt><trkpt lat="24.982424" lon="121.570927"><time>2026-10-02T06:59:09Z</time><ele>23</ele><speed>12.142</speed></trkpt><trkpt lat="24.982446" lon="121.570952"><time>2026-10-02T06:59:10Z</time><ele>23</ele><speed>12.575</speed></trkpt><trkpt lat="24.982469" lon="121.570976"><time>2026-10-02T06:59:11Z</time><ele>23</ele><speed>12.419</speed></trkpt><trkpt lat="24.982493" lon="121.570999"><time>2026-10-02T06:59:12Z</time><ele>22</ele><speed>12.202</speed></trkpt><trkpt lat="24.982517" lon="121.571023"><time>2026-10-02T06:59:13Z</time><ele>22</ele><speed>12.108</speed></trkpt><trkpt lat="24.982541" lon="121.571045"><time>2026-10-02T06:59:14Z</time><ele>22</ele><speed>12.452</speed></trkpt><trkpt lat="24.982566" lon="121.571068"><time>2026-10-02T06:59:15Z</time><ele>22</ele><speed>12.493</speed></trkpt><trkpt lat="24.98259" lon="121.57109"><time>2026-10-02T06:59:16Z</time><ele>22</ele><speed>12.366</speed></trkpt><trkpt lat="24.982615" lon="121.571112"><time>2026-10-02T06:59:17Z</time><ele>21</ele><speed>13.058</speed></trkpt><trkpt lat="24.982642" lon="121.571133"><time>2026-10-02T06:59:18Z</time><ele>22</ele><speed>13.503</speed></trkpt><trkpt lat="24.982669" lon="121.571153"><time>2026-10-02T06:59:19Z</time><ele>22</ele><speed>13.265</speed></trkpt><trkpt lat="24.982697" lon="121.571171"><time>2026-10-02T06:59:20Z</time><ele>22</ele><speed>12.773</speed></trkpt><trkpt lat="24.982727" lon="121.571186"><time>2026-10-02T06:59:21Z</time><ele>22</ele><speed>12.724</speed></trkpt><trkpt lat="24.982759" lon="121.571199"><time>2026-10-02T06:59:22Z</time><ele>23</ele><speed>13.188</speed></trkpt><trkpt lat="24.98279" lon="121.571209"><time>2026-10-02T06:59:23Z</time><ele>23</ele><speed>13.338</speed></trkpt><trkpt lat="24.982821" lon="121.571217"><time>2026-10-02T06:59:24Z</time><ele>23</ele><speed>13.178</speed></trkpt><trkpt lat="24.982853" lon="121.571222"><time>2026-10-02T06:59:25Z</time><ele>22</ele><speed>13.183</speed></trkpt><trkpt lat="24.982885" lon="121.571226"><time>2026-10-02T06:59:26Z</time><ele>23</ele><speed>13.264</speed></trkpt><trkpt lat="24.982917" lon="121.571229"><time>2026-10-02T06:59:27Z</time><ele>23</ele><speed>12.972</speed></trkpt><trkpt lat="24.982948" lon="121.571232"><time>2026-10-02T06:59:28Z</time><ele>22</ele><speed>12.216</speed></trkpt><trkpt lat="24.982978" lon="121.571235"><time>2026-10-02T06:59:29Z</time><ele>21</ele><speed>11.645</speed></trkpt><trkpt lat="24.983008" lon="121.571238"><time>2026-10-02T06:59:30Z</time><ele>23</ele><speed>11.432</speed></trkpt><trkpt lat="24.983037" lon="121.57124"><time>2026-10-02T06:59:31Z</time><ele>22</ele><speed>11.592</speed></trkpt><trkpt lat="24.983065" lon="121.571242"><time>2026-10-02T06:59:32Z</time><ele>23</ele><speed>11.685</speed></trkpt><trkpt lat="24.983093" lon="121.571245"><time>2026-10-02T06:59:33Z</time><ele>23</ele><speed>11.463</speed></trkpt><trkpt lat="24.98312" lon="121.571247"><time>2026-10-02T06:59:34Z</time><ele>23</ele><speed>10.951</speed></trkpt><trkpt lat="24.983147" lon="121.57125"><time>2026-10-02T06:59:35Z</time><ele>24</ele><speed>10.275</speed></trkpt><trkpt lat="24.983173" lon="121.571254"><time>2026-10-02T06:59:36Z</time><ele>22</ele><speed>9.47</speed></trkpt><trkpt lat="24.983198" lon="121.571259"><time>2026-10-02T06:59:37Z</time><ele>24</ele><speed>8.895</speed></trkpt><trkpt lat="24.983222" lon="121.571264"><time>2026-10-02T06:59:38Z</time><ele>24</ele><speed>9.576</speed></trkpt><trkpt lat="24.983245" lon="121.571268"><time>2026-10-02T06:59:39Z</time><ele>25</ele><speed>10.402</speed></trkpt><trkpt lat="24.98327" lon="121.571272"><time>2026-10-02T06:59:40Z</time><ele>25</ele><speed>11.124</speed></trkpt><trkpt lat="24.983296" lon="121.571276"><time>2026-10-02T06:59:41Z</time><ele>25</ele><speed>11.413</speed></trkpt><trkpt lat="24.983322" lon="121.57128"><time>2026-10-02T06:59:42Z</time><ele>26</ele><speed>11.258</speed></trkpt><trkpt lat="24.983349" lon="121.571285"><time>2026-10-02T06:59:43Z</time><ele>25</ele><speed>11.526</speed></trkpt><trkpt lat="24.983377" lon="121.571291"><time>2026-10-02T06:59:44Z</time><ele>25</ele><speed>11.458</speed></trkpt><trkpt lat="24.983404" lon="121.571298"><time>2026-10-02T06:59:45Z</time><ele>24</ele><speed>11.598</speed></trkpt><trkpt lat="24.983432" lon="121.571306"><time>2026-10-02T06:59:46Z</time><ele>24</ele><speed>11.912</speed></trkpt><trkpt lat="24.98346" lon="121.571313"><time>2026-10-02T06:59:47Z</time><ele>24</ele><speed>12.211</speed></trkpt><trkpt lat="24.983488" lon="121.571321"><time>2026-10-02T06:59:48Z</time><ele>24</ele><speed>11.885</speed></trkpt><trkpt lat="24.983516" lon="121.571328"><time>2026-10-02T06:59:49Z</time><ele>24</ele><speed>11.861</speed></trkpt><trkpt lat="24.983544" lon="121.571335"><time>2026-10-02T06:59:50Z</time><ele>24</ele><speed>11.789</speed></trkpt><trkpt lat="24.983573" lon="121.571341"><time>2026-10-02T06:59:51Z</time><ele>21</ele><speed>11.351</speed></trkpt><trkpt lat="24.983601" lon="121.571347"><time>2026-10-02T06:59:52Z</time><ele>23</ele><speed>11.376</speed></trkpt><trkpt lat="24.983629" lon="121.571351"><time>2026-10-02T06:59:53Z</time><ele>24</ele><speed>11.605</speed></trkpt><trkpt lat="24.983658" lon="121.571355"><time>2026-10-02T06:59:54Z</time><ele>22</ele><speed>12.075</speed></trkpt><trkpt lat="24.983687" lon="121.571358"><time>2026-10-02T06:59:55Z</time><ele>22</ele><speed>12.337</speed></trkpt><trkpt lat="24.983716" lon="121.57136"><time>2026-10-02T06:59:56Z</time><ele>23</ele><speed>12.251</speed></trkpt><trkpt lat="24.983746" lon="121.571361"><time>2026-10-02T06:59:57Z</time><ele>23</ele><speed>12.464</speed></trkpt><trkpt lat="24.983776" lon="121.571363"><time>2026-10-02T06:59:58Z</time><ele>23</ele><speed>12.699</speed></trkpt><trkpt lat="24.983805" lon="121.571365"><time>2026-10-02T06:59:59Z</time><ele>22</ele><speed>12.709</speed></trkpt><trkpt lat="24.983835" lon="121.571367"><time>2026-10-02T07:00:00Z</time><ele>23</ele><speed>12.032</speed></trkpt><trkpt lat="24.983863" lon="121.571367"><time>2026-10-02T07:00:01Z</time><ele>23</ele><speed>11.444</speed></trkpt><trkpt lat="24.983892" lon="121.571368"><time>2026-10-02T07:00:02Z</time><ele>22</ele><speed>11.245</speed></trkpt><trkpt lat="24.98392" lon="121.571368"><time>2026-10-02T07:00:03Z</time><ele>23</ele><speed>11.336</speed></trkpt><trkpt lat="24.983947" lon="121.571367"><time>2026-10-02T07:00:04Z</time><ele>22</ele><speed>11.444</speed></trkpt><trkpt lat="24.983974" lon="121.571367"><time>2026-10-02T07:00:05Z</time><ele>22</ele><speed>10.542</speed></trkpt><trkpt lat="24.983999" lon="121.571367"><time>2026-10-02T07:00:06Z</time><ele>22</ele><speed>10.498</speed></trkpt><trkpt lat="24.984026" lon="121.571368"><time>2026-10-02T07:00:07Z</time><ele>22</ele><speed>11.325</speed></trkpt><trkpt lat="24.984053" lon="121.571369"><time>2026-10-02T07:00:08Z</time><ele>23</ele><speed>11.336</speed></trkpt><trkpt lat="24.98408" lon="121.571369"><time>2026-10-02T07:00:09Z</time><ele>22</ele><speed>11.573</speed></trkpt><trkpt lat="24.984107" lon="121.571369"><time>2026-10-02T07:00:10Z</time><ele>22</ele><speed>11.364</speed></trkpt><trkpt lat="24.984136" lon="121.571368"><time>2026-10-02T07:00:11Z</time><ele>22</ele><speed>11.555</speed></trkpt><trkpt lat="24.984165" lon="121.571367"><time>2026-10-02T07:00:12Z</time><ele>22</ele><speed>12.353</speed></trkpt><trkpt lat="24.984195" lon="121.571366"><time>2026-10-02T07:00:13Z</time><ele>22</ele><speed>12.157</speed></trkpt><trkpt lat="24.984224" lon="121.571365"><time>2026-10-02T07:00:14Z</time><ele>23</ele><speed>11.34</speed></trkpt><trkpt lat="24.984254" lon="121.571366"><time>2026-10-02T07:00:15Z</time><ele>22</ele><speed>11.461</speed></trkpt><trkpt lat="24.984284" lon="121.571368"><time>2026-10-02T07:00:16Z</time><ele>22</ele><speed>11.417</speed></trkpt><trkpt lat="24.984312" lon="121.571371"><time>2026-10-02T07:00:17Z</time><ele>22</ele><speed>10.361</speed></trkpt><trkpt lat="24.984339" lon="121.571375"><time>2026-10-02T07:00:18Z</time><ele>22</ele><speed>10.04</speed></trkpt><trkpt lat="24.984364" lon="121.571378"><time>2026-10-02T07:00:19Z</time><ele>22</ele><speed>9.463</speed></trkpt><trkpt lat="24.984389" lon="121.571381"><time>2026-10-02T07:00:20Z</time><ele>23</ele><speed>9.303</speed></trkpt><trkpt lat="24.984413" lon="121.571385"><time>2026-10-02T07:00:21Z</time><ele>23</ele><speed>9.559</speed></trkpt><trkpt lat="24.984436" lon="121.571389"><time>2026-10-02T07:00:22Z</time><ele>22</ele><speed>10.084</speed></trkpt><trkpt lat="24.984461" lon="121.571392"><time>2026-10-02T07:00:23Z</time><ele>22</ele><speed>11.605</speed></trkpt><trkpt lat="24.984488" lon="121.571393"><time>2026-10-02T07:00:24Z</time><ele>21</ele><speed>11.422</speed></trkpt><trkpt lat="24.984514" lon="121.571395"><time>2026-10-02T07:00:25Z</time><ele>22</ele><speed>10.775</speed></trkpt><trkpt lat="24.984541" lon="121.571398"><time>2026-10-02T07:00:26Z</time><ele>21</ele><speed>10.926</speed></trkpt><trkpt lat="24.984567" lon="121.571398"><time>2026-10-02T07:00:27Z</time><ele>22</ele><speed>10.723</speed></trkpt><trkpt lat="24.984594" lon="121.5714"><time>2026-10-02T07:00:28Z</time><ele>23</ele><speed>10.605</speed></trkpt><trkpt lat="24.984621" lon="121.571402"><time>2026-10-02T07:00:29Z</time><ele>22</ele><speed>11.1</speed></trkpt><trkpt lat="24.984647" lon="121.571405"><time>2026-10-02T07:00:30Z</time><ele>22</ele><speed>11.116</speed></trkpt><trkpt lat="24.984675" lon="121.571408"><time>2026-10-02T07:00:31Z</time><ele>21</ele><speed>11.441</speed></trkpt><trkpt lat="24.984702" lon="121.571412"><time>2026-10-02T07:00:32Z</time><ele>22</ele><speed>11.131</speed></trkpt><trkpt lat="24.984732" lon="121.571417"><time>2026-10-02T07:00:33Z</time><ele>20</ele><speed>12.674</speed></trkpt><trkpt lat="24.984762" lon="121.571422"><time>2026-10-02T07:00:34Z</time><ele>22</ele><speed>11.679</speed></trkpt><trkpt lat="24.984791" lon="121.571428"><time>2026-10-02T07:00:35Z</time><ele>22</ele><speed>11.356</speed></trkpt><trkpt lat="24.984819" lon="121.571433"><time>2026-10-02T07:00:36Z</time><ele>21</ele><speed>11.245</speed></trkpt><trkpt lat="24.984847" lon="121.571439"><time>2026-10-02T07:00:37Z</time><ele>22</ele><speed>10.492</speed></trkpt><trkpt lat="24.984875" lon="121.571446"><time>2026-10-02T07:00:38Z</time><ele>22</ele><speed>11.0</speed></trkpt><trkpt lat="24.984902" lon="121.571453"><time>2026-10-02T07:00:39Z</time><ele>22</ele><speed>12.058</speed></trkpt><trkpt lat="24.984929" lon="121.57146"><time>2026-10-02T07:00:40Z</time><ele>23</ele><speed>11.682</speed></trkpt><trkpt lat="24.984957" lon="121.571467"><time>2026-10-02T07:00:41Z</time><ele>23</ele><speed>11.888</speed></trkpt><trkpt lat="24.984986" lon="121.571476"><time>2026-10-02T07:00:42Z</time><ele>23</ele><speed>12.446</speed></trkpt><trkpt lat="24.985017" lon="121.571483"><time>2026-10-02T07:00:43Z</time><ele>23</ele><speed>12.351</speed></trkpt><trkpt lat="24.985048" lon="121.571491"><time>2026-10-02T07:00:44Z</time><ele>23</ele><speed>12.42</speed></trkpt><trkpt lat="24.985079" lon="121.571498"><time>2026-10-02T07:00:45Z</time><ele>22</ele><speed>12.618</speed></trkpt><trkpt lat="24.985112" lon="121.571506"><time>2026-10-02T07:00:46Z</time><ele>23</ele><speed>13.548</speed></trkpt><trkpt lat="24.985146" lon="121.571513"><time>2026-10-02T07:00:47Z</time><ele>22</ele><speed>14.379</speed></trkpt><trkpt lat="24.985179" lon="121.571521"><time>2026-10-02T07:00:48Z</time><ele>22</ele><speed>13.975</speed></trkpt><trkpt lat="24.985213" lon="121.57153"><time>2026-10-02T07:00:49Z</time><ele>22</ele><speed>13.948</speed></trkpt><trkpt lat="24.985247" lon="121.571538"><time>2026-10-02T07:00:50Z</time><ele>20</ele><speed>14.389</speed></trkpt><trkpt lat="24.985281" lon="121.571547"><time>2026-10-02T07:00:51Z</time><ele>22</ele><speed>13.923</speed></trkpt><trkpt lat="24.985315" lon="121.571557"><time>2026-10-02T07:00:52Z</time><ele>22</ele><speed>14.704</speed></trkpt><trkpt lat="24.985349" lon="121.571569"><time>2026-10-02T07:00:53Z</time><ele>20</ele><speed>15.698</speed></trkpt><trkpt lat="24.985385" lon="121.571583"><time>2026-10-02T07:00:54Z</time><ele>17</ele><speed>16.456</speed></trkpt><trkpt lat="24.985419" lon="121.571599"><time>2026-10-02T07:00:55Z</time><ele>23</ele><speed>15.402</speed></trkpt><trkpt lat="24.985453" lon="121.571617"><time>2026-10-02T07:00:56Z</time><ele>23</ele><speed>15.254</speed></trkpt><trkpt lat="24.985488" lon="121.571637"><time>2026-10-02T07:00:57Z</time><ele>22</ele><speed>15.868</speed></trkpt><trkpt lat="24.985524" lon="121.571657"><time>2026-10-02T07:00:58Z</time><ele>20</ele><speed>16.861</speed></trkpt><trkpt lat="24.985559" lon="121.571678"><time>2026-10-02T07:00:59Z</time><ele>22</ele><speed>16.854</speed></trkpt><trkpt lat="24.985595" lon="121.571699"><time>2026-10-02T07:01:00Z</time><ele>19</ele><speed>17.559</speed></trkpt><trkpt lat="24.985633" lon="121.571717"><time>2026-10-02T07:01:01Z</time><ele>20</ele><speed>17.474</speed></trkpt><trkpt lat="24.985672" lon="121.571735"><time>2026-10-02T07:01:02Z</time><ele>19</ele><speed>17.189</speed></trkpt><trkpt lat="24.985711" lon="121.571755"><time>2026-10-02T07:01:03Z</time><ele>19</ele><speed>16.071</speed></trkpt><trkpt lat="24.985748" lon="121.571775"><time>2026-10-02T07:01:04Z</time><ele>21</ele><speed>15.381</speed></trkpt><trkpt lat="24.985786" lon="121.571792"><time>2026-10-02T07:01:05Z</time><ele>21</ele><speed>14.756</speed></trkpt><trkpt lat="24.985821" lon="121.571809"><time>2026-10-02T07:01:06Z</time><ele>21</ele><speed>14.337</speed></trkpt><trkpt lat="24.985856" lon="121.571826"><time>2026-10-02T07:01:07Z</time><ele>21</ele><speed>15.104</speed></trkpt><trkpt lat="24.98589" lon="121.571842"><time>2026-10-02T07:01:08Z</time><ele>21</ele><speed>14.739</speed></trkpt><trkpt lat="24.985924" lon="121.571859"><time>2026-10-02T07:01:09Z</time><ele>20</ele><speed>15.132</speed></trkpt><trkpt lat="24.985958" lon="121.571875"><time>2026-10-02T07:01:10Z</time><ele>20</ele><speed>16.049</speed></trkpt><trkpt lat="24.985994" lon="121.571891"><time>2026-10-02T07:01:11Z</time><ele>20</ele><speed>16.245</speed></trkpt><trkpt lat="24.98603" lon="121.571909"><time>2026-10-02T07:01:12Z</time><ele>20</ele><speed>16.29</speed></trkpt><trkpt lat="24.986067" lon="121.571927"><time>2026-10-02T07:01:13Z</time><ele>21</ele><speed>16.064</speed></trkpt><trkpt lat="24.986104" lon="121.571945"><time>2026-10-02T07:01:14Z</time><ele>23</ele><speed>15.635</speed></trkpt><trkpt lat="24.986142" lon="121.571961"><time>2026-10-02T07:01:15Z</time><ele>22</ele><speed>15.695</speed></trkpt><trkpt lat="24.98618" lon="121.571976"><time>2026-10-02T07:01:16Z</time><ele>22</ele><speed>14.992</speed></trkpt><trkpt lat="24.986217" lon="121.571989"><time>2026-10-02T07:01:17Z</time><ele>23</ele><speed>14.726</speed></trkpt><trkpt lat="24.986254" lon="121.571999"><time>2026-10-02T07:01:18Z</time><ele>23</ele><speed>14.855</speed></trkpt><trkpt lat="24.986291" lon="121.572007"><time>2026-10-02T07:01:19Z</time><ele>22</ele><speed>15.155</speed></trkpt><trkpt lat="24.986328" lon="121.572013"><time>2026-10-02T07:01:20Z</time><ele>22</ele><speed>15.279</speed></trkpt><trkpt lat="24.986365" lon="121.572018"><time>2026-10-02T07:01:21Z</time><ele>22</ele><speed>15.219</speed></trkpt><trkpt lat="24.986403" lon="121.572022"><time>2026-10-02T07:01:22Z</time><ele>22</ele><speed>14.879</speed></trkpt><trkpt lat="24.986441" lon="121.572026"><time>2026-10-02T07:01:23Z</time><ele>21</ele><speed>15.24</speed></trkpt><trkpt lat="24.986477" lon="121.572031"><time>2026-10-02T07:01:24Z</time><ele>21</ele><speed>14.11</speed></trkpt><trkpt lat="24.986513" lon="121.572037"><time>2026-10-02T07:01:25Z</time><ele>21</ele><speed>14.2</speed></trkpt><trkpt lat="24.98655" lon="121.572043"><time>2026-10-02T07:01:26Z</time><ele>21</ele><speed>14.746</speed></trkpt><trkpt lat="24.986585" lon="121.572047"><time>2026-10-02T07:01:27Z</time><ele>21</ele><speed>14.53</speed></trkpt><trkpt lat="24.986621" lon="121.572053"><time>2026-10-02T07:01:28Z</time><ele>20</ele><speed>14.522</speed></trkpt><trkpt lat="24.986656" lon="121.572058"><time>2026-10-02T07:01:29Z</time><ele>20</ele><speed>14.177</speed></trkpt><trkpt lat="24.986691" lon="121.572061"><time>2026-10-02T07:01:30Z</time><ele>21</ele><speed>14.288</speed></trkpt><trkpt lat="24.986727" lon="121.572065"><time>2026-10-02T07:01:31Z</time><ele>21</ele><speed>14.408</speed></trkpt><trkpt lat="24.986762" lon="121.572067"><time>2026-10-02T07:01:32Z</time><ele>20</ele><speed>14.546</speed></trkpt><trkpt lat="24.986798" lon="121.572069"><time>2026-10-02T07:01:33Z</time><ele>20</ele><speed>15.108</speed></trkpt><trkpt lat="24.986835" lon="121.572072"><time>2026-10-02T07:01:34Z</time><ele>21</ele><speed>15.063</speed></trkpt><trkpt lat="24.986873" lon="121.572074"><time>2026-10-02T07:01:35Z</time><ele>20</ele><speed>15.791</speed></trkpt><trkpt lat="24.986912" lon="121.572076"><time>2026-10-02T07:01:36Z</time><ele>20</ele><speed>15.994</speed></trkpt><trkpt lat="24.986951" lon="121.572077"><time>2026-10-02T07:01:37Z</time><ele>20</ele><speed>16.14</speed></trkpt><trkpt lat="24.986992" lon="121.57208"><time>2026-10-02T07:01:38Z</time><ele>20</ele><speed>16.005</speed></trkpt><trkpt lat="24.987033" lon="121.572083"><time>2026-10-02T07:01:39Z</time><ele>18</ele><speed>16.299</speed></trkpt><trkpt lat="24.987073" lon="121.572086"><time>2026-10-02T07:01:40Z</time><ele>20</ele><speed>14.951</speed></trkpt><trkpt lat="24.987112" lon="121.572089"><time>2026-10-02T07:01:41Z</time><ele>21</ele><speed>14.534</speed></trkpt><trkpt lat="24.98715" lon="121.572092"><time>2026-10-02T07:01:42Z</time><ele>21</ele><speed>14.7</speed></trkpt><trkpt lat="24.987189" lon="121.572095"><time>2026-10-02T07:01:43Z</time><ele>20</ele><speed>15.7</speed></trkpt><trkpt lat="24.987228" lon="121.572098"><time>2026-10-02T07:01:44Z</time><ele>20</ele><speed>16.623</speed></trkpt><trkpt lat="24.987268" lon="121.572099"><time>2026-10-02T07:01:45Z</time><ele>20</ele><speed>17.76</speed></trkpt><trkpt lat="24.987311" lon="121.572099"><time>2026-10-02T07:01:46Z</time><ele>19</ele><speed>18.595</speed></trkpt><trkpt lat="24.987354" lon="121.572098"><time>2026-10-02T07:01:47Z</time><ele>19</ele><speed>18.689</speed></trkpt><trkpt lat="24.9874" lon="121.572098"><time>2026-10-02T07:01:48Z</time><ele>19</ele><speed>18.618</speed></trkpt><trkpt lat="24.987446" lon="121.572096"><time>2026-10-02T07:01:49Z</time><ele>19</ele><speed>18.289</speed></trkpt><trkpt lat="24.987492" lon="121.572091"><time>2026-10-02T07:01:50Z</time><ele>18</ele><speed>18.677</speed></trkpt><trkpt lat="24.987537" lon="121.572084"><time>2026-10-02T07:01:51Z</time><ele>18</ele><speed>17.888</speed></trkpt><trkpt lat="24.987579" lon="121.572075"><time>2026-10-02T07:01:52Z</time><ele>20</ele><speed>15.228</speed></trkpt><trkpt lat="24.98762" lon="121.572063"><time>2026-10-02T07:01:53Z</time><ele>19</ele><speed>15.618</speed></trkpt><trkpt lat="24.987659" lon="121.572047"><time>2026-10-02T07:01:54Z</time><ele>18</ele><speed>16.417</speed></trkpt><trkpt lat="24.987697" lon="121.572031"><time>2026-10-02T07:01:55Z</time><ele>18</ele><speed>16.395</speed></trkpt><trkpt lat="24.987734" lon="121.572014"><time>2026-10-02T07:01:56Z</time><ele>17</ele><speed>16.1</speed></trkpt><trkpt lat="24.987768" lon="121.571998"><time>2026-10-02T07:01:57Z</time><ele>20</ele><speed>14.577</speed></trkpt><trkpt lat="24.987805" lon="121.571979"><time>2026-10-02T07:01:58Z</time><ele>19</ele><speed>15.644</speed></trkpt><trkpt lat="24.98784" lon="121.57196"><time>2026-10-02T07:01:59Z</time><ele>18</ele><speed>15.503</speed></trkpt><trkpt lat="24.987874" lon="121.57194"><time>2026-10-02T07:02:00Z</time><ele>18</ele><speed>15.102</speed></trkpt><trkpt lat="24.987907" lon="121.57192"><time>2026-10-02T07:02:01Z</time><ele>16</ele><speed>15.543</speed></trkpt><trkpt lat="24.987939" lon="121.571899"><time>2026-10-02T07:02:02Z</time><ele>17</ele><speed>14.376</speed></trkpt><trkpt lat="24.98797" lon="121.571877"><time>2026-10-02T07:02:03Z</time><ele>18</ele><speed>14.004</speed></trkpt><trkpt lat="24.988" lon="121.571855"><time>2026-10-02T07:02:04Z</time><ele>17</ele><speed>14.468</speed></trkpt><trkpt lat="24.988028" lon="121.571831"><time>2026-10-02T07:02:05Z</time><ele>18</ele><speed>13.145</speed></trkpt><trkpt lat="24.988056" lon="121.57181"><time>2026-10-02T07:02:06Z</time><ele>18</ele><speed>13.294</speed></trkpt><trkpt lat="24.988084" lon="121.571787"><time>2026-10-02T07:02:07Z</time><ele>16</ele><speed>14.002</speed></trkpt><trkpt lat="24.988111" lon="121.571766"><time>2026-10-02T07:02:08Z</time><ele>19</ele><speed>11.104</speed></trkpt><trkpt lat="24.988135" lon="121.571747"><time>2026-10-02T07:02:09Z</time><ele>20</ele><speed>9.96</speed></trkpt><trkpt lat="24.98816" lon="121.571727"><time>2026-10-02T07:02:10Z</time><ele>18</ele><speed>11.79</speed></trkpt><trkpt lat="24.988186" lon="121.57171"><time>2026-10-02T07:02:11Z</time><ele>19</ele><speed>11.647</speed></trkpt><trkpt lat="24.988211" lon="121.57169"><time>2026-10-02T07:02:12Z</time><ele>19</ele><speed>12.305</speed></trkpt><trkpt lat="24.988236" lon="121.571669"><time>2026-10-02T07:02:13Z</time><ele>16</ele><speed>15.209</speed></trkpt><trkpt lat="24.988263" lon="121.571648"><time>2026-10-02T07:02:14Z</time><ele>18</ele><speed>13.855</speed></trkpt><trkpt lat="24.988291" lon="121.571627"><time>2026-10-02T07:02:15Z</time><ele>18</ele><speed>11.938</speed></trkpt><trkpt lat="24.988316" lon="121.571606"><time>2026-10-02T07:02:16Z</time><ele>18</ele><speed>11.169</speed></trkpt><trkpt lat="24.988342" lon="121.571584"><time>2026-10-02T07:02:17Z</time><ele>18</ele><speed>12.203</speed></trkpt><trkpt lat="24.988368" lon="121.571562"><time>2026-10-02T07:02:18Z</time><ele>18</ele><speed>12.694</speed></trkpt><trkpt lat="24.988392" lon="121.571543"><time>2026-10-02T07:02:19Z</time><ele>19</ele><speed>12.362</speed></trkpt><trkpt lat="24.988415" lon="121.571521"><time>2026-10-02T07:02:20Z</time><ele>19</ele><speed>12.744</speed></trkpt><trkpt lat="24.98844" lon="121.571499"><time>2026-10-02T07:02:21Z</time><ele>18</ele><speed>13.085</speed></trkpt><trkpt lat="24.988465" lon="121.571476"><time>2026-10-02T07:02:22Z</time><ele>18</ele><speed>12.953</speed></trkpt><trkpt lat="24.988491" lon="121.571453"><time>2026-10-02T07:02:23Z</time><ele>18</ele><speed>13.596</speed></trkpt><trkpt lat="24.988518" lon="121.57143"><time>2026-10-02T07:02:24Z</time><ele>17</ele><speed>14.659</speed></trkpt><trkpt lat="24.988546" lon="121.571407"><time>2026-10-02T07:02:25Z</time><ele>18</ele><speed>13.464</speed></trkpt><trkpt lat="24.988575" lon="121.571385"><time>2026-10-02T07:02:26Z</time><ele>17</ele><speed>13.339</speed></trkpt><trkpt lat="24.988605" lon="121.571366"><time>2026-10-02T07:02:27Z</time><ele>18</ele><speed>12.921</speed></trkpt><trkpt lat="24.988635" lon="121.571349"><time>2026-10-02T07:02:28Z</time><ele>19</ele><speed>13.004</speed></trkpt><trkpt lat="24.988666" lon="121.571333"><time>2026-10-02T07:02:29Z</time><ele>18</ele><speed>13.724</speed></trkpt><trkpt lat="24.988697" lon="121.571319"><time>2026-10-02T07:02:30Z</time><ele>17</ele><speed>14.044</speed></trkpt><trkpt lat="24.988728" lon="121.571307"><time>2026-10-02T07:02:31Z</time><ele>19</ele><speed>13.196</speed></trkpt><trkpt lat="24.98876" lon="121.571295"><time>2026-10-02T07:02:32Z</time><ele>18</ele><speed>13.722</speed></trkpt><trkpt lat="24.988793" lon="121.571283"><time>2026-10-02T07:02:33Z</time><ele>18</ele><speed>14.051</speed></trkpt><trkpt lat="24.988826" lon="121.571272"><time>2026-10-02T07:02:34Z</time><ele>18</ele><speed>13.807</speed></trkpt><trkpt lat="24.988858" lon="121.571261"><time>2026-10-02T07:02:35Z</time><ele>18</ele><speed>13.829</speed></trkpt><trkpt lat="24.988891" lon="121.571251"><time>2026-10-02T07:02:36Z</time><ele>18</ele><speed>14.187</speed></trkpt><trkpt lat="24.988925" lon="121.57124"><time>2026-10-02T07:02:37Z</time><ele>18</ele><speed>13.716</speed></trkpt><trkpt lat="24.988959" lon="121.571232"><time>2026-10-02T07:02:38Z</time><ele>18</ele><speed>13.168</speed></trkpt><trkpt lat="24.988991" lon="121.571224"><time>2026-10-02T07:02:39Z</time><ele>18</ele><speed>12.473</speed></trkpt><trkpt lat="24.989024" lon="121.571218"><time>2026-10-02T07:02:40Z</time><ele>17</ele><speed>12.923</speed></trkpt><trkpt lat="24.989057" lon="121.571213"><time>2026-10-02T07:02:41Z</time><ele>17</ele><speed>13.373</speed></trkpt><trkpt lat="24.989089" lon="121.571208"><time>2026-10-02T07:02:42Z</time><ele>17</ele><speed>13.532</speed></trkpt><trkpt lat="24.989121" lon="121.571205"><time>2026-10-02T07:02:43Z</time><ele>16</ele><speed>14.049</speed></trkpt><trkpt lat="24.989154" lon="121.571202"><time>2026-10-02T07:02:44Z</time><ele>19</ele><speed>13.08</speed></trkpt><trkpt lat="24.989187" lon="121.5712"><time>2026-10-02T07:02:45Z</time><ele>18</ele><speed>13.627</speed></trkpt><trkpt lat="24.98922" lon="121.5712"><time>2026-10-02T07:02:46Z</time><ele>19</ele><speed>13.975</speed></trkpt><trkpt lat="24.989255" lon="121.571202"><time>2026-10-02T07:02:47Z</time><ele>19</ele><speed>14.306</speed></trkpt><trkpt lat="24.989291" lon="121.571205"><time>2026-10-02T07:02:48Z</time><ele>19</ele><speed>14.994</speed></trkpt><trkpt lat="24.989326" lon="121.571209"><time>2026-10-02T07:02:49Z</time><ele>17</ele><speed>14.897</speed></trkpt><trkpt lat="24.989364" lon="121.571214"><time>2026-10-02T07:02:50Z</time><ele>17</ele><speed>14.918</speed></trkpt><trkpt lat="24.989402" lon="121.57122"><time>2026-10-02T07:02:51Z</time><ele>17</ele><speed>15.398</speed></trkpt><trkpt lat="24.98944" lon="121.571225"><time>2026-10-02T07:02:52Z</time><ele>18</ele><speed>14.932</speed></trkpt><trkpt lat="24.989478" lon="121.571231"><time>2026-10-02T07:02:53Z</time><ele>18</ele><speed>14.781</speed></trkpt><trkpt lat="24.989515" lon="121.571238"><time>2026-10-02T07:02:54Z</time><ele>18</ele><speed>14.249</speed></trkpt><trkpt lat="24.989553" lon="121.571246"><time>2026-10-02T07:02:55Z</time><ele>19</ele><speed>14.611</speed></trkpt><trkpt lat="24.989591" lon="121.571254"><time>2026-10-02T07:02:56Z</time><ele>19</ele><speed>15.207</speed></trkpt><trkpt lat="24.98963" lon="121.571263"><time>2026-10-02T07:02:57Z</time><ele>19</ele><speed>15.256</speed></trkpt><trkpt lat="24.989668" lon="121.571273"><time>2026-10-02T07:02:58Z</time><ele>19</ele><speed>15.012</speed></trkpt><trkpt lat="24.989706" lon="121.571282"><time>2026-10-02T07:02:59Z</time><ele>19</ele><speed>15.029</speed></trkpt><trkpt lat="24.989746" lon="121.57129"><time>2026-10-02T07:03:00Z</time><ele>18</ele><speed>16.257</speed></trkpt><trkpt lat="24.989786" lon="121.571298"><time>2026-10-02T07:03:01Z</time><ele>18</ele><speed>15.48</speed></trkpt><trkpt lat="24.989824" lon="121.571306"><time>2026-10-02T07:03:02Z</time><ele>18</ele><speed>15.203</speed></trkpt><trkpt lat="24.989863" lon="121.571313"><time>2026-10-02T07:03:03Z</time><ele>18</ele><speed>15.258</speed></trkpt><trkpt lat="24.989901" lon="121.571318"><time>2026-10-02T07:03:04Z</time><ele>19</ele><speed>15.404</speed></trkpt><trkpt lat="24.98994" lon="121.571323"><time>2026-10-02T07:03:05Z</time><ele>18</ele><speed>15.623</speed></trkpt><trkpt lat="24.989978" lon="121.571327"><time>2026-10-02T07:03:06Z</time><ele>19</ele><speed>15.64</speed></trkpt><trkpt lat="24.990016" lon="121.571332"><time>2026-10-02T07:03:07Z</time><ele>17</ele><speed>15.741</speed></trkpt><trkpt lat="24.990055" lon="121.571337"><time>2026-10-02T07:03:08Z</time><ele>17</ele><speed>15.796</speed></trkpt><trkpt lat="24.990095" lon="121.571343"><time>2026-10-02T07:03:09Z</time><ele>17</ele><speed>15.886</speed></trkpt><trkpt lat="24.990134" lon="121.571351"><time>2026-10-02T07:03:10Z</time><ele>18</ele><speed>15.656</speed></trkpt><trkpt lat="24.990173" lon="121.57136"><time>2026-10-02T07:03:11Z</time><ele>18</ele><speed>15.358</speed></trkpt><trkpt lat="24.990212" lon="121.571372"><time>2026-10-02T07:03:12Z</time><ele>18</ele><speed>15.097</speed></trkpt><trkpt lat="24.990249" lon="121.571387"><time>2026-10-02T07:03:13Z</time><ele>18</ele><speed>15.007</speed></trkpt><trkpt lat="24.990284" lon="121.571403"><time>2026-10-02T07:03:14Z</time><ele>19</ele><speed>14.651</speed></trkpt><trkpt lat="24.990318" lon="121.571423"><time>2026-10-02T07:03:15Z</time><ele>18</ele><speed>15.035</speed></trkpt><trkpt lat="24.990351" lon="121.571444"><time>2026-10-02T07:03:16Z</time><ele>18</ele><speed>15.525</speed></trkpt><trkpt lat="24.990383" lon="121.571466"><time>2026-10-02T07:03:17Z</time><ele>18</ele><speed>15.452</speed></trkpt><trkpt lat="24.990416" lon="121.571487"><time>2026-10-02T07:03:18Z</time><ele>18</ele><speed>15.715</speed></trkpt><trkpt lat="24.99045" lon="121.571506"><time>2026-10-02T07:03:19Z</time><ele>17</ele><speed>15.887</speed></trkpt><trkpt lat="24.990485" lon="121.571524"><time>2026-10-02T07:03:20Z</time><ele>16</ele><speed>15.196</speed></trkpt><trkpt lat="24.99052" lon="121.571538"><time>2026-10-02T07:03:21Z</time><ele>16</ele><speed>14.805</speed></trkpt><trkpt lat="24.990556" lon="121.571552"><time>2026-10-02T07:03:22Z</time><ele>17</ele><speed>14.769</speed></trkpt><trkpt lat="24.990592" lon="121.571563"><time>2026-10-02T07:03:23Z</time><ele>18</ele><speed>14.905</speed></trkpt><trkpt lat="24.990628" lon="121.571574"><time>2026-10-02T07:03:24Z</time><ele>17</ele><speed>14.62</speed></trkpt><trkpt lat="24.990664" lon="121.571584"><time>2026-10-02T07:03:25Z</time><ele>17</ele><speed>14.563</speed></trkpt><trkpt lat="24.9907" lon="121.571595"><time>2026-10-02T07:03:26Z</time><ele>18</ele><speed>14.617</speed></trkpt><trkpt lat="24.990736" lon="121.571605"><time>2026-10-02T07:03:27Z</time><ele>18</ele><speed>14.569</speed></trkpt><trkpt lat="24.990772" lon="121.571614"><time>2026-10-02T07:03:28Z</time><ele>18</ele><speed>14.706</speed></trkpt><trkpt lat="24.990808" lon="121.571623"><time>2026-10-02T07:03:29Z</time><ele>19</ele><speed>14.735</speed></trkpt><trkpt lat="24.990845" lon="121.571631"><time>2026-10-02T07:03:30Z</time><ele>18</ele><speed>14.838</speed></trkpt><trkpt lat="24.990882" lon="121.571639"><time>2026-10-02T07:03:31Z</time><ele>19</ele><speed>15.162</speed></trkpt><trkpt lat="24.990919" lon="121.571646"><time>2026-10-02T07:03:32Z</time><ele>18</ele><speed>15.078</speed></trkpt><trkpt lat="24.990956" lon="121.571653"><time>2026-10-02T07:03:33Z</time><ele>19</ele><speed>15.191</speed></trkpt><trkpt lat="24.990994" lon="121.57166"><time>2026-10-02T07:03:34Z</time><ele>18</ele><speed>15.416</speed></trkpt><trkpt lat="24.991031" lon="121.571665"><time>2026-10-02T07:03:35Z</time><ele>19</ele><speed>15.113</speed></trkpt><trkpt lat="24.991068" lon="121.57167"><time>2026-10-02T07:03:36Z</time><ele>19</ele><speed>14.98</speed></trkpt><trkpt lat="24.991104" lon="121.571674"><time>2026-10-02T07:03:37Z</time><ele>20</ele><speed>14.526</speed></trkpt><trkpt lat="24.991141" lon="121.571675"><time>2026-10-02T07:03:38Z</time><ele>20</ele><speed>14.797</speed></trkpt><trkpt lat="24.991178" lon="121.571674"><time>2026-10-02T07:03:39Z</time><ele>17</ele><speed>15.433</speed></trkpt><trkpt lat="24.991214" lon="121.571673"><time>2026-10-02T07:03:40Z</time><ele>19</ele><speed>14.455</speed></trkpt><trkpt lat="24.99125" lon="121.571671"><time>2026-10-02T07:03:41Z</time><ele>18</ele><speed>14.653</speed></trkpt><trkpt lat="24.991287" lon="121.571668"><time>2026-10-02T07:03:42Z</time><ele>19</ele><speed>14.153</speed></trkpt><trkpt lat="24.991323" lon="121.571665"><time>2026-10-02T07:03:43Z</time><ele>20</ele><speed>14.006</speed></trkpt><trkpt lat="24.991359" lon="121.571662"><time>2026-10-02T07:03:44Z</time><ele>19</ele><speed>14.005</speed></trkpt><trkpt lat="24.991394" lon="121.57166"><time>2026-10-02T07:03:45Z</time><ele>19</ele><speed>13.865</speed></trkpt><trkpt lat="24.991429" lon="121.571658"><time>2026-10-02T07:03:46Z</time><ele>21</ele><speed>13.88</speed></trkpt><trkpt lat="24.991463" lon="121.571655"><time>2026-10-02T07:03:47Z</time><ele>20</ele><speed>14.276</speed></trkpt><trkpt lat="24.991498" lon="121.571652"><time>2026-10-02T07:03:48Z</time><ele>19</ele><speed>14.944</speed></trkpt><trkpt lat="24.991534" lon="121.571649"><time>2026-10-02T07:03:49Z</time><ele>19</ele><speed>14.738</speed></trkpt><trkpt lat="24.99157" lon="121.571647"><time>2026-10-02T07:03:50Z</time><ele>19</ele><speed>14.878</speed></trkpt><trkpt lat="24.991607" lon="121.571645"><time>2026-10-02T07:03:51Z</time><ele>19</ele><speed>14.961</speed></trkpt><trkpt lat="24.991643" lon="121.571644"><time>2026-10-02T07:03:52Z</time><ele>19</ele><speed>14.29</speed></trkpt><trkpt lat="24.991679" lon="121.571643"><time>2026-10-02T07:03:53Z</time><ele>20</ele><speed>14.011</speed></trkpt><trkpt lat="24.991716" lon="121.571643"><time>2026-10-02T07:03:54Z</time><ele>19</ele><speed>14.617</speed></trkpt><trkpt lat="24.991752" lon="121.571642"><time>2026-10-02T07:03:55Z</time><ele>19</ele><speed>14.87</speed></trkpt><trkpt lat="24.991789" lon="121.571642"><time>2026-10-02T07:03:56Z</time><ele>19</ele><speed>15.216</speed></trkpt><trkpt lat="24.991825" lon="121.571642"><time>2026-10-02T07:03:57Z</time><ele>20</ele><speed>15.313</speed></trkpt><trkpt lat="24.991861" lon="121.57164"><time>2026-10-02T07:03:58Z</time><ele>21</ele><speed>14.615</speed></trkpt><trkpt lat="24.991899" lon="121.571641"><time>2026-10-02T07:03:59Z</time><ele>20</ele><speed>15.021</speed></trkpt><trkpt lat="24.991936" lon="121.571641"><time>2026-10-02T07:04:00Z</time><ele>17</ele><speed>15.04</speed></trkpt><trkpt lat="24.991973" lon="121.571643"><time>2026-10-02T07:04:01Z</time><ele>18</ele><speed>14.659</speed></trkpt><trkpt lat="24.99201" lon="121.571643"><time>2026-10-02T07:04:02Z</time><ele>20</ele><speed>14.666</speed></trkpt><trkpt lat="24.992049" lon="121.571643"><time>2026-10-02T07:04:03Z</time><ele>22</ele><speed>14.464</speed></trkpt><trkpt lat="24.992089" lon="121.571642"><time>2026-10-02T07:04:04Z</time><ele>22</ele><speed>14.829</speed></trkpt><trkpt lat="24.992128" lon="121.571638"><time>2026-10-02T07:04:05Z</time><ele>21</ele><speed>15.259</speed></trkpt><trkpt lat="24.992167" lon="121.571635"><time>2026-10-02T07:04:06Z</time><ele>21</ele><speed>15.2</speed></trkpt><trkpt lat="24.992206" lon="121.571633"><time>2026-10-02T07:04:07Z</time><ele>22</ele><speed>14.578</speed></trkpt><trkpt lat="24.992244" lon="121.571631"><time>2026-10-02T07:04:08Z</time><ele>22</ele><speed>14.711</speed></trkpt><trkpt lat="24.992281" lon="121.57163"><time>2026-10-02T07:04:09Z</time><ele>21</ele><speed>14.249</speed></trkpt><trkpt lat="24.992317" lon="121.57163"><time>2026-10-02T07:04:10Z</time><ele>21</ele><speed>14.304</speed></trkpt><trkpt lat="24.992354" lon="121.57163"><time>2026-10-02T07:04:11Z</time><ele>19</ele><speed>15.716</speed></trkpt><trkpt lat="24.992393" lon="121.57163"><time>2026-10-02T07:04:12Z</time><ele>17</ele><speed>16.2</speed></trkpt><trkpt lat="24.992431" lon="121.571629"><time>2026-10-02T07:04:13Z</time><ele>18</ele><speed>15.412</speed></trkpt><trkpt lat="24.992468" lon="121.571631"><time>2026-10-02T07:04:14Z</time><ele>18</ele><speed>14.614</speed></trkpt><trkpt lat="24.992506" lon="121.571636"><time>2026-10-02T07:04:15Z</time><ele>20</ele><speed>14.162</speed></trkpt><trkpt lat="24.992543" lon="121.571642"><time>2026-10-02T07:04:16Z</time><ele>21</ele><speed>13.854</speed></trkpt><trkpt lat="24.99258" lon="121.571649"><time>2026-10-02T07:04:17Z</time><ele>20</ele><speed>14.123</speed></trkpt><trkpt lat="24.992615" lon="121.571657"><time>2026-10-02T07:04:18Z</time><ele>19</ele><speed>14.444</speed></trkpt><trkpt lat="24.99265" lon="121.571665"><time>2026-10-02T07:04:19Z</time><ele>19</ele><speed>14.872</speed></trkpt><trkpt lat="24.992686" lon="121.571673"><time>2026-10-02T07:04:20Z</time><ele>19</ele><speed>14.965</speed></trkpt><trkpt lat="24.992723" lon="121.57168"><time>2026-10-02T07:04:21Z</time><ele>18</ele><speed>15.666</speed></trkpt><trkpt lat="24.992761" lon="121.571687"><time>2026-10-02T07:04:22Z</time><ele>19</ele><speed>15.255</speed></trkpt><trkpt lat="24.992799" lon="121.571694"><time>2026-10-02T07:04:23Z</time><ele>20</ele><speed>15.426</speed></trkpt><trkpt lat="24.992838" lon="121.571701"><time>2026-10-02T07:04:24Z</time><ele>18</ele><speed>15.398</speed></trkpt><trkpt lat="24.992878" lon="121.571708"><time>2026-10-02T07:04:25Z</time><ele>19</ele><speed>15.638</speed></trkpt><trkpt lat="24.992917" lon="121.571717"><time>2026-10-02T07:04:26Z</time><ele>20</ele><speed>15.624</speed></trkpt><trkpt lat="24.992956" lon="121.571725"><time>2026-10-02T07:04:27Z</time><ele>18</ele><speed>15.448</speed></trkpt><trkpt lat="24.992995" lon="121.571732"><time>2026-10-02T07:04:28Z</time><ele>19</ele><speed>15.337</speed></trkpt><trkpt lat="24.993033" lon="121.571739"><time>2026-10-02T07:04:29Z</time><ele>20</ele><speed>14.907</speed></trkpt><trkpt lat="24.993071" lon="121.571747"><time>2026-10-02T07:04:30Z</time><ele>19</ele><speed>15.273</speed></trkpt><trkpt lat="24.993109" lon="121.571755"><time>2026-10-02T07:04:31Z</time><ele>20</ele><speed>15.1</speed></trkpt><trkpt lat="24.993146" lon="121.571761"><time>2026-10-02T07:04:32Z</time><ele>19</ele><speed>14.797</speed></trkpt><trkpt lat="24.993183" lon="121.57177"><time>2026-10-02T07:04:33Z</time><ele>21</ele><speed>14.762</speed></trkpt><trkpt lat="24.993219" lon="121.571779"><time>2026-10-02T07:04:34Z</time><ele>20</ele><speed>14.409</speed></trkpt><trkpt lat="24.993255" lon="121.571788"><time>2026-10-02T07:04:35Z</time><ele>19</ele><speed>14.398</speed></trkpt><trkpt lat="24.993291" lon="121.571797"><time>2026-10-02T07:04:36Z</time><ele>19</ele><speed>14.667</speed></trkpt><trkpt lat="24.993326" lon="121.571806"><time>2026-10-02T07:04:37Z</time><ele>20</ele><speed>14.053</speed></trkpt><trkpt lat="24.993363" lon="121.571814"><time>2026-10-02T07:04:38Z</time><ele>19</ele><speed>15.014</speed></trkpt><trkpt lat="24.993398" lon="121.571821"><time>2026-10-02T07:04:39Z</time><ele>19</ele><speed>14.17</speed></trkpt><trkpt lat="24.993433" lon="121.571827"><time>2026-10-02T07:04:40Z</time><ele>21</ele><speed>13.345</speed></trkpt><trkpt lat="24.993469" lon="121.571834"><time>2026-10-02T07:04:41Z</time><ele>19</ele><speed>14.268</speed></trkpt><trkpt lat="24.993504" lon="121.571841"><time>2026-10-02T07:04:42Z</time><ele>19</ele><speed>14.409</speed></trkpt><trkpt lat="24.993539" lon="121.571847"><time>2026-10-02T07:04:43Z</time><ele>20</ele><speed>14.187</speed></trkpt><trkpt lat="24.993573" lon="121.571854"><time>2026-10-02T07:04:44Z</time><ele>21</ele><speed>13.983</speed></trkpt><trkpt lat="24.993608" lon="121.571861"><time>2026-10-02T07:04:45Z</time><ele>20</ele><speed>14.338</speed></trkpt><trkpt lat="24.993643" lon="121.571868"><time>2026-10-02T07:04:46Z</time><ele>20</ele><speed>14.308</speed></trkpt><trkpt lat="24.993679" lon="121.571875"><time>2026-10-02T07:04:47Z</time><ele>20</ele><speed>15.346</speed></trkpt><trkpt lat="24.993714" lon="121.571882"><time>2026-10-02T07:04:48Z</time><ele>21</ele><speed>14.014</speed></trkpt><trkpt lat="24.99375" lon="121.571889"><time>2026-10-02T07:04:49Z</time><ele>20</ele><speed>15.022</speed></trkpt><trkpt lat="24.993787" lon="121.571896"><time>2026-10-02T07:04:50Z</time><ele>20</ele><speed>15.156</speed></trkpt><trkpt lat="24.993823" lon="121.571903"><time>2026-10-02T07:04:51Z</time><ele>20</ele><speed>15.23</speed></trkpt><trkpt lat="24.993861" lon="121.571912"><time>2026-10-02T07:04:52Z</time><ele>20</ele><speed>15.665</speed></trkpt><trkpt lat="24.993899" lon="121.57192"><time>2026-10-02T07:04:53Z</time><ele>21</ele><speed>15.822</speed></trkpt><trkpt lat="24.993938" lon="121.571928"><time>2026-10-02T07:04:54Z</time><ele>21</ele><speed>16.101</speed></trkpt><trkpt lat="24.993977" lon="121.571936"><time>2026-10-02T07:04:55Z</time><ele>21</ele><speed>16.089</speed></trkpt><trkpt lat="24.994016" lon="121.571943"><time>2026-10-02T07:04:56Z</time><ele>20</ele><speed>15.993</speed></trkpt><trkpt lat="24.994056" lon="121.57195"><time>2026-10-02T07:04:57Z</time><ele>21</ele><speed>16.335</speed></trkpt><trkpt lat="24.994096" lon="121.571957"><time>2026-10-02T07:04:58Z</time><ele>22</ele><speed>16.073</speed></trkpt><trkpt lat="24.994137" lon="121.571963"><time>2026-10-02T07:04:59Z</time><ele>21</ele><speed>15.757</speed></trkpt><trkpt lat="24.994177" lon="121.57197"><time>2026-10-02T07:05:00Z</time><ele>21</ele><speed>15.508</speed></trkpt><trkpt lat="24.994217" lon="121.571977"><time>2026-10-02T07:05:01Z</time><ele>22</ele><speed>15.378</speed></trkpt><trkpt lat="24.994256" lon="121.571983"><time>2026-10-02T07:05:02Z</time><ele>21</ele><speed>15.197</speed></trkpt><trkpt lat="24.994295" lon="121.571988"><time>2026-10-02T07:05:03Z</time><ele>21</ele><speed>15.07</speed></trkpt><trkpt lat="24.994332" lon="121.571992"><time>2026-10-02T07:05:04Z</time><ele>23</ele><speed>13.671</speed></trkpt><trkpt lat="24.994368" lon="121.571995"><time>2026-10-02T07:05:05Z</time><ele>22</ele><speed>12.798</speed></trkpt><trkpt lat="24.994402" lon="121.571996"><time>2026-10-02T07:05:06Z</time><ele>22</ele><speed>12.256</speed></trkpt><trkpt lat="24.994435" lon="121.571997"><time>2026-10-02T07:05:07Z</time><ele>24</ele><speed>12.005</speed></trkpt><trkpt lat="24.994466" lon="121.571999"><time>2026-10-02T07:05:08Z</time><ele>24</ele><speed>11.524</speed></trkpt><trkpt lat="24.994496" lon="121.572002"><time>2026-10-02T07:05:09Z</time><ele>24</ele><speed>11.424</speed></trkpt><trkpt lat="24.994525" lon="121.572005"><time>2026-10-02T07:05:10Z</time><ele>23</ele><speed>11.394</speed></trkpt><trkpt lat="24.994553" lon="121.572009"><time>2026-10-02T07:05:11Z</time><ele>25</ele><speed>11.365</speed></trkpt><trkpt lat="24.994582" lon="121.572017"><time>2026-10-02T07:05:12Z</time><ele>25</ele><speed>11.551</speed></trkpt><trkpt lat="24.99461" lon="121.572026"><time>2026-10-02T07:05:13Z</time><ele>24</ele><speed>11.618</speed></trkpt><trkpt lat="24.994638" lon="121.572036"><time>2026-10-02T07:05:14Z</time><ele>23</ele><speed>11.833</speed></trkpt><trkpt lat="24.994665" lon="121.572048"><time>2026-10-02T07:05:15Z</time><ele>23</ele><speed>11.576</speed></trkpt><trkpt lat="24.994692" lon="121.572061"><time>2026-10-02T07:05:16Z</time><ele>22</ele><speed>11.398</speed></trkpt><trkpt lat="24.99472" lon="121.572074"><time>2026-10-02T07:05:17Z</time><ele>23</ele><speed>11.569</speed></trkpt><trkpt lat="24.994746" lon="121.572085"><time>2026-10-02T07:05:18Z</time><ele>25</ele><speed>10.882</speed></trkpt><trkpt lat="24.994772" lon="121.572097"><time>2026-10-02T07:05:19Z</time><ele>24</ele><speed>10.886</speed></trkpt><trkpt lat="24.994799" lon="121.572109"><time>2026-10-02T07:05:20Z</time><ele>25</ele><speed>11.447</speed></trkpt><trkpt lat="24.994826" lon="121.572121"><time>2026-10-02T07:05:21Z</time><ele>24</ele><speed>11.525</speed></trkpt><trkpt lat="24.994853" lon="121.572135"><time>2026-10-02T07:05:22Z</time><ele>24</ele><speed>11.721</speed></trkpt><trkpt lat="24.994881" lon="121.572147"><time>2026-10-02T07:05:23Z</time><ele>23</ele><speed>12.087</speed></trkpt><trkpt lat="24.994909" lon="121.57216"><time>2026-10-02T07:05:24Z</time><ele>23</ele><speed>11.95</speed></trkpt><trkpt lat="24.994938" lon="121.572174"><time>2026-10-02T07:05:25Z</time><ele>23</ele><speed>11.651</speed></trkpt><trkpt lat="24.994966" lon="121.572188"><time>2026-10-02T07:05:26Z</time><ele>22</ele><speed>11.872</speed></trkpt><trkpt lat="24.994993" lon="121.572202"><time>2026-10-02T07:05:27Z</time><ele>22</ele><speed>11.943</speed></trkpt><trkpt lat="24.995022" lon="121.572217"><time>2026-10-02T07:05:28Z</time><ele>22</ele><speed>13.371</speed></trkpt><trkpt lat="24.995051" lon="121.572232"><time>2026-10-02T07:05:29Z</time><ele>24</ele><speed>14.559</speed></trkpt><trkpt lat="24.995082" lon="121.572248"><time>2026-10-02T07:05:30Z</time><ele>21</ele><speed>16.124</speed></trkpt><trkpt lat="24.995116" lon="121.572264"><time>2026-10-02T07:05:31Z</time><ele>20</ele><speed>17.198</speed></trkpt><trkpt lat="24.995154" lon="121.572281"><time>2026-10-02T07:05:32Z</time><ele>18</ele><speed>19.087</speed></trkpt><trkpt lat="24.995194" lon="121.572299"><time>2026-10-02T07:05:33Z</time><ele>20</ele><speed>18.512</speed></trkpt><trkpt lat="24.995234" lon="121.572317"><time>2026-10-02T07:05:34Z</time><ele>23</ele><speed>17.749</speed></trkpt><trkpt lat="24.995275" lon="121.572339"><time>2026-10-02T07:05:35Z</time><ele>23</ele><speed>17.672</speed></trkpt><trkpt lat="24.995316" lon="121.572361"><time>2026-10-02T07:05:36Z</time><ele>22</ele><speed>18.147</speed></trkpt><trkpt lat="24.995356" lon="121.572385"><time>2026-10-02T07:05:37Z</time><ele>21</ele><speed>17.161</speed></trkpt><trkpt lat="24.995392" lon="121.572412"><time>2026-10-02T07:05:38Z</time><ele>23</ele><speed>16.097</speed></trkpt><trkpt lat="24.995427" lon="121.572438"><time>2026-10-02T07:05:39Z</time><ele>22</ele><speed>15.887</speed></trkpt><trkpt lat="24.995462" lon="121.572464"><time>2026-10-02T07:05:40Z</time><ele>21</ele><speed>15.769</speed></trkpt><trkpt lat="24.995495" lon="121.572491"><time>2026-10-02T07:05:41Z</time><ele>21</ele><speed>15.586</speed></trkpt><trkpt lat="24.995525" lon="121.572521"><time>2026-10-02T07:05:42Z</time><ele>21</ele><speed>15.686</speed></trkpt><trkpt lat="24.995555" lon="121.57255"><time>2026-10-02T07:05:43Z</time><ele>19</ele><speed>15.817</speed></trkpt><trkpt lat="24.995586" lon="121.572577"><time>2026-10-02T07:05:44Z</time><ele>18</ele><speed>15.876</speed></trkpt><trkpt lat="24.995616" lon="121.572605"><time>2026-10-02T07:05:45Z</time><ele>18</ele><speed>16.033</speed></trkpt><trkpt lat="24.995645" lon="121.572635"><time>2026-10-02T07:05:46Z</time><ele>17</ele><speed>16.202</speed></trkpt><trkpt lat="24.995673" lon="121.572666"><time>2026-10-02T07:05:47Z</time><ele>17</ele><speed>16.387</speed></trkpt><trkpt lat="24.995702" lon="121.572697"><time>2026-10-02T07:05:48Z</time><ele>17</ele><speed>16.452</speed></trkpt><trkpt lat="24.99573" lon="121.572729"><time>2026-10-02T07:05:49Z</time><ele>18</ele><speed>16.362</speed></trkpt><trkpt lat="24.995757" lon="121.572763"><time>2026-10-02T07:05:50Z</time><ele>18</ele><speed>15.611</speed></trkpt><trkpt lat="24.995784" lon="121.572796"><time>2026-10-02T07:05:51Z</time><ele>17</ele><speed>16.09</speed></trkpt><trkpt lat="24.995813" lon="121.572828"><time>2026-10-02T07:05:52Z</time><ele>17</ele><speed>16.033</speed></trkpt><trkpt lat="24.995842" lon="121.57286"><time>2026-10-02T07:05:53Z</time><ele>17</ele><speed>16.064</speed></trkpt><trkpt lat="24.995872" lon="121.57289"><time>2026-10-02T07:05:54Z</time><ele>16</ele><speed>16.346</speed></trkpt><trkpt lat="24.995902" lon="121.572921"><time>2026-10-02T07:05:55Z</time><ele>16</ele><speed>16.515</speed></trkpt><trkpt lat="24.995932" lon="121.572952"><time>2026-10-02T07:05:56Z</time><ele>15</ele><speed>16.672</speed></trkpt><trkpt lat="24.995959" lon="121.572986"><time>2026-10-02T07:05:57Z</time><ele>16</ele><speed>16.346</speed></trkpt><trkpt lat="24.995986" lon="121.57302"><time>2026-10-02T07:05:58Z</time><ele>16</ele><speed>16.283</speed></trkpt><trkpt lat="24.996013" lon="121.573054"><time>2026-10-02T07:05:59Z</time><ele>16</ele><speed>16.166</speed></trkpt><trkpt lat="24.996038" lon="121.57309"><time>2026-10-02T07:06:00Z</time><ele>17</ele><speed>15.746</speed></trkpt><trkpt lat="24.996063" lon="121.573124"><time>2026-10-02T07:06:01Z</time><ele>17</ele><speed>15.801</speed></trkpt><trkpt lat="24.996087" lon="121.573158"><time>2026-10-02T07:06:02Z</time><ele>17</ele><speed>15.567</speed></trkpt><trkpt lat="24.996112" lon="121.57319"><time>2026-10-02T07:06:03Z</time><ele>16</ele><speed>15.596</speed></trkpt><trkpt lat="24.996136" lon="121.573223"><time>2026-10-02T07:06:04Z</time><ele>16</ele><speed>15.163</speed></trkpt><trkpt lat="24.99616" lon="121.573254"><time>2026-10-02T07:06:05Z</time><ele>17</ele><speed>14.438</speed></trkpt><trkpt lat="24.996183" lon="121.573286"><time>2026-10-02T07:06:06Z</time><ele>17</ele><speed>14.06</speed></trkpt><trkpt lat="24.996206" lon="121.573317"><time>2026-10-02T07:06:07Z</time><ele>17</ele><speed>14.496</speed></trkpt><trkpt lat="24.996228" lon="121.573348"><time>2026-10-02T07:06:08Z</time><ele>19</ele><speed>14.078</speed></trkpt><trkpt lat="24.996251" lon="121.573378"><time>2026-10-02T07:06:09Z</time><ele>18</ele><speed>14.339</speed></trkpt><trkpt lat="24.996273" lon="121.573408"><time>2026-10-02T07:06:10Z</time><ele>19</ele><speed>13.921</speed></trkpt><trkpt lat="24.996296" lon="121.573437"><time>2026-10-02T07:06:11Z</time><ele>18</ele><speed>14.326</speed></trkpt><trkpt lat="24.99632" lon="121.573467"><time>2026-10-02T07:06:12Z</time><ele>19</ele><speed>14.958</speed></trkpt><trkpt lat="24.996344" lon="121.573499"><time>2026-10-02T07:06:13Z</time><ele>19</ele><speed>16.216</speed></trkpt><trkpt lat="24.996367" lon="121.573532"><time>2026-10-02T07:06:14Z</time><ele>20</ele><speed>15.962</speed></trkpt><trkpt lat="24.996391" lon="121.573564"><time>2026-10-02T07:06:15Z</time><ele>21</ele><speed>14.483</speed></trkpt><trkpt lat="24.996415" lon="121.573595"><time>2026-10-02T07:06:16Z</time><ele>20</ele><speed>14.069</speed></trkpt><trkpt lat="24.996438" lon="121.573627"><time>2026-10-02T07:06:17Z</time><ele>20</ele><speed>13.864</speed></trkpt><trkpt lat="24.996461" lon="121.573657"><time>2026-10-02T07:06:18Z</time><ele>21</ele><speed>13.489</speed></trkpt><trkpt lat="24.996483" lon="121.573685"><time>2026-10-02T07:06:19Z</time><ele>20</ele><speed>14.112</speed></trkpt><trkpt lat="24.996506" lon="121.573713"><time>2026-10-02T07:06:20Z</time><ele>19</ele><speed>14.267</speed></trkpt><trkpt lat="24.996527" lon="121.573741"><time>2026-10-02T07:06:21Z</time><ele>20</ele><speed>13.294</speed></trkpt><trkpt lat="24.996548" lon="121.573769"><time>2026-10-02T07:06:22Z</time><ele>21</ele><speed>12.833</speed></trkpt><trkpt lat="24.99657" lon="121.573797"><time>2026-10-02T07:06:23Z</time><ele>21</ele><speed>13.148</speed></trkpt><trkpt lat="24.996591" lon="121.573826"><time>2026-10-02T07:06:24Z</time><ele>22</ele><speed>12.481</speed></trkpt><trkpt lat="24.996612" lon="121.573855"><time>2026-10-02T07:06:25Z</time><ele>22</ele><speed>12.138</speed></trkpt><trkpt lat="24.996632" lon="121.573881"><time>2026-10-02T07:06:26Z</time><ele>23</ele><speed>11.238</speed></trkpt><trkpt lat="24.996654" lon="121.573908"><time>2026-10-02T07:06:27Z</time><ele>24</ele><speed>12.082</speed></trkpt><trkpt lat="24.996675" lon="121.573934"><time>2026-10-02T07:06:28Z</time><ele>24</ele><speed>12.378</speed></trkpt><trkpt lat="24.996695" lon="121.573961"><time>2026-10-02T07:06:29Z</time><ele>22</ele><speed>13.186</speed></trkpt><trkpt lat="24.996716" lon="121.573987"><time>2026-10-02T07:06:30Z</time><ele>24</ele><speed>11.917</speed></trkpt><trkpt lat="24.996736" lon="121.574012"><time>2026-10-02T07:06:31Z</time><ele>23</ele><speed>11.879</speed></trkpt><trkpt lat="24.996757" lon="121.574039"><time>2026-10-02T07:06:32Z</time><ele>22</ele><speed>12.367</speed></trkpt><trkpt lat="24.996777" lon="121.574064"><time>2026-10-02T07:06:33Z</time><ele>22</ele><speed>12.582</speed></trkpt><trkpt lat="24.996797" lon="121.57409"><time>2026-10-02T07:06:34Z</time><ele>23</ele><speed>12.359</speed></trkpt><trkpt lat="24.996817" lon="121.574114"><time>2026-10-02T07:06:35Z</time><ele>24</ele><speed>12.39</speed></trkpt><trkpt lat="24.996839" lon="121.574139"><time>2026-10-02T07:06:36Z</time><ele>24</ele><speed>12.326</speed></trkpt><trkpt lat="24.99686" lon="121.574163"><time>2026-10-02T07:06:37Z</time><ele>24</ele><speed>12.082</speed></trkpt><trkpt lat="24.99688" lon="121.574187"><time>2026-10-02T07:06:38Z</time><ele>24</ele><speed>11.137</speed></trkpt><trkpt lat="24.9969" lon="121.574211"><time>2026-10-02T07:06:39Z</time><ele>24</ele><speed>10.598</speed></trkpt><trkpt lat="24.99692" lon="121.574233"><time>2026-10-02T07:06:40Z</time><ele>25</ele><speed>10.017</speed></trkpt><trkpt lat="24.996938" lon="121.574255"><time>2026-10-02T07:06:41Z</time><ele>25</ele><speed>8.617</speed></trkpt><trkpt lat="24.996953" lon="121.574273"><time>2026-10-02T07:06:42Z</time><ele>25</ele><speed>5.869</speed></trkpt><trkpt lat="24.996969" lon="121.574285"><time>2026-10-02T07:06:55Z</time><ele>23</ele><speed>4.964</speed></trkpt><trkpt lat="24.996986" lon="121.574294"><time>2026-10-02T07:06:56Z</time><ele>22</ele><speed>6.875</speed></trkpt><trkpt lat="24.997007" lon="121.5743"><time>2026-10-02T07:06:58Z</time><ele>23</ele><speed>9.523</speed></trkpt><trkpt lat="24.99703" lon="121.574305"><time>2026-10-02T07:06:59Z</time><ele>24</ele><speed>10.354</speed></trkpt><trkpt lat="24.997055" lon="121.574307"><time>2026-10-02T07:07:00Z</time><ele>24</ele><speed>10.483</speed></trkpt><trkpt lat="24.997085" lon="121.574311"><time>2026-10-02T07:07:01Z</time><ele>24</ele><speed>11.613</speed></trkpt><trkpt lat="24.997115" lon="121.574319"><time>2026-10-02T07:07:02Z</time><ele>24</ele><speed>12.089</speed></trkpt><trkpt lat="24.997146" lon="121.574331"><time>2026-10-02T07:07:03Z</time><ele>25</ele><speed>12.612</speed></trkpt><trkpt lat="24.997173" lon="121.574346"><time>2026-10-02T07:07:04Z</time><ele>24</ele><speed>12.416</speed></trkpt><trkpt lat="24.997199" lon="121.574364"><time>2026-10-02T07:07:05Z</time><ele>24</ele><speed>12.839</speed></trkpt><trkpt lat="24.997225" lon="121.574387"><time>2026-10-02T07:07:06Z</time><ele>25</ele><speed>12.413</speed></trkpt><trkpt lat="24.997249" lon="121.57441"><time>2026-10-02T07:07:07Z</time><ele>25</ele><speed>11.979</speed></trkpt><trkpt lat="24.997272" lon="121.574434"><time>2026-10-02T07:07:08Z</time><ele>25</ele><speed>12.053</speed></trkpt><trkpt lat="24.997295" lon="121.574457"><time>2026-10-02T07:07:09Z</time><ele>26</ele><speed>11.912</speed></trkpt><trkpt lat="24.997317" lon="121.574479"><time>2026-10-02T07:07:10Z</time><ele>25</ele><speed>11.136</speed></trkpt><trkpt lat="24.997339" lon="121.574498"><time>2026-10-02T07:07:11Z</time><ele>24</ele><speed>10.184</speed></trkpt><trkpt lat="24.99736" lon="121.574517"><time>2026-10-02T07:07:12Z</time><ele>25</ele><speed>9.152</speed></trkpt><trkpt lat="24.997378" lon="121.574533"><time>2026-10-02T07:07:13Z</time><ele>25</ele><speed>6.223</speed></trkpt><trkpt lat="24.997392" lon="121.574546"><time>2026-10-02T07:07:14Z</time><ele>25</ele><speed>2.909</speed></trkpt><trkpt lat="24.997414" lon="121.574558"><time>2026-10-02T07:07:55Z</time><ele>25</ele><speed>2.946</speed></trkpt><trkpt lat="24.997432" lon="121.574568"><time>2026-10-02T07:07:56Z</time><ele>25</ele><speed>3.657</speed></trkpt><trkpt lat="24.997451" lon="121.574578"><time>2026-10-02T07:07:58Z</time><ele>25</ele><speed>6.045</speed></trkpt><trkpt lat="24.997468" lon="121.574587"><time>2026-10-02T07:07:59Z</time><ele>24</ele><speed>7.099</speed></trkpt><trkpt lat="24.997485" lon="121.5746"><time>2026-10-02T07:08:00Z</time><ele>25</ele><speed>8.036</speed></trkpt><trkpt lat="24.997505" lon="121.574615"><time>2026-10-02T07:08:01Z</time><ele>24</ele><speed>9.102</speed></trkpt><trkpt lat="24.997516" lon="121.574632"><time>2026-10-02T07:08:02Z</time><ele>25</ele><speed>9.913</speed></trkpt><trkpt lat="24.99753" lon="121.574651"><time>2026-10-02T07:08:03Z</time><ele>25</ele><speed>10.595</speed></trkpt><trkpt lat="24.997544" lon="121.574671"><time>2026-10-02T07:08:04Z</time><ele>25</ele><speed>10.495</speed></trkpt><trkpt lat="24.997559" lon="121.574695"><time>2026-10-02T07:08:05Z</time><ele>25</ele><speed>12.145</speed></trkpt><trkpt lat="24.997576" lon="121.57472"><time>2026-10-02T07:08:06Z</time><ele>25</ele><speed>13.091</speed></trkpt><trkpt lat="24.997594" lon="121.574748"><time>2026-10-02T07:08:07Z</time><ele>25</ele><speed>12.614</speed></trkpt><trkpt lat="24.997611" lon="121.574778"><time>2026-10-02T07:08:08Z</time><ele>25</ele><speed>13.114</speed></trkpt><trkpt lat="24.997631" lon="121.574808"><time>2026-10-02T07:08:09Z</time><ele>25</ele><speed>13.523</speed></trkpt><trkpt lat="24.997651" lon="121.574838"><time>2026-10-02T07:08:10Z</time><ele>26</ele><speed>13.28</speed></trkpt><trkpt lat="24.997673" lon="121.574868"><time>2026-10-02T07:08:11Z</time><ele>26</ele><speed>14.346</speed></trkpt><trkpt lat="24.997698" lon="121.574897"><time>2026-10-02T07:08:12Z</time><ele>24</ele><speed>15.433</speed></trkpt><trkpt lat="24.997724" lon="121.574926"><time>2026-10-02T07:08:13Z</time><ele>26</ele><speed>15.233</speed></trkpt><trkpt lat="24.997752" lon="121.574954"><time>2026-10-02T07:08:14Z</time><ele>25</ele><speed>16.567</speed></trkpt><trkpt lat="24.997783" lon="121.574981"><time>2026-10-02T07:08:15Z</time><ele>26</ele><speed>17.169</speed></trkpt><trkpt lat="24.997816" lon="121.575009"><time>2026-10-02T07:08:16Z</time><ele>25</ele><speed>18.202</speed></trkpt><trkpt lat="24.997852" lon="121.575036"><time>2026-10-02T07:08:17Z</time><ele>23</ele><speed>18.969</speed></trkpt><trkpt lat="24.997889" lon="121.575062"><time>2026-10-02T07:08:18Z</time><ele>23</ele><speed>18.51</speed></trkpt><trkpt lat="24.997929" lon="121.575084"><time>2026-10-02T07:08:19Z</time><ele>24</ele><speed>17.326</speed></trkpt><trkpt lat="24.997967" lon="121.575104"><time>2026-10-02T07:08:20Z</time><ele>24</ele><speed>15.398</speed></trkpt><trkpt lat="24.998003" lon="121.575123"><time>2026-10-02T07:08:21Z</time><ele>26</ele><speed>14.022</speed></trkpt><trkpt lat="24.998038" lon="121.575139"><time>2026-10-02T07:08:22Z</time><ele>25</ele><speed>13.722</speed></trkpt><trkpt lat="24.998072" lon="121.575151"><time>2026-10-02T07:08:23Z</time><ele>24</ele><speed>14.259</speed></trkpt><trkpt lat="24.998103" lon="121.575163"><time>2026-10-02T07:08:24Z</time><ele>26</ele><speed>13.581</speed></trkpt><trkpt lat="24.998132" lon="121.575178"><time>2026-10-02T07:08:25Z</time><ele>26</ele><speed>13.741</speed></trkpt><trkpt lat="24.998162" lon="121.575193"><time>2026-10-02T07:08:26Z</time><ele>25</ele><speed>14.18</speed></trkpt><trkpt lat="24.998194" lon="121.575207"><time>2026-10-02T07:08:27Z</time><ele>25</ele><speed>14.576</speed></trkpt><trkpt lat="24.998226" lon="121.575224"><time>2026-10-02T07:08:28Z</time><ele>26</ele><speed>14.754</speed></trkpt><trkpt lat="24.998258" lon="121.575242"><time>2026-10-02T07:08:29Z</time><ele>27</ele><speed>15.262</speed></trkpt><trkpt lat="24.998292" lon="121.575262"><time>2026-10-02T07:08:30Z</time><ele>28</ele><speed>15.898</speed></trkpt><trkpt lat="24.998326" lon="121.575282"><time>2026-10-02T07:08:31Z</time><ele>28</ele><speed>15.394</speed></trkpt><trkpt lat="24.99836" lon="121.575303"><time>2026-10-02T07:08:32Z</time><ele>28</ele><speed>16.011</speed></trkpt><trkpt lat="24.998395" lon="121.575324"><time>2026-10-02T07:08:33Z</time><ele>28</ele><speed>16.343</speed></trkpt><trkpt lat="24.998432" lon="121.575345"><time>2026-10-02T07:08:34Z</time><ele>29</ele><speed>16.892</speed></trkpt><trkpt lat="24.99847" lon="121.575367"><time>2026-10-02T07:08:35Z</time><ele>29</ele><speed>17.065</speed></trkpt><trkpt lat="24.998508" lon="121.575389"><time>2026-10-02T07:08:36Z</time><ele>26</ele><speed>16.487</speed></trkpt><trkpt lat="24.998546" lon="121.575411"><time>2026-10-02T07:08:37Z</time><ele>28</ele><speed>16.659</speed></trkpt><trkpt lat="24.998584" lon="121.575434"><time>2026-10-02T07:08:38Z</time><ele>28</ele><speed>16.431</speed></trkpt><trkpt lat="24.998621" lon="121.575458"><time>2026-10-02T07:08:39Z</time><ele>28</ele><speed>16.396</speed></trkpt><trkpt lat="24.998657" lon="121.575482"><time>2026-10-02T07:08:40Z</time><ele>27</ele><speed>16.25</speed></trkpt><trkpt lat="24.99869" lon="121.575508"><time>2026-10-02T07:08:41Z</time><ele>28</ele><speed>15.931</speed></trkpt><trkpt lat="24.998723" lon="121.575534"><time>2026-10-02T07:08:42Z</time><ele>27</ele><speed>15.854</speed></trkpt><trkpt lat="24.998755" lon="121.575562"><time>2026-10-02T07:08:43Z</time><ele>28</ele><speed>16.142</speed></trkpt><trkpt lat="24.998787" lon="121.57559"><time>2026-10-02T07:08:44Z</time><ele>28</ele><speed>16.375</speed></trkpt><trkpt lat="24.998817" lon="121.575619"><time>2026-10-02T07:08:45Z</time><ele>28</ele><speed>16.688</speed></trkpt><trkpt lat="24.998848" lon="121.575648"><time>2026-10-02T07:08:46Z</time><ele>26</ele><speed>17.144</speed></trkpt><trkpt lat="24.998879" lon="121.575678"><time>2026-10-02T07:08:47Z</time><ele>27</ele><speed>17.542</speed></trkpt><trkpt lat="24.998909" lon="121.575709"><time>2026-10-02T07:08:48Z</time><ele>26</ele><speed>17.182</speed></trkpt><trkpt lat="24.998941" lon="121.57574"><time>2026-10-02T07:08:49Z</time><ele>25</ele><speed>17.422</speed></trkpt><trkpt lat="24.998974" lon="121.575772"><time>2026-10-02T07:08:50Z</time><ele>24</ele><speed>17.953</speed></trkpt><trkpt lat="24.999007" lon="121.575804"><time>2026-10-02T07:08:51Z</time><ele>25</ele><speed>17.085</speed></trkpt><trkpt lat="24.999039" lon="121.575837"><time>2026-10-02T07:08:52Z</time><ele>25</ele><speed>16.23</speed></trkpt><trkpt lat="24.99907" lon="121.575871"><time>2026-10-02T07:08:53Z</time><ele>26</ele><speed>16.204</speed></trkpt><trkpt lat="24.999101" lon="121.575904"><time>2026-10-02T07:08:54Z</time><ele>26</ele><speed>16.484</speed></trkpt><trkpt lat="24.999131" lon="121.575937"><time>2026-10-02T07:08:55Z</time><ele>26</ele><speed>16.449</speed></trkpt><trkpt lat="24.999157" lon="121.575972"><time>2026-10-02T07:08:56Z</time><ele>25</ele><speed>16.248</speed></trkpt><trkpt lat="24.999182" lon="121.576007"><time>2026-10-02T07:08:57Z</time><ele>26</ele><speed>16.603</speed></trkpt><trkpt lat="24.999206" lon="121.576042"><time>2026-10-02T07:08:58Z</time><ele>27</ele><speed>15.36</speed></trkpt><trkpt lat="24.999232" lon="121.576079"><time>2026-10-02T07:08:59Z</time><ele>25</ele><speed>17.621</speed></trkpt><trkpt lat="24.999256" lon="121.576116"><time>2026-10-02T07:09:00Z</time><ele>25</ele><speed>17.074</speed></trkpt><trkpt lat="24.999279" lon="121.576153"><time>2026-10-02T07:09:01Z</time><ele>27</ele><speed>15.977</speed></trkpt><trkpt lat="24.999302" lon="121.576191"><time>2026-10-02T07:09:02Z</time><ele>25</ele><speed>16.936</speed></trkpt><trkpt lat="24.999325" lon="121.576229"><time>2026-10-02T07:09:03Z</time><ele>24</ele><speed>17.757</speed></trkpt><trkpt lat="24.999349" lon="121.576269"><time>2026-10-02T07:09:04Z</time><ele>25</ele><speed>16.983</speed></trkpt><trkpt lat="24.999372" lon="121.576308"><time>2026-10-02T07:09:05Z</time><ele>25</ele><speed>17.766</speed></trkpt><trkpt lat="24.999395" lon="121.576348"><time>2026-10-02T07:09:06Z</time><ele>25</ele><speed>17.764</speed></trkpt><trkpt lat="24.999419" lon="121.57639"><time>2026-10-02T07:09:07Z</time><ele>25</ele><speed>18.68</speed></trkpt><trkpt lat="24.999443" lon="121.576432"><time>2026-10-02T07:09:08Z</time><ele>24</ele><speed>18.783</speed></trkpt><trkpt lat="24.999468" lon="121.576474"><time>2026-10-02T07:09:09Z</time><ele>24</ele><speed>18.487</speed></trkpt><trkpt lat="24.999492" lon="121.576518"><time>2026-10-02T07:09:10Z</time><ele>24</ele><speed>19.008</speed></trkpt><trkpt lat="24.999517" lon="121.576562"><time>2026-10-02T07:09:11Z</time><ele>23</ele><speed>19.971</speed></trkpt><trkpt lat="24.999542" lon="121.576608"><time>2026-10-02T07:09:12Z</time><ele>24</ele><speed>20.639</speed></trkpt><trkpt lat="24.999567" lon="121.576653"><time>2026-10-02T07:09:13Z</time><ele>24</ele><speed>19.468</speed></trkpt><trkpt lat="24.999593" lon="121.576697"><time>2026-10-02T07:09:14Z</time><ele>23</ele><speed>19.1</speed></trkpt><trkpt lat="24.999619" lon="121.576742"><time>2026-10-02T07:09:15Z</time><ele>23</ele><speed>19.028</speed></trkpt><trkpt lat="24.999645" lon="121.576784"><time>2026-10-02T07:09:16Z</time><ele>24</ele><speed>16.637</speed></trkpt><trkpt lat="24.999669" lon="121.576825"><time>2026-10-02T07:09:17Z</time><ele>23</ele><speed>16.978</speed></trkpt><trkpt lat="24.999691" lon="121.576863"><time>2026-10-02T07:09:18Z</time><ele>24</ele><speed>15.842</speed></trkpt><trkpt lat="24.999713" lon="121.576901"><time>2026-10-02T07:09:19Z</time><ele>24</ele><speed>17.117</speed></trkpt><trkpt lat="24.999738" lon="121.57694"><time>2026-10-02T07:09:20Z</time><ele>23</ele><speed>19.734</speed></trkpt><trkpt lat="24.999763" lon="121.57698"><time>2026-10-02T07:09:21Z</time><ele>23</ele><speed>20.292</speed></trkpt><trkpt lat="24.999789" lon="121.577023"><time>2026-10-02T07:09:22Z</time><ele>23</ele><speed>20.915</speed></trkpt><trkpt lat="24.999815" lon="121.57707"><time>2026-10-02T07:09:23Z</time><ele>22</ele><speed>23.84</speed></trkpt><trkpt lat="24.999845" lon="121.577121"><time>2026-10-02T07:09:24Z</time><ele>21</ele><speed>23.511</speed></trkpt><trkpt lat="24.999877" lon="121.577172"><time>2026-10-02T07:09:25Z</time><ele>21</ele><speed>22.511</speed></trkpt><trkpt lat="24.999908" lon="121.577223"><time>2026-10-02T07:09:26Z</time><ele>22</ele><speed>21.779</speed></trkpt><trkpt lat="24.99994" lon="121.577275"><time>2026-10-02T07:09:27Z</time><ele>23</ele><speed>21.787</speed></trkpt><trkpt lat="24.999973" lon="121.57732"><time>2026-10-02T07:09:28Z</time><ele>24</ele><speed>16.789</speed></trkpt><trkpt lat="25.000005" lon="121.577362"><time>2026-10-02T07:09:29Z</time><ele>23</ele><speed>17.553</speed></trkpt><trkpt lat="25.000035" lon="121.577405"><time>2026-10-02T07:09:30Z</time><ele>24</ele><speed>18.742</speed></trkpt><trkpt lat="25.000065" lon="121.577447"><time>2026-10-02T07:09:31Z</time><ele>23</ele><speed>19.261</speed></trkpt><trkpt lat="25.000092" lon="121.577489"><time>2026-10-02T07:09:32Z</time><ele>24</ele><speed>18.449</speed></trkpt><trkpt lat="25.000119" lon="121.57753"><time>2026-10-02T07:09:33Z</time><ele>24</ele><speed>19.687</speed></trkpt><trkpt lat="25.000145" lon="121.577577"><time>2026-10-02T07:09:34Z</time><ele>24</ele><speed>20.388</speed></trkpt><trkpt lat="25.000172" lon="121.577624"><time>2026-10-02T07:09:35Z</time><ele>25</ele><speed>19.91</speed></trkpt><trkpt lat="25.0002" lon="121.577669"><time>2026-10-02T07:09:36Z</time><ele>23</ele><speed>19.843</speed></trkpt><trkpt lat="25.000228" lon="121.577714"><time>2026-10-02T07:09:37Z</time><ele>23</ele><speed>18.763</speed></trkpt><trkpt lat="25.000255" lon="121.577758"><time>2026-10-02T07:09:38Z</time><ele>24</ele><speed>17.837</speed></trkpt><trkpt lat="25.000281" lon="121.5778"><time>2026-10-02T07:09:39Z</time><ele>24</ele><speed>16.925</speed></trkpt><trkpt lat="25.000306" lon="121.57784"><time>2026-10-02T07:09:40Z</time><ele>24</ele><speed>16.011</speed></trkpt><trkpt lat="25.000331" lon="121.577877"><time>2026-10-02T07:09:41Z</time><ele>25</ele><speed>15.492</speed></trkpt><trkpt lat="25.000355" lon="121.577913"><time>2026-10-02T07:09:42Z</time><ele>25</ele><speed>15.684</speed></trkpt><trkpt lat="25.000378" lon="121.577947"><time>2026-10-02T07:09:43Z</time><ele>25</ele><speed>15.496</speed></trkpt><trkpt lat="25.000402" lon="121.577981"><time>2026-10-02T07:09:44Z</time><ele>26</ele><speed>14.949</speed></trkpt><trkpt lat="25.000425" lon="121.578015"><time>2026-10-02T07:09:45Z</time><ele>25</ele><speed>15.306</speed></trkpt><trkpt lat="25.000448" lon="121.578049"><time>2026-10-02T07:09:46Z</time><ele>25</ele><speed>15.71</speed></trkpt><trkpt lat="25.000471" lon="121.578085"><time>2026-10-02T07:09:47Z</time><ele>25</ele><speed>15.83</speed></trkpt><trkpt lat="25.000492" lon="121.578121"><time>2026-10-02T07:09:48Z</time><ele>25</ele><speed>15.684</speed></trkpt><trkpt lat="25.000513" lon="121.578158"><time>2026-10-02T07:09:49Z</time><ele>25</ele><speed>15.877</speed></trkpt><trkpt lat="25.000533" lon="121.578196"><time>2026-10-02T07:09:50Z</time><ele>26</ele><speed>16.313</speed></trkpt><trkpt lat="25.000554" lon="121.578237"><time>2026-10-02T07:09:51Z</time><ele>26</ele><speed>17.155</speed></trkpt><trkpt lat="25.000575" lon="121.578276"><time>2026-10-02T07:09:52Z</time><ele>27</ele><speed>16.255</speed></trkpt><trkpt lat="25.000596" lon="121.578313"><time>2026-10-02T07:09:53Z</time><ele>26</ele><speed>14.271</speed></trkpt><trkpt lat="25.000616" lon="121.578352"><time>2026-10-02T07:09:54Z</time><ele>27</ele><speed>15.366</speed></trkpt><trkpt lat="25.000638" lon="121.578393"><time>2026-10-02T07:09:55Z</time><ele>27</ele><speed>16.097</speed></trkpt><trkpt lat="25.000659" lon="121.578434"><time>2026-10-02T07:09:56Z</time><ele>27</ele><speed>16.527</speed></trkpt><trkpt lat="25.00068" lon="121.578475"><time>2026-10-02T07:09:57Z</time><ele>27</ele><speed>16.941</speed></trkpt><trkpt lat="25.0007" lon="121.578518"><time>2026-10-02T07:09:58Z</time><ele>28</ele><speed>16.209</speed></trkpt><trkpt lat="25.00072" lon="121.578563"><time>2026-10-02T07:09:59Z</time><ele>27</ele><speed>15.97</speed></trkpt><trkpt lat="25.000741" lon="121.578607"><time>2026-10-02T07:10:00Z</time><ele>28</ele><speed>16.302</speed></trkpt><trkpt lat="25.000761" lon="121.578649"><time>2026-10-02T07:10:01Z</time><ele>29</ele><speed>15.676</speed></trkpt><trkpt lat="25.00078" lon="121.578688"><time>2026-10-02T07:10:02Z</time><ele>28</ele><speed>15.314</speed></trkpt><trkpt lat="25.000799" lon="121.578726"><time>2026-10-02T07:10:03Z</time><ele>30</ele><speed>14.768</speed></trkpt><trkpt lat="25.000819" lon="121.578761"><time>2026-10-02T07:10:04Z</time><ele>28</ele><speed>14.299</speed></trkpt><trkpt lat="25.000837" lon="121.578796"><time>2026-10-02T07:10:05Z</time><ele>29</ele><speed>14.335</speed></trkpt><trkpt lat="25.000857" lon="121.57883"><time>2026-10-02T07:10:06Z</time><ele>29</ele><speed>15.042</speed></trkpt><trkpt lat="25.000874" lon="121.578864"><time>2026-10-02T07:10:07Z</time><ele>28</ele><speed>15.998</speed></trkpt><trkpt lat="25.000891" lon="121.578899"><time>2026-10-02T07:10:08Z</time><ele>29</ele><speed>15.985</speed></trkpt><trkpt lat="25.000909" lon="121.578936"><time>2026-10-02T07:10:09Z</time><ele>28</ele><speed>17.018</speed></trkpt><trkpt lat="25.000927" lon="121.578973"><time>2026-10-02T07:10:10Z</time><ele>29</ele><speed>16.208</speed></trkpt><trkpt lat="25.000944" lon="121.579013"><time>2026-10-02T07:10:11Z</time><ele>30</ele><speed>17.143</speed></trkpt><trkpt lat="25.000963" lon="121.579055"><time>2026-10-02T07:10:12Z</time><ele>29</ele><speed>19.407</speed></trkpt><trkpt lat="25.000983" lon="121.579097"><time>2026-10-02T07:10:13Z</time><ele>30</ele><speed>19.002</speed></trkpt><trkpt lat="25.001006" lon="121.57914"><time>2026-10-02T07:10:14Z</time><ele>31</ele><speed>17.945</speed></trkpt><trkpt lat="25.001028" lon="121.579181"><time>2026-10-02T07:10:15Z</time><ele>32</ele><speed>16.506</speed></trkpt><trkpt lat="25.00105" lon="121.579222"><time>2026-10-02T07:10:16Z</time><ele>33</ele><speed>15.482</speed></trkpt><trkpt lat="25.001072" lon="121.579262"><time>2026-10-02T07:10:17Z</time><ele>33</ele><speed>14.849</speed></trkpt><trkpt lat="25.001091" lon="121.579298"><time>2026-10-02T07:10:18Z</time><ele>32</ele><speed>14.192</speed></trkpt><trkpt lat="25.001108" lon="121.579331"><time>2026-10-02T07:10:19Z</time><ele>32</ele><speed>11.921</speed></trkpt><trkpt lat="25.001122" lon="121.579364"><time>2026-10-02T07:10:20Z</time><ele>33</ele><speed>12.737</speed></trkpt><trkpt lat="25.001138" lon="121.579395"><time>2026-10-02T07:10:21Z</time><ele>33</ele><speed>13.382</speed></trkpt><trkpt lat="25.001148" lon="121.579433"><time>2026-10-02T07:10:22Z</time><ele>33</ele><speed>17.575</speed></trkpt><trkpt lat="25.001157" lon="121.579471"><time>2026-10-02T07:10:23Z</time><ele>32</ele><speed>16.741</speed></trkpt><trkpt lat="25.001169" lon="121.579511"><time>2026-10-02T07:10:24Z</time><ele>31</ele><speed>17.352</speed></trkpt><trkpt lat="25.001184" lon="121.579553"><time>2026-10-02T07:10:25Z</time><ele>31</ele><speed>16.305</speed></trkpt><trkpt lat="25.0012" lon="121.579595"><time>2026-10-02T07:10:26Z</time><ele>31</ele><speed>15.953</speed></trkpt><trkpt lat="25.001216" lon="121.57964"><time>2026-10-02T07:10:27Z</time><ele>31</ele><speed>16.249</speed></trkpt><trkpt lat="25.001238" lon="121.579678"><time>2026-10-02T07:10:28Z</time><ele>30</ele><speed>16.443</speed></trkpt><trkpt lat="25.00126" lon="121.579716"><time>2026-10-02T07:10:29Z</time><ele>30</ele><speed>16.265</speed></trkpt><trkpt lat="25.001278" lon="121.579753"><time>2026-10-02T07:10:30Z</time><ele>30</ele><speed>15.056</speed></trkpt><trkpt lat="25.001294" lon="121.579788"><time>2026-10-02T07:10:31Z</time><ele>30</ele><speed>13.532</speed></trkpt><trkpt lat="25.001309" lon="121.579824"><time>2026-10-02T07:10:32Z</time><ele>31</ele><speed>13.383</speed></trkpt><trkpt lat="25.001324" lon="121.579859"><time>2026-10-02T07:10:33Z</time><ele>30</ele><speed>14.374</speed></trkpt><trkpt lat="25.00134" lon="121.579895"><time>2026-10-02T07:10:34Z</time><ele>29</ele><speed>16.605</speed></trkpt><trkpt lat="25.001356" lon="121.579932"><time>2026-10-02T07:10:35Z</time><ele>30</ele><speed>16.67</speed></trkpt><trkpt lat="25.001375" lon="121.57997"><time>2026-10-02T07:10:36Z</time><ele>30</ele><speed>17.035</speed></trkpt><trkpt lat="25.001396" lon="121.580009"><time>2026-10-02T07:10:37Z</time><ele>30</ele><speed>17.3</speed></trkpt><trkpt lat="25.00142" lon="121.58005"><time>2026-10-02T07:10:38Z</time><ele>31</ele><speed>17.971</speed></trkpt><trkpt lat="25.001444" lon="121.580093"><time>2026-10-02T07:10:39Z</time><ele>31</ele><speed>17.598</speed></trkpt><trkpt lat="25.001468" lon="121.580133"><time>2026-10-02T07:10:40Z</time><ele>30</ele><speed>17.452</speed></trkpt><trkpt lat="25.001492" lon="121.580175"><time>2026-10-02T07:10:41Z</time><ele>30</ele><speed>16.853</speed></trkpt><trkpt lat="25.001516" lon="121.580215"><time>2026-10-02T07:10:42Z</time><ele>31</ele><speed>16.484</speed></trkpt><trkpt lat="25.001538" lon="121.580255"><time>2026-10-02T07:10:43Z</time><ele>30</ele><speed>16.477</speed></trkpt><trkpt lat="25.001559" lon="121.580294"><time>2026-10-02T07:10:44Z</time><ele>30</ele><speed>16.187</speed></trkpt><trkpt lat="25.001579" lon="121.580332"><time>2026-10-02T07:10:45Z</time><ele>30</ele><speed>15.831</speed></trkpt><trkpt lat="25.001598" lon="121.580369"><time>2026-10-02T07:10:46Z</time><ele>30</ele><speed>15.446</speed></trkpt><trkpt lat="25.001616" lon="121.580404"><time>2026-10-02T07:10:47Z</time><ele>31</ele><speed>14.804</speed></trkpt><trkpt lat="25.001636" lon="121.580439"><time>2026-10-02T07:10:48Z</time><ele>29</ele><speed>14.569</speed></trkpt><trkpt lat="25.001657" lon="121.580474"><time>2026-10-02T07:10:49Z</time><ele>28</ele><speed>15.55</speed></trkpt><trkpt lat="25.001679" lon="121.580508"><time>2026-10-02T07:10:50Z</time><ele>28</ele><speed>15.386</speed></trkpt><trkpt lat="25.0017" lon="121.580544"><time>2026-10-02T07:10:51Z</time><ele>28</ele><speed>15.898</speed></trkpt><trkpt lat="25.001723" lon="121.580582"><time>2026-10-02T07:10:52Z</time><ele>27</ele><speed>17.402</speed></trkpt><trkpt lat="25.001746" lon="121.580621"><time>2026-10-02T07:10:53Z</time><ele>28</ele><speed>17.478</speed></trkpt><trkpt lat="25.001768" lon="121.580663"><time>2026-10-02T07:10:54Z</time><ele>28</ele><speed>17.118</speed></trkpt><trkpt lat="25.001787" lon="121.580704"><time>2026-10-02T07:10:55Z</time><ele>27</ele><speed>16.305</speed></trkpt><trkpt lat="25.001805" lon="121.580745"><time>2026-10-02T07:10:56Z</time><ele>27</ele><speed>14.909</speed></trkpt><trkpt lat="25.001824" lon="121.580786"><time>2026-10-02T07:10:57Z</time><ele>26</ele><speed>15.476</speed></trkpt><trkpt lat="25.001841" lon="121.580825"><time>2026-10-02T07:10:58Z</time><ele>28</ele><speed>14.838</speed></trkpt><trkpt lat="25.001857" lon="121.580862"><time>2026-10-02T07:10:59Z</time><ele>28</ele><speed>14.835</speed></trkpt><trkpt lat="25.001873" lon="121.580899"><time>2026-10-02T07:11:00Z</time><ele>27</ele><speed>14.288</speed></trkpt><trkpt lat="25.001888" lon="121.580933"><time>2026-10-02T07:11:01Z</time><ele>28</ele><speed>12.855</speed></trkpt><trkpt lat="25.001902" lon="121.580966"><time>2026-10-02T07:11:02Z</time><ele>30</ele><speed>10.576</speed></trkpt><trkpt lat="25.001914" lon="121.580996"><time>2026-10-02T07:11:03Z</time><ele>29</ele><speed>10.748</speed></trkpt><trkpt lat="25.001926" lon="121.581025"><time>2026-10-02T07:11:04Z</time><ele>26</ele><speed>10.642</speed></trkpt><trkpt lat="25.001941" lon="121.581052"><time>2026-10-02T07:11:05Z</time><ele>26</ele><speed>12.964</speed></trkpt><trkpt lat="25.001955" lon="121.581085"><time>2026-10-02T07:11:06Z</time><ele>27</ele><speed>16.18</speed></trkpt><trkpt lat="25.001973" lon="121.581118"><time>2026-10-02T07:11:07Z</time><ele>27</ele><speed>15.794</speed></trkpt><trkpt lat="25.001995" lon="121.581148"><time>2026-10-02T07:11:08Z</time><ele>29</ele><speed>14.874</speed></trkpt><trkpt lat="25.002019" lon="121.581181"><time>2026-10-02T07:11:09Z</time><ele>28</ele><speed>15.649</speed></trkpt><trkpt lat="25.00204" lon="121.581216"><time>2026-10-02T07:11:10Z</time><ele>28</ele><speed>15.854</speed></trkpt><trkpt lat="25.002058" lon="121.581253"><time>2026-10-02T07:11:11Z</time><ele>27</ele><speed>15.324</speed></trkpt><trkpt lat="25.002078" lon="121.581285"><time>2026-10-02T07:11:12Z</time><ele>27</ele><speed>15.227</speed></trkpt><trkpt lat="25.002097" lon="121.581318"><time>2026-10-02T07:11:13Z</time><ele>28</ele><speed>15.134</speed></trkpt><trkpt lat="25.002113" lon="121.581354"><time>2026-10-02T07:11:14Z</time><ele>29</ele><speed>15.019</speed></trkpt><trkpt lat="25.002131" lon="121.58139"><time>2026-10-02T07:11:15Z</time><ele>27</ele><speed>16.328</speed></trkpt><trkpt lat="25.002149" lon="121.581426"><time>2026-10-02T07:11:16Z</time><ele>27</ele><speed>15.489</speed></trkpt><trkpt lat="25.002166" lon="121.581463"><time>2026-10-02T07:11:17Z</time><ele>27</ele><speed>14.884</speed></trkpt><trkpt lat="25.002182" lon="121.581499"><time>2026-10-02T07:11:18Z</time><ele>29</ele><speed>13.722</speed></trkpt><trkpt lat="25.002198" lon="121.581534"><time>2026-10-02T07:11:19Z</time><ele>29</ele><speed>13.249</speed></trkpt><trkpt lat="25.002212" lon="121.581569"><time>2026-10-02T07:11:20Z</time><ele>28</ele><speed>13.93</speed></trkpt><trkpt lat="25.002225" lon="121.581603"><time>2026-10-02T07:11:21Z</time><ele>29</ele><speed>13.326</speed></trkpt><trkpt lat="25.002239" lon="121.581637"><time>2026-10-02T07:11:22Z</time><ele>28</ele><speed>13.852</speed></trkpt><trkpt lat="25.002254" lon="121.581672"><time>2026-10-02T07:11:23Z</time><ele>28</ele><speed>13.901</speed></trkpt><trkpt lat="25.002269" lon="121.581707"><time>2026-10-02T07:11:24Z</time><ele>28</ele><speed>13.974</speed></trkpt><trkpt lat="25.002283" lon="121.581744"><time>2026-10-02T07:11:25Z</time><ele>29</ele><speed>13.444</speed></trkpt><trkpt lat="25.002295" lon="121.58178"><time>2026-10-02T07:11:26Z</time><ele>29</ele><speed>12.953</speed></trkpt><trkpt lat="25.002306" lon="121.581818"><time>2026-10-02T07:11:27Z</time><ele>27</ele><speed>13.772</speed></trkpt><trkpt lat="25.002316" lon="121.581854"><time>2026-10-02T07:11:28Z</time><ele>28</ele><speed>11.833</speed></trkpt><trkpt lat="25.002328" lon="121.581887"><time>2026-10-02T07:11:29Z</time><ele>28</ele><speed>11.182</speed></trkpt><trkpt lat="25.002342" lon="121.581916"><time>2026-10-02T07:11:30Z</time><ele>30</ele><speed>10.433</speed></trkpt><trkpt lat="25.002356" lon="121.581942"><time>2026-10-02T07:11:31Z</time><ele>28</ele><speed>10.346</speed></trkpt><trkpt lat="25.002372" lon="121.58197"><time>2026-10-02T07:11:32Z</time><ele>26</ele><speed>12.741</speed></trkpt><trkpt lat="25.002391" lon="121.581997"><time>2026-10-02T07:11:33Z</time><ele>27</ele><speed>13.987</speed></trkpt><trkpt lat="25.002409" lon="121.582025"><time>2026-10-02T07:11:34Z</time><ele>27</ele><speed>12.358</speed></trkpt><trkpt lat="25.002425" lon="121.582054"><time>2026-10-02T07:11:35Z</time><ele>27</ele><speed>11.974</speed></trkpt><trkpt lat="25.002441" lon="121.582085"><time>2026-10-02T07:11:36Z</time><ele>27</ele><speed>11.732</speed></trkpt><trkpt lat="25.002455" lon="121.582118"><time>2026-10-02T07:11:37Z</time><ele>28</ele><speed>11.899</speed></trkpt><trkpt lat="25.00247" lon="121.582149"><time>2026-10-02T07:11:38Z</time><ele>27</ele><speed>11.812</speed></trkpt><trkpt lat="25.002483" lon="121.582178"><time>2026-10-02T07:11:39Z</time><ele>28</ele><speed>11.032</speed></trkpt><trkpt lat="25.002497" lon="121.582207"><time>2026-10-02T07:11:40Z</time><ele>28</ele><speed>11.287</speed></trkpt><trkpt lat="25.002509" lon="121.582237"><time>2026-10-02T07:11:41Z</time><ele>28</ele><speed>11.716</speed></trkpt><trkpt lat="25.002518" lon="121.582268"><time>2026-10-02T07:11:42Z</time><ele>28</ele><speed>12.213</speed></trkpt><trkpt lat="25.002528" lon="121.582298"><time>2026-10-02T07:11:43Z</time><ele>28</ele><speed>10.655</speed></trkpt><trkpt lat="25.002536" lon="121.582327"><time>2026-10-02T07:11:44Z</time><ele>28</ele><speed>10.589</speed></trkpt><trkpt lat="25.002543" lon="121.582357"><time>2026-10-02T07:11:45Z</time><ele>28</ele><speed>10.762</speed></trkpt><trkpt lat="25.002551" lon="121.582386"><time>2026-10-02T07:11:46Z</time><ele>28</ele><speed>10.748</speed></trkpt><trkpt lat="25.002563" lon="121.582413"><time>2026-10-02T07:11:47Z</time><ele>28</ele><speed>10.388</speed></trkpt><trkpt lat="25.002574" lon="121.58244"><time>2026-10-02T07:11:48Z</time><ele>28</ele><speed>10.481</speed></trkpt><trkpt lat="25.002586" lon="121.582467"><time>2026-10-02T07:11:49Z</time><ele>29</ele><speed>9.232</speed></trkpt><trkpt lat="25.002596" lon="121.582493"><time>2026-10-02T07:11:50Z</time><ele>29</ele><speed>8.733</speed></trkpt><trkpt lat="25.002606" lon="121.582515"><time>2026-10-02T07:11:51Z</time><ele>29</ele><speed>6.696</speed></trkpt><trkpt lat="25.002614" lon="121.582536"><time>2026-10-02T07:11:52Z</time><ele>28</ele><speed>6.209</speed></trkpt><trkpt lat="25.002622" lon="121.582556"><time>2026-10-02T07:11:53Z</time><ele>28</ele><speed>6.149</speed></trkpt><trkpt lat="25.00263" lon="121.582574"><time>2026-10-02T07:11:54Z</time><ele>28</ele><speed>7.599</speed></trkpt><trkpt lat="25.00264" lon="121.582595"><time>2026-10-02T07:11:55Z</time><ele>28</ele><speed>10.804</speed></trkpt><trkpt lat="25.00265" lon="121.582618"><time>2026-10-02T07:11:56Z</time><ele>28</ele><speed>12.685</speed></trkpt><trkpt lat="25.002661" lon="121.582646"><time>2026-10-02T07:11:57Z</time><ele>28</ele><speed>14.29</speed></trkpt><trkpt lat="25.00267" lon="121.582677"><time>2026-10-02T07:11:58Z</time><ele>28</ele><speed>13.7</speed></trkpt><trkpt lat="25.002679" lon="121.582711"><time>2026-10-02T07:11:59Z</time><ele>28</ele><speed>13.595</speed></trkpt><trkpt lat="25.002687" lon="121.582745"><time>2026-10-02T07:12:00Z</time><ele>28</ele><speed>11.775</speed></trkpt><trkpt lat="25.002693" lon="121.582778"><time>2026-10-02T07:12:01Z</time><ele>28</ele><speed>10.235</speed></trkpt><trkpt lat="25.002697" lon="121.582808"><time>2026-10-02T07:12:02Z</time><ele>28</ele><speed>8.796</speed></trkpt><trkpt lat="25.002699" lon="121.582835"><time>2026-10-02T07:12:03Z</time><ele>28</ele><speed>9.173</speed></trkpt><trkpt lat="25.002701" lon="121.582863"><time>2026-10-02T07:12:04Z</time><ele>29</ele><speed>10.589</speed></trkpt><trkpt lat="25.002704" lon="121.582891"><time>2026-10-02T07:12:05Z</time><ele>28</ele><speed>12.632</speed></trkpt><trkpt lat="25.002709" lon="121.582922"><time>2026-10-02T07:12:06Z</time><ele>28</ele><speed>13.901</speed></trkpt><trkpt lat="25.002716" lon="121.582955"><time>2026-10-02T07:12:07Z</time><ele>28</ele><speed>14.191</speed></trkpt><trkpt lat="25.002724" lon="121.582991"><time>2026-10-02T07:12:08Z</time><ele>28</ele><speed>13.99</speed></trkpt><trkpt lat="25.002735" lon="121.583031"><time>2026-10-02T07:12:09Z</time><ele>29</ele><speed>15.682</speed></trkpt><trkpt lat="25.002747" lon="121.583073"><time>2026-10-02T07:12:10Z</time><ele>29</ele><speed>17.141</speed></trkpt><trkpt lat="25.00276" lon="121.583114"><time>2026-10-02T07:12:11Z</time><ele>29</ele><speed>15.217</speed></trkpt><trkpt lat="25.002773" lon="121.583156"><time>2026-10-02T07:12:12Z</time><ele>29</ele><speed>14.804</speed></trkpt><trkpt lat="25.002786" lon="121.583198"><time>2026-10-02T07:12:13Z</time><ele>28</ele><speed>15.682</speed></trkpt><trkpt lat="25.0028" lon="121.583241"><time>2026-10-02T07:12:14Z</time><ele>28</ele><speed>15.451</speed></trkpt><trkpt lat="25.002813" lon="121.583282"><time>2026-10-02T07:12:15Z</time><ele>29</ele><speed>14.732</speed></trkpt><trkpt lat="25.002825" lon="121.583323"><time>2026-10-02T07:12:16Z</time><ele>28</ele><speed>15.064</speed></trkpt><trkpt lat="25.002836" lon="121.583363"><time>2026-10-02T07:12:17Z</time><ele>28</ele><speed>14.343</speed></trkpt><trkpt lat="25.002845" lon="121.583403"><time>2026-10-02T07:12:18Z</time><ele>28</ele><speed>14.625</speed></trkpt><trkpt lat="25.002854" lon="121.583442"><time>2026-10-02T07:12:19Z</time><ele>28</ele><speed>14.414</speed></trkpt><trkpt lat="25.002864" lon="121.583481"><time>2026-10-02T07:12:20Z</time><ele>28</ele><speed>15.231</speed></trkpt><trkpt lat="25.002874" lon="121.58352"><time>2026-10-02T07:12:21Z</time><ele>28</ele><speed>15.46</speed></trkpt><trkpt lat="25.002883" lon="121.583559"><time>2026-10-02T07:12:22Z</time><ele>28</ele><speed>15.375</speed></trkpt><trkpt lat="25.002893" lon="121.583599"><time>2026-10-02T07:12:23Z</time><ele>28</ele><speed>14.764</speed></trkpt><trkpt lat="25.0029" lon="121.583639"><time>2026-10-02T07:12:24Z</time><ele>28</ele><speed>14.436</speed></trkpt><trkpt lat="25.002904" lon="121.583681"><time>2026-10-02T07:12:25Z</time><ele>28</ele><speed>15.033</speed></trkpt><trkpt lat="25.002904" lon="121.583722"><time>2026-10-02T07:12:26Z</time><ele>28</ele><speed>15.074</speed></trkpt><trkpt lat="25.0029" lon="121.583762"><time>2026-10-02T07:12:27Z</time><ele>27</ele><speed>15.113</speed></trkpt><trkpt lat="25.002891" lon="121.583801"><time>2026-10-02T07:12:28Z</time><ele>28</ele><speed>15.66</speed></trkpt><trkpt lat="25.002877" lon="121.58384"><time>2026-10-02T07:12:29Z</time><ele>27</ele><speed>16.263</speed></trkpt><trkpt lat="25.002858" lon="121.583878"><time>2026-10-02T07:12:30Z</time><ele>28</ele><speed>16.041</speed></trkpt><trkpt lat="25.002836" lon="121.583913"><time>2026-10-02T07:12:31Z</time><ele>27</ele><speed>15.671</speed></trkpt><trkpt lat="25.002808" lon="121.583946"><time>2026-10-02T07:12:32Z</time><ele>27</ele><speed>16.235</speed></trkpt><trkpt lat="25.002778" lon="121.583977"><time>2026-10-02T07:12:33Z</time><ele>27</ele><speed>15.797</speed></trkpt><trkpt lat="25.002743" lon="121.584005"><time>2026-10-02T07:12:34Z</time><ele>27</ele><speed>15.876</speed></trkpt><trkpt lat="25.002706" lon="121.584029"><time>2026-10-02T07:12:35Z</time><ele>27</ele><speed>16.098</speed></trkpt><trkpt lat="25.002668" lon="121.58405"><time>2026-10-02T07:12:36Z</time><ele>27</ele><speed>15.173</speed></trkpt><trkpt lat="25.00263" lon="121.584068"><time>2026-10-02T07:12:37Z</time><ele>27</ele><speed>15.56</speed></trkpt><trkpt lat="25.002592" lon="121.584084"><time>2026-10-02T07:12:38Z</time><ele>27</ele><speed>16.059</speed></trkpt><trkpt lat="25.002553" lon="121.584097"><time>2026-10-02T07:12:39Z</time><ele>26</ele><speed>15.744</speed></trkpt><trkpt lat="25.002515" lon="121.58411"><time>2026-10-02T07:12:40Z</time><ele>26</ele><speed>15.604</speed></trkpt><trkpt lat="25.002478" lon="121.584122"><time>2026-10-02T07:12:41Z</time><ele>26</ele><speed>15.537</speed></trkpt><trkpt lat="25.00244" lon="121.584135"><time>2026-10-02T07:12:42Z</time><ele>27</ele><speed>15.496</speed></trkpt><trkpt lat="25.002403" lon="121.584149"><time>2026-10-02T07:12:43Z</time><ele>26</ele><speed>15.422</speed></trkpt><trkpt lat="25.002366" lon="121.584162"><time>2026-10-02T07:12:44Z</time><ele>26</ele><speed>15.381</speed></trkpt><trkpt lat="25.002328" lon="121.584175"><time>2026-10-02T07:12:45Z</time><ele>25</ele><speed>16.108</speed></trkpt><trkpt lat="25.002291" lon="121.584188"><time>2026-10-02T07:12:46Z</time><ele>26</ele><speed>15.421</speed></trkpt><trkpt lat="25.002254" lon="121.584201"><time>2026-10-02T07:12:47Z</time><ele>26</ele><speed>15.43</speed></trkpt><trkpt lat="25.002217" lon="121.584215"><time>2026-10-02T07:12:48Z</time><ele>26</ele><speed>15.236</speed></trkpt><trkpt lat="25.00218" lon="121.584227"><time>2026-10-02T07:12:49Z</time><ele>26</ele><speed>14.616</speed></trkpt><trkpt lat="25.002144" lon="121.584238"><time>2026-10-02T07:12:50Z</time><ele>26</ele><speed>14.767</speed></trkpt><trkpt lat="25.002109" lon="121.584249"><time>2026-10-02T07:12:51Z</time><ele>26</ele><speed>14.485</speed></trkpt><trkpt lat="25.002074" lon="121.58426"><time>2026-10-02T07:12:52Z</time><ele>26</ele><speed>14.902</speed></trkpt><trkpt lat="25.002039" lon="121.584268"><time>2026-10-02T07:12:53Z</time><ele>26</ele><speed>15.45</speed></trkpt><trkpt lat="25.002003" lon="121.584274"><time>2026-10-02T07:12:54Z</time><ele>26</ele><speed>15.44</speed></trkpt><trkpt lat="25.001966" lon="121.584276"><time>2026-10-02T07:12:55Z</time><ele>26</ele><speed>15.489</speed></trkpt><trkpt lat="25.001928" lon="121.584277"><time>2026-10-02T07:12:56Z</time><ele>26</ele><speed>15.238</speed></trkpt><trkpt lat="25.00189" lon="121.584275"><time>2026-10-02T07:12:57Z</time><ele>26</ele><speed>15.566</speed></trkpt><trkpt lat="25.001851" lon="121.584272"><time>2026-10-02T07:12:58Z</time><ele>26</ele><speed>15.806</speed></trkpt><trkpt lat="25.001812" lon="121.584267"><time>2026-10-02T07:12:59Z</time><ele>26</ele><speed>16.21</speed></trkpt><trkpt lat="25.001773" lon="121.584258"><time>2026-10-02T07:13:00Z</time><ele>26</ele><speed>16.816</speed></trkpt><trkpt lat="25.001733" lon="121.584248"><time>2026-10-02T07:13:01Z</time><ele>26</ele><speed>17.346</speed></trkpt><trkpt lat="25.001693" lon="121.584236"><time>2026-10-02T07:13:02Z</time><ele>26</ele><speed>17.454</speed></trkpt><trkpt lat="25.001653" lon="121.584222"><time>2026-10-02T07:13:03Z</time><ele>26</ele><speed>17.346</speed></trkpt><trkpt lat="25.001614" lon="121.584204"><time>2026-10-02T07:13:04Z</time><ele>26</ele><speed>17.28</speed></trkpt><trkpt lat="25.001574" lon="121.584185"><time>2026-10-02T07:13:05Z</time><ele>26</ele><speed>17.543</speed></trkpt><trkpt lat="25.001536" lon="121.584165"><time>2026-10-02T07:13:06Z</time><ele>26</ele><speed>17.999</speed></trkpt><trkpt lat="25.001497" lon="121.584142"><time>2026-10-02T07:13:07Z</time><ele>26</ele><speed>18.61</speed></trkpt><trkpt lat="25.001459" lon="121.584116"><time>2026-10-02T07:13:08Z</time><ele>26</ele><speed>19.005</speed></trkpt><trkpt lat="25.001421" lon="121.584089"><time>2026-10-02T07:13:09Z</time><ele>26</ele><speed>19.583</speed></trkpt><trkpt lat="25.001384" lon="121.584058"><time>2026-10-02T07:13:10Z</time><ele>26</ele><speed>20.245</speed></trkpt><trkpt lat="25.001347" lon="121.584023"><time>2026-10-02T07:13:11Z</time><ele>26</ele><speed>21.007</speed></trkpt><trkpt lat="25.00131" lon="121.583985"><time>2026-10-02T07:13:12Z</time><ele>26</ele><speed>21.745</speed></trkpt><trkpt lat="25.001275" lon="121.583943"><time>2026-10-02T07:13:13Z</time><ele>25</ele><speed>22.749</speed></trkpt><trkpt lat="25.00124" lon="121.583898"><time>2026-10-02T07:13:14Z</time><ele>26</ele><speed>23.322</speed></trkpt><trkpt lat="25.001206" lon="121.583848"><time>2026-10-02T07:13:15Z</time><ele>24</ele><speed>24.73</speed></trkpt><trkpt lat="25.001172" lon="121.583795"><time>2026-10-02T07:13:16Z</time><ele>24</ele><speed>25.119</speed></trkpt><trkpt lat="25.001137" lon="121.58374"><time>2026-10-02T07:13:17Z</time><ele>26</ele><speed>24.965</speed></trkpt><trkpt lat="25.001102" lon="121.583683"><time>2026-10-02T07:13:18Z</time><ele>23</ele><speed>26.89</speed></trkpt><trkpt lat="25.001066" lon="121.583623"><time>2026-10-02T07:13:19Z</time><ele>23</ele><speed>27.278</speed></trkpt><trkpt lat="25.001029" lon="121.583562"><time>2026-10-02T07:13:20Z</time><ele>24</ele><speed>27.374</speed></trkpt><trkpt lat="25.00099" lon="121.583501"><time>2026-10-02T07:13:21Z</time><ele>23</ele><speed>28.121</speed></trkpt><trkpt lat="25.000951" lon="121.583438"><time>2026-10-02T07:13:22Z</time><ele>23</ele><speed>28.425</speed></trkpt><trkpt lat="25.000911" lon="121.583374"><time>2026-10-02T07:13:23Z</time><ele>23</ele><speed>28.768</speed></trkpt><trkpt lat="25.00087" lon="121.58331"><time>2026-10-02T07:13:24Z</time><ele>23</ele><speed>28.706</speed></trkpt><trkpt lat="25.000829" lon="121.583245"><time>2026-10-02T07:13:25Z</time><ele>24</ele><speed>29.159</speed></trkpt><trkpt lat="25.000788" lon="121.58318"><time>2026-10-02T07:13:26Z</time><ele>25</ele><speed>29.253</speed></trkpt><trkpt lat="25.000747" lon="121.583112"><time>2026-10-02T07:13:27Z</time><ele>24</ele><speed>29.402</speed></trkpt><trkpt lat="25.000706" lon="121.583044"><time>2026-10-02T07:13:28Z</time><ele>24</ele><speed>28.914</speed></trkpt><trkpt lat="25.000666" lon="121.582977"><time>2026-10-02T07:13:29Z</time><ele>24</ele><speed>28.151</speed></trkpt><trkpt lat="25.000627" lon="121.582908"><time>2026-10-02T07:13:30Z</time><ele>24</ele><speed>27.671</speed></trkpt><trkpt lat="25.000589" lon="121.582841"><time>2026-10-02T07:13:31Z</time><ele>24</ele><speed>26.813</speed></trkpt><trkpt lat="25.000551" lon="121.582775"><time>2026-10-02T07:13:32Z</time><ele>24</ele><speed>26.581</speed></trkpt><trkpt lat="25.000514" lon="121.58271"><time>2026-10-02T07:13:33Z</time><ele>23</ele><speed>26.089</speed></trkpt><trkpt lat="25.000477" lon="121.58265"><time>2026-10-02T07:13:34Z</time><ele>24</ele><speed>24.478</speed></trkpt><trkpt lat="25.000441" lon="121.58259"><time>2026-10-02T07:13:35Z</time><ele>24</ele><speed>24.118</speed></trkpt><trkpt lat="25.000404" lon="121.582534"><time>2026-10-02T07:13:36Z</time><ele>24</ele><speed>23.851</speed></trkpt><trkpt lat="25.000368" lon="121.582478"><time>2026-10-02T07:13:37Z</time><ele>24</ele><speed>23.398</speed></trkpt><trkpt lat="25.000334" lon="121.582425"><time>2026-10-02T07:13:38Z</time><ele>26</ele><speed>22.034</speed></trkpt><trkpt lat="25.000299" lon="121.582373"><time>2026-10-02T07:13:39Z</time><ele>24</ele><speed>22.897</speed></trkpt><trkpt lat="25.000266" lon="121.582321"><time>2026-10-02T07:13:40Z</time><ele>25</ele><speed>21.577</speed></trkpt><trkpt lat="25.000235" lon="121.58227"><time>2026-10-02T07:13:41Z</time><ele>25</ele><speed>20.315</speed></trkpt><trkpt lat="25.000205" lon="121.582221"><time>2026-10-02T07:13:42Z</time><ele>25</ele><speed>20.195</speed></trkpt><trkpt lat="25.000176" lon="121.582173"><time>2026-10-02T07:13:43Z</time><ele>25</ele><speed>19.632</speed></trkpt><trkpt lat="25.000147" lon="121.582126"><time>2026-10-02T07:13:44Z</time><ele>26</ele><speed>19.049</speed></trkpt><trkpt lat="25.000121" lon="121.582082"><time>2026-10-02T07:13:45Z</time><ele>26</ele><speed>17.508</speed></trkpt><trkpt lat="25.000096" lon="121.582036"><time>2026-10-02T07:13:46Z</time><ele>25</ele><speed>19.009</speed></trkpt><trkpt lat="25.000069" lon="121.58199"><time>2026-10-02T07:13:47Z</time><ele>25</ele><speed>19.856</speed></trkpt><trkpt lat="25.000044" lon="121.581948"><time>2026-10-02T07:13:48Z</time><ele>26</ele><speed>17.787</speed></trkpt><trkpt lat="25.000017" lon="121.581903"><time>2026-10-02T07:13:49Z</time><ele>24</ele><speed>20.254</speed></trkpt><trkpt lat="24.999991" lon="121.581855"><time>2026-10-02T07:13:50Z</time><ele>25</ele><speed>21.322</speed></trkpt><trkpt lat="24.999961" lon="121.581807"><time>2026-10-02T07:13:51Z</time><ele>25</ele><speed>21.248</speed></trkpt><trkpt lat="24.99993" lon="121.581761"><time>2026-10-02T07:13:52Z</time><ele>25</ele><speed>20.384</speed></trkpt><trkpt lat="24.999899" lon="121.581715"><time>2026-10-02T07:13:53Z</time><ele>25</ele><speed>19.627</speed></trkpt><trkpt lat="24.999867" lon="121.581668"><time>2026-10-02T07:13:54Z</time><ele>25</ele><speed>19.153</speed></trkpt><trkpt lat="24.999836" lon="121.581624"><time>2026-10-02T07:13:55Z</time><ele>25</ele><speed>18.097</speed></trkpt><trkpt lat="24.999804" lon="121.581585"><time>2026-10-02T07:13:56Z</time><ele>25</ele><speed>18.145</speed></trkpt><trkpt lat="24.999774" lon="121.581545"><time>2026-10-02T07:13:57Z</time><ele>25</ele><speed>18.399</speed></trkpt><trkpt lat="24.999744" lon="121.581505"><time>2026-10-02T07:13:58Z</time><ele>25</ele><speed>19.313</speed></trkpt><trkpt lat="24.999714" lon="121.581463"><time>2026-10-02T07:13:59Z</time><ele>24</ele><speed>20.35</speed></trkpt><trkpt lat="24.999684" lon="121.581422"><time>2026-10-02T07:14:00Z</time><ele>25</ele><speed>19.999</speed></trkpt><trkpt lat="24.999654" lon="121.581376"><time>2026-10-02T07:14:01Z</time><ele>24</ele><speed>21.255</speed></trkpt><trkpt lat="24.999624" lon="121.58133"><time>2026-10-02T07:14:02Z</time><ele>26</ele><speed>20.627</speed></trkpt><trkpt lat="24.999594" lon="121.581283"><time>2026-10-02T07:14:03Z</time><ele>25</ele><speed>20.356</speed></trkpt><trkpt lat="24.999565" lon="121.581236"><time>2026-10-02T07:14:04Z</time><ele>25</ele><speed>19.478</speed></trkpt><trkpt lat="24.999538" lon="121.58119"><time>2026-10-02T07:14:05Z</time><ele>25</ele><speed>19.474</speed></trkpt><trkpt lat="24.999511" lon="121.581145"><time>2026-10-02T07:14:06Z</time><ele>26</ele><speed>18.57</speed></trkpt><trkpt lat="24.999484" lon="121.5811"><time>2026-10-02T07:14:07Z</time><ele>25</ele><speed>18.531</speed></trkpt><trkpt lat="24.999459" lon="121.581058"><time>2026-10-02T07:14:08Z</time><ele>25</ele><speed>17.761</speed></trkpt><trkpt lat="24.999436" lon="121.581017"><time>2026-10-02T07:14:09Z</time><ele>25</ele><speed>16.581</speed></trkpt><trkpt lat="24.999412" lon="121.580977"><time>2026-10-02T07:14:10Z</time><ele>24</ele><speed>16.646</speed></trkpt><trkpt lat="24.999389" lon="121.580938"><time>2026-10-02T07:14:11Z</time><ele>24</ele><speed>17.044</speed></trkpt><trkpt lat="24.999365" lon="121.580899"><time>2026-10-02T07:14:12Z</time><ele>24</ele><speed>18.01</speed></trkpt><trkpt lat="24.999343" lon="121.58086"><time>2026-10-02T07:14:13Z</time><ele>24</ele><speed>18.559</speed></trkpt><trkpt lat="24.99932" lon="121.580821"><time>2026-10-02T07:14:14Z</time><ele>23</ele><speed>17.567</speed></trkpt><trkpt lat="24.999296" lon="121.580782"><time>2026-10-02T07:14:15Z</time><ele>24</ele><speed>16.389</speed></trkpt><trkpt lat="24.999272" lon="121.580743"><time>2026-10-02T07:14:16Z</time><ele>24</ele><speed>16.363</speed></trkpt><trkpt lat="24.999248" lon="121.580703"><time>2026-10-02T07:14:17Z</time><ele>23</ele><speed>18.178</speed></trkpt><trkpt lat="24.999228" lon="121.580661"><time>2026-10-02T07:14:18Z</time><ele>24</ele><speed>17.638</speed></trkpt><trkpt lat="24.999206" lon="121.580619"><time>2026-10-02T07:14:19Z</time><ele>24</ele><speed>18.501</speed></trkpt><trkpt lat="24.999186" lon="121.580576"><time>2026-10-02T07:14:20Z</time><ele>23</ele><speed>18.297</speed></trkpt><trkpt lat="24.999164" lon="121.580531"><time>2026-10-02T07:14:21Z</time><ele>23</ele><speed>17.681</speed></trkpt><trkpt lat="24.999143" lon="121.580487"><time>2026-10-02T07:14:22Z</time><ele>24</ele><speed>17.169</speed></trkpt><trkpt lat="24.999122" lon="121.580443"><time>2026-10-02T07:14:23Z</time><ele>24</ele><speed>16.78</speed></trkpt><trkpt lat="24.999097" lon="121.580402"><time>2026-10-02T07:14:24Z</time><ele>24</ele><speed>16.391</speed></trkpt><trkpt lat="24.999074" lon="121.580362"><time>2026-10-02T07:14:25Z</time><ele>24</ele><speed>15.961</speed></trkpt><trkpt lat="24.999051" lon="121.580324"><time>2026-10-02T07:14:26Z</time><ele>23</ele><speed>15.053</speed></trkpt><trkpt lat="24.99903" lon="121.580287"><time>2026-10-02T07:14:27Z</time><ele>24</ele><speed>14.228</speed></trkpt><trkpt lat="24.999009" lon="121.580252"><time>2026-10-02T07:14:28Z</time><ele>23</ele><speed>12.588</speed></trkpt><trkpt lat="24.998992" lon="121.580221"><time>2026-10-02T07:14:29Z</time><ele>23</ele><speed>9.294</speed></trkpt><trkpt lat="24.998977" lon="121.580196"><time>2026-10-02T07:14:30Z</time><ele>24</ele><speed>4.087</speed></trkpt><trkpt lat="24.998964" lon="121.580171"><time>2026-10-02T07:15:49Z</time><ele>24</ele><speed>2.609</speed></trkpt><trkpt lat="24.998955" lon="121.580147"><time>2026-10-02T07:15:54Z</time><ele>24</ele><speed>3.959</speed></trkpt><trkpt lat="24.998949" lon="121.580126"><time>2026-10-02T07:15:55Z</time><ele>24</ele><speed>4.279</speed></trkpt><trkpt lat="24.998944" lon="121.580107"><time>2026-10-02T07:15:57Z</time><ele>24</ele><speed>4.345</speed></trkpt><trkpt lat="24.998941" lon="121.580087"><time>2026-10-02T07:15:58Z</time><ele>24</ele><speed>4.29</speed></trkpt><trkpt lat="24.998938" lon="121.580066"><time>2026-10-02T07:15:59Z</time><ele>24</ele><speed>2.591</speed></trkpt><trkpt lat="24.998898" lon="121.58007"><time>2026-10-02T07:16:32Z</time><ele>25</ele><speed>1.101</speed></trkpt><trkpt lat="24.998857" lon="121.580078"><time>2026-10-02T07:16:33Z</time><ele>17</ele><speed>0.248</speed></trkpt><trkpt lat="24.998817" lon="121.580088"><time>2026-10-02T07:16:34Z</time><ele>17</ele><speed>0.353</speed></trkpt><trkpt lat="24.998777" lon="121.580102"><time>2026-10-02T07:16:35Z</time><ele>17</ele><speed>0.353</speed></trkpt><trkpt lat="24.998737" lon="121.580118"><time>2026-10-02T07:16:36Z</time><ele>17</ele><speed>0.309</speed></trkpt><trkpt lat="24.998697" lon="121.580136"><time>2026-10-02T07:16:37Z</time><ele>17</ele><speed>0.593</speed></trkpt><trkpt lat="24.99869" lon="121.580157"><time>2026-10-02T07:16:51Z</time><ele>26</ele><speed>4.483</speed></trkpt><trkpt lat="24.998683" lon="121.580183"><time>2026-10-02T07:16:52Z</time><ele>26</ele><speed>4.093</speed></trkpt><trkpt lat="24.998677" lon="121.580211"><time>2026-10-02T07:16:53Z</time><ele>26</ele><speed>4.051</speed></trkpt><trkpt lat="24.99867" lon="121.580241"><time>2026-10-02T07:16:54Z</time><ele>26</ele><speed>3.921</speed></trkpt><trkpt lat="24.998664" lon="121.580273"><time>2026-10-02T07:16:55Z</time><ele>26</ele><speed>3.483</speed></trkpt><trkpt lat="24.998657" lon="121.580305"><time>2026-10-02T07:16:56Z</time><ele>26</ele><speed>2.652</speed></trkpt><trkpt lat="24.99866" lon="121.580326"><time>2026-10-02T07:17:00Z</time><ele>25</ele><speed>4.19</speed></trkpt><trkpt lat="24.998663" lon="121.580345"><time>2026-10-02T07:17:01Z</time><ele>25</ele><speed>4.478</speed></trkpt><trkpt lat="24.998669" lon="121.580366"><time>2026-10-02T07:17:03Z</time><ele>25</ele><speed>4.717</speed></trkpt><trkpt lat="24.998676" lon="121.580387"><time>2026-10-02T07:17:04Z</time><ele>25</ele><speed>4.611</speed></trkpt><trkpt lat="24.998684" lon="121.580408"><time>2026-10-02T07:17:05Z</time><ele>25</ele><speed>4.583</speed></trkpt><trkpt lat="24.998694" lon="121.580431"><time>2026-10-02T07:17:06Z</time><ele>25</ele><speed>4.688</speed></trkpt><trkpt lat="24.998703" lon="121.580449"><time>2026-10-02T07:17:08Z</time><ele>25</ele><speed>4.496</speed></trkpt><trkpt lat="24.998713" lon="121.580467"><time>2026-10-02T07:17:09Z</time><ele>24</ele><speed>5.017</speed></trkpt><trkpt lat="24.998722" lon="121.580486"><time>2026-10-02T07:17:11Z</time><ele>25</ele><speed>4.699</speed></trkpt><trkpt lat="24.99873" lon="121.580504"><time>2026-10-02T07:17:12Z</time><ele>25</ele><speed>4.662</speed></trkpt><trkpt lat="24.998739" lon="121.580524"><time>2026-10-02T07:17:14Z</time><ele>25</ele><speed>4.707</speed></trkpt><trkpt lat="24.998748" lon="121.580543"><time>2026-10-02T07:17:15Z</time><ele>25</ele><speed>4.327</speed></trkpt><trkpt lat="24.998752" lon="121.580562"><time>2026-10-02T07:17:17Z</time><ele>25</ele><speed>4.581</speed></trkpt><trkpt lat="24.998755" lon="121.580584"><time>2026-10-02T07:17:19Z</time><ele>25</ele><speed>4.582</speed></trkpt><trkpt lat="24.998756" lon="121.580604"><time>2026-10-02T07:17:21Z</time><ele>25</ele><speed>4.375</speed></trkpt><trkpt lat="24.998758" lon="121.580625"><time>2026-10-02T07:17:23Z</time><ele>25</ele><speed>4.054</speed></trkpt><trkpt lat="24.998759" lon="121.580646"><time>2026-10-02T07:17:24Z</time><ele>25</ele><speed>5.102</speed></trkpt><trkpt lat="24.998759" lon="121.580666"><time>2026-10-02T07:17:25Z</time><ele>25</ele><speed>4.949</speed></trkpt><trkpt lat="24.998761" lon="121.580687"><time>2026-10-02T07:17:27Z</time><ele>25</ele><speed>4.951</speed></trkpt><trkpt lat="24.998766" lon="121.580707"><time>2026-10-02T07:17:29Z</time><ele>26</ele><speed>4.708</speed></trkpt><trkpt lat="24.998772" lon="121.580728"><time>2026-10-02T07:17:31Z</time><ele>26</ele><speed>4.466</speed></trkpt><trkpt lat="24.998778" lon="121.580749"><time>2026-10-02T07:17:33Z</time><ele>25</ele><speed>4.408</speed></trkpt><trkpt lat="24.998785" lon="121.580769"><time>2026-10-02T07:17:34Z</time><ele>26</ele><speed>4.257</speed></trkpt><trkpt lat="24.998793" lon="121.580789"><time>2026-10-02T07:17:35Z</time><ele>26</ele><speed>4.505</speed></trkpt><trkpt lat="24.9988" lon="121.580809"><time>2026-10-02T07:17:37Z</time><ele>26</ele><speed>4.713</speed></trkpt><trkpt lat="24.998807" lon="121.580829"><time>2026-10-02T07:17:39Z</time><ele>26</ele><speed>4.345</speed></trkpt><trkpt lat="24.998813" lon="121.580848"><time>2026-10-02T07:17:41Z</time><ele>26</ele><speed>4.192</speed></trkpt><trkpt lat="24.998818" lon="121.580868"><time>2026-10-02T07:17:43Z</time><ele>26</ele><speed>4.847</speed></trkpt><trkpt lat="24.998823" lon="121.580888"><time>2026-10-02T07:17:44Z</time><ele>26</ele><speed>4.882</speed></trkpt><trkpt lat="24.998828" lon="121.580908"><time>2026-10-02T07:17:45Z</time><ele>26</ele><speed>4.91</speed></trkpt><trkpt lat="24.998833" lon="121.580928"><time>2026-10-02T07:17:47Z</time><ele>25</ele><speed>4.281</speed></trkpt><trkpt lat="24.998839" lon="121.580948"><time>2026-10-02T07:17:49Z</time><ele>26</ele><speed>4.291</speed></trkpt><trkpt lat="24.998845" lon="121.580968"><time>2026-10-02T07:17:51Z</time><ele>26</ele><speed>4.579</speed></trkpt><trkpt lat="24.998851" lon="121.580989"><time>2026-10-02T07:17:53Z</time><ele>26</ele><speed>4.369</speed></trkpt><trkpt lat="24.998856" lon="121.581008"><time>2026-10-02T07:17:54Z</time><ele>25</ele><speed>3.865</speed></trkpt><trkpt lat="24.998851" lon="121.58103"><time>2026-10-02T07:18:02Z</time><ele>26</ele><speed>5.243</speed></trkpt><trkpt lat="24.998842" lon="121.581049"><time>2026-10-02T07:18:04Z</time><ele>26</ele><speed>4.783</speed></trkpt><trkpt lat="24.99883" lon="121.581067"><time>2026-10-02T07:18:05Z</time><ele>26</ele><speed>5.034</speed></trkpt><trkpt lat="24.998816" lon="121.58108"><time>2026-10-02T07:18:06Z</time><ele>26</ele><speed>4.186</speed></trkpt><trkpt lat="24.998799" lon="121.58109"><time>2026-10-02T07:18:07Z</time><ele>26</ele><speed>2.907</speed></trkpt><trkpt lat="24.998795" lon="121.58111"><time>2026-10-02T07:18:27Z</time><ele>26</ele><speed>3.755</speed></trkpt><trkpt lat="24.9988" lon="121.581131"><time>2026-10-02T07:18:29Z</time><ele>26</ele><speed>4.5</speed></trkpt><trkpt lat="24.998809" lon="121.581152"><time>2026-10-02T07:18:30Z</time><ele>26</ele><speed>3.982</speed></trkpt><trkpt lat="24.99882" lon="121.581172"><time>2026-10-02T07:18:31Z</time><ele>26</ele><speed>3.022</speed></trkpt><trkpt lat="24.998832" lon="121.581192"><time>2026-10-02T07:18:32Z</time><ele>26</ele><speed>2.681</speed></trkpt><trkpt lat="24.998847" lon="121.581213"><time>2026-10-02T07:19:45Z</time><ele>27</ele><speed>3.313</speed></trkpt><trkpt lat="24.998845" lon="121.581193"><time>2026-10-02T07:25:56Z</time><ele>26</ele><speed>3.128</speed></trkpt><trkpt lat="24.99884" lon="121.581165"><time>2026-10-02T07:25:57Z</time><ele>26</ele><speed>5.898</speed></trkpt><trkpt lat="24.998835" lon="121.581134"><time>2026-10-02T07:25:58Z</time><ele>26</ele><speed>5.986</speed></trkpt><trkpt lat="24.998829" lon="121.581101"><time>2026-10-02T07:25:59Z</time><ele>26</ele><speed>4.754</speed></trkpt><trkpt lat="24.998824" lon="121.581064"><time>2026-10-02T07:26:00Z</time><ele>26</ele><speed>5.836</speed></trkpt><trkpt lat="24.998816" lon="121.581026"><time>2026-10-02T07:26:01Z</time><ele>26</ele><speed>4.683</speed></trkpt><trkpt lat="24.998809" lon="121.581006"><time>2026-10-02T07:26:07Z</time><ele>25</ele><speed>5.453</speed></trkpt><trkpt lat="24.998802" lon="121.580986"><time>2026-10-02T07:26:08Z</time><ele>25</ele><speed>5.994</speed></trkpt><trkpt lat="24.998794" lon="121.580967"><time>2026-10-02T07:26:09Z</time><ele>26</ele><speed>5.069</speed></trkpt><trkpt lat="24.998784" lon="121.580948"><time>2026-10-02T07:26:10Z</time><ele>26</ele><speed>5.634</speed></trkpt><trkpt lat="24.998774" lon="121.58093"><time>2026-10-02T07:26:11Z</time><ele>26</ele><speed>3.779</speed></trkpt><trkpt lat="24.998763" lon="121.580911"><time>2026-10-02T07:26:12Z</time><ele>26</ele><speed>5.249</speed></trkpt><trkpt lat="24.998758" lon="121.580891"><time>2026-10-02T07:26:17Z</time><ele>25</ele><speed>7.004</speed></trkpt><trkpt lat="24.998753" lon="121.580871"><time>2026-10-02T07:26:20Z</time><ele>26</ele><speed>2.812</speed></trkpt><trkpt lat="24.998749" lon="121.580847"><time>2026-10-02T07:26:29Z</time><ele>26</ele><speed>5.478</speed></trkpt><trkpt lat="24.998747" lon="121.580822"><time>2026-10-02T07:26:30Z</time><ele>26</ele><speed>7.057</speed></trkpt><trkpt lat="24.998746" lon="121.580794"><time>2026-10-02T07:26:31Z</time><ele>26</ele><speed>8.176</speed></trkpt><trkpt lat="24.998748" lon="121.580765"><time>2026-10-02T07:26:32Z</time><ele>26</ele><speed>9.298</speed></trkpt><trkpt lat="24.998746" lon="121.580744"><time>2026-10-02T07:26:34Z</time><ele>26</ele><speed>7.113</speed></trkpt><trkpt lat="24.998745" lon="121.580723"><time>2026-10-02T07:26:35Z</time><ele>26</ele><speed>6.152</speed></trkpt><trkpt lat="24.998744" lon="121.580702"><time>2026-10-02T07:26:39Z</time><ele>25</ele><speed>3.892</speed></trkpt><trkpt lat="24.998741" lon="121.580681"><time>2026-10-02T07:26:40Z</time><ele>25</ele><speed>4.794</speed></trkpt><trkpt lat="24.998738" lon="121.580662"><time>2026-10-02T07:26:41Z</time><ele>24</ele><speed>5.441</speed></trkpt><trkpt lat="24.998736" lon="121.580641"><time>2026-10-02T07:26:44Z</time><ele>24</ele><speed>5.543</speed></trkpt><trkpt lat="24.998734" lon="121.580619"><time>2026-10-02T07:26:46Z</time><ele>24</ele><speed>5.751</speed></trkpt><trkpt lat="24.998732" lon="121.580599"><time>2026-10-02T07:26:47Z</time><ele>25</ele><speed>3.963</speed></trkpt><trkpt lat="24.998729" lon="121.580577"><time>2026-10-02T07:26:49Z</time><ele>24</ele><speed>5.724</speed></trkpt><trkpt lat="24.998727" lon="121.580557"><time>2026-10-02T07:26:50Z</time><ele>24</ele><speed>4.597</speed></trkpt><trkpt lat="24.998724" lon="121.580537"><time>2026-10-02T07:26:51Z</time><ele>24</ele><speed>5.54</speed></trkpt><trkpt lat="24.998724" lon="121.580515"><time>2026-10-02T07:26:55Z</time><ele>25</ele><speed>4.139</speed></trkpt><trkpt lat="24.998724" lon="121.580495"><time>2026-10-02T07:26:57Z</time><ele>26</ele><speed>4.852</speed></trkpt><trkpt lat="24.998725" lon="121.580472"><time>2026-10-02T07:26:58Z</time><ele>24</ele><speed>5.167</speed></trkpt><trkpt lat="24.998728" lon="121.580452"><time>2026-10-02T07:26:59Z</time><ele>24</ele><speed>5.636</speed></trkpt><trkpt lat="24.998728" lon="121.580432"><time>2026-10-02T07:27:00Z</time><ele>25</ele><speed>6.089</speed></trkpt><trkpt lat="24.998724" lon="121.580412"><time>2026-10-02T07:27:03Z</time><ele>25</ele><speed>5.31</speed></trkpt><trkpt lat="24.998712" lon="121.580395"><time>2026-10-02T07:27:04Z</time><ele>25</ele><speed>6.54</speed></trkpt><trkpt lat="24.9987" lon="121.580378"><time>2026-10-02T07:27:06Z</time><ele>25</ele><speed>5.864</speed></trkpt><trkpt lat="24.998688" lon="121.580359"><time>2026-10-02T07:27:07Z</time><ele>25</ele><speed>7.191</speed></trkpt><trkpt lat="24.998675" lon="121.580341"><time>2026-10-02T07:27:08Z</time><ele>25</ele><speed>5.501</speed></trkpt><trkpt lat="24.998663" lon="121.580323"><time>2026-10-02T07:27:09Z</time><ele>25</ele><speed>5.142</speed></trkpt><trkpt lat="24.998656" lon="121.580304"><time>2026-10-02T07:27:11Z</time><ele>25</ele><speed>4.633</speed></trkpt><trkpt lat="24.998646" lon="121.580286"><time>2026-10-02T07:27:13Z</time><ele>25</ele><speed>4.924</speed></trkpt><trkpt lat="24.998633" lon="121.580273"><time>2026-10-02T07:27:15Z</time><ele>25</ele><speed>4.434</speed></trkpt><trkpt lat="24.99862" lon="121.580257"><time>2026-10-02T07:27:17Z</time><ele>25</ele><speed>4.677</speed></trkpt><trkpt lat="24.998606" lon="121.58024"><time>2026-10-02T07:27:18Z</time><ele>25</ele><speed>4.749</speed></trkpt><trkpt lat="24.998608" lon="121.580213"><time>2026-10-02T07:27:50Z</time><ele>25</ele><speed>3.487</speed></trkpt><trkpt lat="24.998611" lon="121.580188"><time>2026-10-02T07:27:51Z</time><ele>25</ele><speed>4.076</speed></trkpt><trkpt lat="24.99862" lon="121.580163"><time>2026-10-02T07:27:52Z</time><ele>25</ele><speed>4.255</speed></trkpt><trkpt lat="24.998636" lon="121.580139"><time>2026-10-02T07:27:53Z</time><ele>25</ele><speed>5.348</speed></trkpt><trkpt lat="24.998655" lon="121.580121"><time>2026-10-02T07:27:54Z</time><ele>25</ele><speed>5.265</speed></trkpt><trkpt lat="24.998677" lon="121.580106"><time>2026-10-02T07:27:55Z</time><ele>25</ele><speed>5.044</speed></trkpt><trkpt lat="24.998694" lon="121.580097"><time>2026-10-02T07:28:01Z</time><ele>25</ele><speed>4.725</speed></trkpt><trkpt lat="24.998711" lon="121.580088"><time>2026-10-02T07:28:02Z</time><ele>25</ele><speed>4.681</speed></trkpt><trkpt lat="24.998731" lon="121.58008"><time>2026-10-02T07:28:03Z</time><ele>24</ele><speed>4.591</speed></trkpt><trkpt lat="24.998749" lon="121.580072"><time>2026-10-02T07:28:04Z</time><ele>25</ele><speed>5.101</speed></trkpt><trkpt lat="24.998768" lon="121.580062"><time>2026-10-02T07:28:05Z</time><ele>25</ele><speed>5.712</speed></trkpt><trkpt lat="24.998788" lon="121.580051"><time>2026-10-02T07:28:06Z</time><ele>25</ele><speed>5.32</speed></trkpt><trkpt lat="24.998806" lon="121.580045"><time>2026-10-02T07:28:09Z</time><ele>25</ele><speed>5.652</speed></trkpt><trkpt lat="24.998824" lon="121.580039"><time>2026-10-02T07:28:10Z</time><ele>25</ele><speed>4.229</speed></trkpt><trkpt lat="24.998843" lon="121.580034"><time>2026-10-02T07:28:11Z</time><ele>24</ele><speed>4.802</speed></trkpt><trkpt lat="24.998863" lon="121.580029"><time>2026-10-02T07:28:12Z</time><ele>24</ele><speed>5.667</speed></trkpt><trkpt lat="24.998881" lon="121.580026"><time>2026-10-02T07:28:13Z</time><ele>24</ele><speed>4.113</speed></trkpt><trkpt lat="24.998899" lon="121.580022"><time>2026-10-02T07:28:14Z</time><ele>25</ele><speed>5.969</speed></trkpt><trkpt lat="24.998917" lon="121.580024"><time>2026-10-02T07:28:20Z</time><ele>24</ele><speed>4.355</speed></trkpt><trkpt lat="24.998936" lon="121.580029"><time>2026-10-02T07:28:21Z</time><ele>24</ele><speed>4.528</speed></trkpt><trkpt lat="24.998953" lon="121.580036"><time>2026-10-02T07:28:23Z</time><ele>23</ele><speed>3.817</speed></trkpt><trkpt lat="24.998968" lon="121.580052"><time>2026-10-02T07:28:34Z</time><ele>24</ele><speed>2.988</speed></trkpt><trkpt lat="24.998983" lon="121.580068"><time>2026-10-02T07:28:35Z</time><ele>24</ele><speed>2.982</speed></trkpt><trkpt lat="24.998991" lon="121.580092"><time>2026-10-02T07:31:28Z</time><ele>25</ele><speed>3.061</speed></trkpt><trkpt lat="24.998993" lon="121.580114"><time>2026-10-02T07:31:29Z</time><ele>24</ele><speed>4.1</speed></trkpt><trkpt lat="24.998996" lon="121.580136"><time>2026-10-02T07:31:30Z</time><ele>24</ele><speed>4.929</speed></trkpt><trkpt lat="24.998998" lon="121.580157"><time>2026-10-02T07:31:31Z</time><ele>24</ele><speed>5.347</speed></trkpt><trkpt lat="24.999004" lon="121.580176"><time>2026-10-02T07:31:36Z</time><ele>23</ele><speed>3.06</speed></trkpt><trkpt lat="24.999012" lon="121.580205"><time>2026-10-02T07:32:28Z</time><ele>24</ele><speed>1.519</speed></trkpt><trkpt lat="24.999023" lon="121.580222"><time>2026-10-02T07:33:50Z</time><ele>24</ele><speed>12.138</speed></trkpt><trkpt lat="24.999036" lon="121.580241"><time>2026-10-02T07:33:51Z</time><ele>24</ele><speed>12.673</speed></trkpt><trkpt lat="24.999051" lon="121.580264"><time>2026-10-02T07:33:52Z</time><ele>23</ele><speed>13.779</speed></trkpt><trkpt lat="24.999069" lon="121.580289"><time>2026-10-02T07:33:53Z</time><ele>24</ele><speed>14.609</speed></trkpt><trkpt lat="24.999086" lon="121.580313"><time>2026-10-02T07:33:54Z</time><ele>23</ele><speed>15.099</speed></trkpt><trkpt lat="24.999103" lon="121.580334"><time>2026-10-02T07:33:55Z</time><ele>24</ele><speed>14.718</speed></trkpt><trkpt lat="24.999124" lon="121.580365"><time>2026-10-02T07:33:56Z</time><ele>24</ele><speed>13.99</speed></trkpt><trkpt lat="24.999144" lon="121.580396"><time>2026-10-02T07:33:57Z</time><ele>23</ele><speed>13.033</speed></trkpt><trkpt lat="24.999164" lon="121.580427"><time>2026-10-02T07:33:58Z</time><ele>23</ele><speed>12.655</speed></trkpt><trkpt lat="24.999183" lon="121.580458"><time>2026-10-02T07:33:59Z</time><ele>23</ele><speed>12.699</speed></trkpt><trkpt lat="24.999203" lon="121.580488"><time>2026-10-02T07:34:00Z</time><ele>23</ele><speed>13.144</speed></trkpt><trkpt lat="24.999223" lon="121.580518"><time>2026-10-02T07:34:01Z</time><ele>24</ele><speed>13.504</speed></trkpt><trkpt lat="24.999245" lon="121.580547"><time>2026-10-02T07:34:02Z</time><ele>24</ele><speed>12.808</speed></trkpt><trkpt lat="24.999267" lon="121.580574"><time>2026-10-02T07:34:03Z</time><ele>23</ele><speed>10.835</speed></trkpt><trkpt lat="24.99929" lon="121.580594"><time>2026-10-02T07:34:04Z</time><ele>23</ele><speed>7.532</speed></trkpt><trkpt lat="24.999311" lon="121.580607"><time>2026-10-02T07:34:05Z</time><ele>24</ele><speed>5.264</speed></trkpt><trkpt lat="24.999309" lon="121.580582"><time>2026-10-02T07:34:11Z</time><ele>23</ele><speed>13.772</speed></trkpt><trkpt lat="24.999301" lon="121.580545"><time>2026-10-02T07:34:12Z</time><ele>23</ele><speed>14.268</speed></trkpt><trkpt lat="24.999287" lon="121.580499"><time>2026-10-02T07:34:13Z</time><ele>23</ele><speed>14.752</speed></trkpt><trkpt lat="24.999265" lon="121.580444"><time>2026-10-02T07:34:14Z</time><ele>23</ele><speed>15.634</speed></trkpt><trkpt lat="24.999235" lon="121.580383"><time>2026-10-02T07:34:15Z</time><ele>22</ele><speed>16.728</speed></trkpt><trkpt lat="24.999199" lon="121.580318"><time>2026-10-02T07:34:16Z</time><ele>22</ele><speed>17.947</speed></trkpt><trkpt lat="24.999178" lon="121.580279"><time>2026-10-02T07:34:17Z</time><ele>22</ele><speed>19.289</speed></trkpt><trkpt lat="24.999157" lon="121.580237"><time>2026-10-02T07:34:18Z</time><ele>23</ele><speed>19.808</speed></trkpt><trkpt lat="24.99914" lon="121.580193"><time>2026-10-02T07:34:19Z</time><ele>23</ele><speed>18.91</speed></trkpt><trkpt lat="24.999125" lon="121.580148"><time>2026-10-02T07:34:20Z</time><ele>23</ele><speed>17.623</speed></trkpt><trkpt lat="24.999115" lon="121.580102"><time>2026-10-02T07:34:21Z</time><ele>24</ele><speed>16.454</speed></trkpt><trkpt lat="24.999109" lon="121.580057"><time>2026-10-02T07:34:22Z</time><ele>23</ele><speed>15.621</speed></trkpt><trkpt lat="24.999106" lon="121.580013"><time>2026-10-02T07:34:23Z</time><ele>23</ele><speed>14.647</speed></trkpt><trkpt lat="24.999105" lon="121.579971"><time>2026-10-02T07:34:24Z</time><ele>23</ele><speed>14.338</speed></trkpt><trkpt lat="24.999107" lon="121.579931"><time>2026-10-02T07:34:25Z</time><ele>23</ele><speed>14.158</speed></trkpt><trkpt lat="24.999113" lon="121.579892"><time>2026-10-02T07:34:26Z</time><ele>23</ele><speed>14.229</speed></trkpt><trkpt lat="24.999122" lon="121.579855"><time>2026-10-02T07:34:27Z</time><ele>23</ele><speed>14.207</speed></trkpt><trkpt lat="24.999136" lon="121.579819"><time>2026-10-02T07:34:28Z</time><ele>22</ele><speed>14.344</speed></trkpt><trkpt lat="24.999154" lon="121.579783"><time>2026-10-02T07:34:29Z</time><ele>22</ele><speed>14.579</speed></trkpt><trkpt lat="24.999173" lon="121.579747"><time>2026-10-02T07:34:30Z</time><ele>22</ele><speed>15.263</speed></trkpt><trkpt lat="24.999192" lon="121.579709"><time>2026-10-02T07:34:31Z</time><ele>21</ele><speed>15.683</speed></trkpt><trkpt lat="24.99921" lon="121.57967"><time>2026-10-02T07:34:32Z</time><ele>22</ele><speed>15.862</speed></trkpt><trkpt lat="24.999226" lon="121.57963"><time>2026-10-02T07:34:33Z</time><ele>20</ele><speed>15.812</speed></trkpt><trkpt lat="24.99924" lon="121.579588"><time>2026-10-02T07:34:34Z</time><ele>20</ele><speed>15.584</speed></trkpt><trkpt lat="24.999254" lon="121.579547"><time>2026-10-02T07:34:35Z</time><ele>21</ele><speed>14.772</speed></trkpt><trkpt lat="24.999266" lon="121.579505"><time>2026-10-02T07:34:36Z</time><ele>21</ele><speed>15.423</speed></trkpt><trkpt lat="24.999276" lon="121.579462"><time>2026-10-02T07:34:37Z</time><ele>20</ele><speed>16.383</speed></trkpt><trkpt lat="24.999287" lon="121.579419"><time>2026-10-02T07:34:38Z</time><ele>20</ele><speed>16.855</speed></trkpt><trkpt lat="24.999297" lon="121.579375"><time>2026-10-02T07:34:39Z</time><ele>19</ele><speed>17.61</speed></trkpt><trkpt lat="24.999307" lon="121.57933"><time>2026-10-02T07:34:40Z</time><ele>19</ele><speed>18.267</speed></trkpt><trkpt lat="24.999315" lon="121.579281"><time>2026-10-02T07:34:41Z</time><ele>19</ele><speed>19.055</speed></trkpt><trkpt lat="24.999321" lon="121.579231"><time>2026-10-02T07:34:42Z</time><ele>19</ele><speed>19.295</speed></trkpt><trkpt lat="24.999327" lon="121.57918"><time>2026-10-02T07:34:43Z</time><ele>19</ele><speed>20.15</speed></trkpt><trkpt lat="24.999333" lon="121.579125"><time>2026-10-02T07:34:44Z</time><ele>18</ele><speed>21.581</speed></trkpt><trkpt lat="24.999339" lon="121.57907"><time>2026-10-02T07:34:45Z</time><ele>18</ele><speed>21.399</speed></trkpt><trkpt lat="24.999344" lon="121.579014"><time>2026-10-02T07:34:46Z</time><ele>18</ele><speed>20.973</speed></trkpt><trkpt lat="24.999351" lon="121.578957"><time>2026-10-02T07:34:47Z</time><ele>18</ele><speed>20.96</speed></trkpt><trkpt lat="24.999358" lon="121.578898"><time>2026-10-02T07:34:48Z</time><ele>17</ele><speed>21.036</speed></trkpt><trkpt lat="24.999366" lon="121.57884"><time>2026-10-02T07:34:49Z</time><ele>18</ele><speed>20.887</speed></trkpt><trkpt lat="24.999372" lon="121.578783"><time>2026-10-02T07:34:50Z</time><ele>18</ele><speed>20.895</speed></trkpt><trkpt lat="24.999379" lon="121.578725"><time>2026-10-02T07:34:51Z</time><ele>17</ele><speed>21.252</speed></trkpt><trkpt lat="24.999387" lon="121.578666"><time>2026-10-02T07:34:52Z</time><ele>17</ele><speed>21.362</speed></trkpt><trkpt lat="24.999394" lon="121.578608"><time>2026-10-02T07:34:53Z</time><ele>17</ele><speed>21.309</speed></trkpt><trkpt lat="24.9994" lon="121.57855"><time>2026-10-02T07:34:54Z</time><ele>17</ele><speed>20.838</speed></trkpt><trkpt lat="24.999406" lon="121.578493"><time>2026-10-02T07:34:55Z</time><ele>17</ele><speed>20.779</speed></trkpt><trkpt lat="24.999412" lon="121.578434"><time>2026-10-02T07:34:56Z</time><ele>16</ele><speed>21.127</speed></trkpt><trkpt lat="24.999414" lon="121.578377"><time>2026-10-02T07:34:57Z</time><ele>17</ele><speed>20.89</speed></trkpt><trkpt lat="24.999411" lon="121.57832"><time>2026-10-02T07:34:58Z</time><ele>17</ele><speed>20.456</speed></trkpt><trkpt lat="24.999403" lon="121.578265"><time>2026-10-02T07:34:59Z</time><ele>17</ele><speed>19.823</speed></trkpt><trkpt lat="24.99939" lon="121.578213"><time>2026-10-02T07:35:00Z</time><ele>17</ele><speed>19.626</speed></trkpt><trkpt lat="24.999371" lon="121.578163"><time>2026-10-02T07:35:01Z</time><ele>17</ele><speed>19.409</speed></trkpt><trkpt lat="24.999346" lon="121.578116"><time>2026-10-02T07:35:02Z</time><ele>17</ele><speed>18.734</speed></trkpt><trkpt lat="24.999317" lon="121.578074"><time>2026-10-02T07:35:03Z</time><ele>18</ele><speed>17.495</speed></trkpt><trkpt lat="24.999287" lon="121.578035"><time>2026-10-02T07:35:04Z</time><ele>18</ele><speed>16.428</speed></trkpt><trkpt lat="24.999258" lon="121.577996"><time>2026-10-02T07:35:05Z</time><ele>18</ele><speed>16.92</speed></trkpt><trkpt lat="24.999232" lon="121.577955"><time>2026-10-02T07:35:06Z</time><ele>17</ele><speed>18.142</speed></trkpt><trkpt lat="24.99921" lon="121.577913"><time>2026-10-02T07:35:07Z</time><ele>18</ele><speed>19.301</speed></trkpt><trkpt lat="24.999196" lon="121.577867"><time>2026-10-02T07:35:08Z</time><ele>18</ele><speed>20.614</speed></trkpt><trkpt lat="24.999191" lon="121.577816"><time>2026-10-02T07:35:09Z</time><ele>18</ele><speed>21.945</speed></trkpt><trkpt lat="24.999191" lon="121.577761"><time>2026-10-02T07:35:10Z</time><ele>18</ele><speed>21.833</speed></trkpt><trkpt lat="24.999196" lon="121.577703"><time>2026-10-02T07:35:11Z</time><ele>17</ele><speed>21.428</speed></trkpt><trkpt lat="24.999205" lon="121.577645"><time>2026-10-02T07:35:12Z</time><ele>17</ele><speed>20.954</speed></trkpt><trkpt lat="24.999213" lon="121.577586"><time>2026-10-02T07:35:13Z</time><ele>18</ele><speed>20.429</speed></trkpt><trkpt lat="24.999219" lon="121.577528"><time>2026-10-02T07:35:14Z</time><ele>17</ele><speed>20.559</speed></trkpt><trkpt lat="24.999222" lon="121.577471"><time>2026-10-02T07:35:15Z</time><ele>17</ele><speed>20.57</speed></trkpt><trkpt lat="24.999222" lon="121.577414"><time>2026-10-02T07:35:16Z</time><ele>17</ele><speed>20.764</speed></trkpt><trkpt lat="24.99922" lon="121.577357"><time>2026-10-02T07:35:17Z</time><ele>17</ele><speed>21.115</speed></trkpt><trkpt lat="24.999214" lon="121.5773"><time>2026-10-02T07:35:18Z</time><ele>17</ele><speed>21.394</speed></trkpt><trkpt lat="24.999204" lon="121.577243"><time>2026-10-02T07:35:19Z</time><ele>18</ele><speed>21.534</speed></trkpt><trkpt lat="24.99919" lon="121.577187"><time>2026-10-02T07:35:20Z</time><ele>17</ele><speed>21.065</speed></trkpt><trkpt lat="24.999172" lon="121.577132"><time>2026-10-02T07:35:21Z</time><ele>17</ele><speed>20.735</speed></trkpt><trkpt lat="24.99915" lon="121.577079"><time>2026-10-02T07:35:22Z</time><ele>17</ele><speed>20.274</speed></trkpt><trkpt lat="24.999126" lon="121.577028"><time>2026-10-02T07:35:23Z</time><ele>17</ele><speed>19.722</speed></trkpt><trkpt lat="24.999101" lon="121.576978"><time>2026-10-02T07:35:24Z</time><ele>16</ele><speed>20.215</speed></trkpt><trkpt lat="24.999075" lon="121.576928"><time>2026-10-02T07:35:25Z</time><ele>16</ele><speed>21.159</speed></trkpt><trkpt lat="24.999049" lon="121.576877"><time>2026-10-02T07:35:26Z</time><ele>17</ele><speed>21.809</speed></trkpt><trkpt lat="24.999022" lon="121.576826"><time>2026-10-02T07:35:27Z</time><ele>17</ele><speed>22.216</speed></trkpt><trkpt lat="24.998995" lon="121.576774"><time>2026-10-02T07:35:28Z</time><ele>17</ele><speed>21.39</speed></trkpt><trkpt lat="24.998968" lon="121.576722"><time>2026-10-02T07:35:29Z</time><ele>17</ele><speed>20.949</speed></trkpt><trkpt lat="24.998941" lon="121.576671"><time>2026-10-02T07:35:30Z</time><ele>17</ele><speed>20.342</speed></trkpt><trkpt lat="24.998912" lon="121.576621"><time>2026-10-02T07:35:31Z</time><ele>17</ele><speed>19.961</speed></trkpt><trkpt lat="24.998883" lon="121.576574"><time>2026-10-02T07:35:32Z</time><ele>18</ele><speed>19.591</speed></trkpt><trkpt lat="24.998854" lon="121.576528"><time>2026-10-02T07:35:33Z</time><ele>17</ele><speed>19.419</speed></trkpt><trkpt lat="24.998822" lon="121.576484"><time>2026-10-02T07:35:34Z</time><ele>17</ele><speed>20.514</speed></trkpt><trkpt lat="24.998786" lon="121.57644"><time>2026-10-02T07:35:35Z</time><ele>18</ele><speed>21.979</speed></trkpt><trkpt lat="24.99875" lon="121.576396"><time>2026-10-02T07:35:36Z</time><ele>18</ele><speed>22.703</speed></trkpt><trkpt lat="24.998713" lon="121.576352"><time>2026-10-02T07:35:37Z</time><ele>17</ele><speed>22.145</speed></trkpt><trkpt lat="24.998675" lon="121.576308"><time>2026-10-02T07:35:38Z</time><ele>18</ele><speed>21.547</speed></trkpt><trkpt lat="24.998636" lon="121.576265"><time>2026-10-02T07:35:39Z</time><ele>18</ele><speed>20.778</speed></trkpt><trkpt lat="24.998596" lon="121.576224"><time>2026-10-02T07:35:40Z</time><ele>18</ele><speed>20.351</speed></trkpt><trkpt lat="24.998557" lon="121.576185"><time>2026-10-02T07:35:41Z</time><ele>18</ele><speed>19.765</speed></trkpt><trkpt lat="24.998518" lon="121.576149"><time>2026-10-02T07:35:42Z</time><ele>18</ele><speed>19.445</speed></trkpt><trkpt lat="24.998478" lon="121.576117"><time>2026-10-02T07:35:43Z</time><ele>18</ele><speed>19.477</speed></trkpt><trkpt lat="24.998436" lon="121.576085"><time>2026-10-02T07:35:44Z</time><ele>17</ele><speed>21.345</speed></trkpt><trkpt lat="24.998394" lon="121.576053"><time>2026-10-02T07:35:45Z</time><ele>17</ele><speed>22.102</speed></trkpt><trkpt lat="24.99835" lon="121.576022"><time>2026-10-02T07:35:46Z</time><ele>18</ele><speed>22.514</speed></trkpt><trkpt lat="24.998304" lon="121.575992"><time>2026-10-02T07:35:47Z</time><ele>18</ele><speed>22.248</speed></trkpt><trkpt lat="24.998254" lon="121.575966"><time>2026-10-02T07:35:48Z</time><ele>18</ele><speed>22.186</speed></trkpt><trkpt lat="24.998202" lon="121.575943"><time>2026-10-02T07:35:49Z</time><ele>18</ele><speed>21.832</speed></trkpt><trkpt lat="24.99815" lon="121.575924"><time>2026-10-02T07:35:50Z</time><ele>18</ele><speed>21.551</speed></trkpt><trkpt lat="24.998097" lon="121.575909"><time>2026-10-02T07:35:51Z</time><ele>19</ele><speed>21.423</speed></trkpt><trkpt lat="24.998043" lon="121.575896"><time>2026-10-02T07:35:52Z</time><ele>18</ele><speed>21.26</speed></trkpt><trkpt lat="24.99799" lon="121.575886"><time>2026-10-02T07:35:53Z</time><ele>19</ele><speed>20.878</speed></trkpt><trkpt lat="24.997938" lon="121.575876"><time>2026-10-02T07:35:54Z</time><ele>19</ele><speed>20.112</speed></trkpt><trkpt lat="24.997887" lon="121.575865"><time>2026-10-02T07:35:55Z</time><ele>19</ele><speed>19.997</speed></trkpt><trkpt lat="24.997837" lon="121.575853"><time>2026-10-02T07:35:56Z</time><ele>19</ele><speed>20.087</speed></trkpt><trkpt lat="24.997787" lon="121.575841"><time>2026-10-02T07:35:57Z</time><ele>19</ele><speed>20.004</speed></trkpt><trkpt lat="24.99774" lon="121.575827"><time>2026-10-02T07:35:58Z</time><ele>20</ele><speed>19.336</speed></trkpt><trkpt lat="24.997693" lon="121.575811"><time>2026-10-02T07:35:59Z</time><ele>20</ele><speed>20.075</speed></trkpt><trkpt lat="24.997648" lon="121.575792"><time>2026-10-02T07:36:00Z</time><ele>20</ele><speed>19.54</speed></trkpt><trkpt lat="24.997603" lon="121.575774"><time>2026-10-02T07:36:01Z</time><ele>20</ele><speed>18.729</speed></trkpt><trkpt lat="24.997557" lon="121.575756"><time>2026-10-02T07:36:02Z</time><ele>21</ele><speed>20.005</speed></trkpt><trkpt lat="24.997511" lon="121.575736"><time>2026-10-02T07:36:03Z</time><ele>21</ele><speed>20.564</speed></trkpt><trkpt lat="24.997465" lon="121.575717"><time>2026-10-02T07:36:04Z</time><ele>21</ele><speed>19.567</speed></trkpt><trkpt lat="24.99742" lon="121.575698"><time>2026-10-02T07:36:05Z</time><ele>21</ele><speed>18.64</speed></trkpt><trkpt lat="24.997375" lon="121.575678"><time>2026-10-02T07:36:06Z</time><ele>22</ele><speed>19.451</speed></trkpt><trkpt lat="24.997327" lon="121.575658"><time>2026-10-02T07:36:07Z</time><ele>21</ele><speed>20.747</speed></trkpt><trkpt lat="24.997277" lon="121.575638"><time>2026-10-02T07:36:08Z</time><ele>23</ele><speed>23.316</speed></trkpt><trkpt lat="24.997227" lon="121.575616"><time>2026-10-02T07:36:09Z</time><ele>23</ele><speed>23.913</speed></trkpt><trkpt lat="24.997176" lon="121.575592"><time>2026-10-02T07:36:10Z</time><ele>21</ele><speed>23.579</speed></trkpt><trkpt lat="24.997123" lon="121.575566"><time>2026-10-02T07:36:11Z</time><ele>23</ele><speed>22.747</speed></trkpt><trkpt lat="24.997073" lon="121.575537"><time>2026-10-02T07:36:12Z</time><ele>22</ele><speed>20.624</speed></trkpt><trkpt lat="24.997024" lon="121.575508"><time>2026-10-02T07:36:13Z</time><ele>23</ele><speed>19.775</speed></trkpt><trkpt lat="24.996977" lon="121.575476"><time>2026-10-02T07:36:14Z</time><ele>22</ele><speed>20.48</speed></trkpt><trkpt lat="24.996933" lon="121.575443"><time>2026-10-02T07:36:15Z</time><ele>23</ele><speed>20.553</speed></trkpt><trkpt lat="24.996891" lon="121.575409"><time>2026-10-02T07:36:16Z</time><ele>23</ele><speed>20.542</speed></trkpt><trkpt lat="24.99685" lon="121.575372"><time>2026-10-02T07:36:17Z</time><ele>23</ele><speed>22.209</speed></trkpt><trkpt lat="24.996807" lon="121.575334"><time>2026-10-02T07:36:18Z</time><ele>22</ele><speed>23.283</speed></trkpt><trkpt lat="24.996766" lon="121.575291"><time>2026-10-02T07:36:19Z</time><ele>23</ele><speed>23.289</speed></trkpt><trkpt lat="24.996728" lon="121.575246"><time>2026-10-02T07:36:20Z</time><ele>23</ele><speed>22.725</speed></trkpt><trkpt lat="24.996689" lon="121.575199"><time>2026-10-02T07:36:21Z</time><ele>23</ele><speed>22.481</speed></trkpt><trkpt lat="24.996649" lon="121.575151"><time>2026-10-02T07:36:22Z</time><ele>23</ele><speed>21.852</speed></trkpt><trkpt lat="24.996611" lon="121.575104"><time>2026-10-02T07:36:23Z</time><ele>23</ele><speed>21.281</speed></trkpt><trkpt lat="24.996575" lon="121.575058"><time>2026-10-02T07:36:24Z</time><ele>22</ele><speed>20.502</speed></trkpt><trkpt lat="24.996539" lon="121.575013"><time>2026-10-02T07:36:25Z</time><ele>23</ele><speed>19.989</speed></trkpt><trkpt lat="24.996504" lon="121.574968"><time>2026-10-02T07:36:26Z</time><ele>23</ele><speed>20.598</speed></trkpt><trkpt lat="24.996469" lon="121.574921"><time>2026-10-02T07:36:27Z</time><ele>22</ele><speed>22.541</speed></trkpt><trkpt lat="24.996435" lon="121.574874"><time>2026-10-02T07:36:28Z</time><ele>22</ele><speed>23.461</speed></trkpt><trkpt lat="24.996401" lon="121.574825"><time>2026-10-02T07:36:29Z</time><ele>23</ele><speed>23.26</speed></trkpt><trkpt lat="24.996367" lon="121.574775"><time>2026-10-02T07:36:30Z</time><ele>23</ele><speed>22.897</speed></trkpt><trkpt lat="24.996334" lon="121.574724"><time>2026-10-02T07:36:31Z</time><ele>23</ele><speed>22.134</speed></trkpt><trkpt lat="24.996302" lon="121.574673"><time>2026-10-02T07:36:32Z</time><ele>23</ele><speed>21.143</speed></trkpt><trkpt lat="24.99627" lon="121.574623"><time>2026-10-02T07:36:33Z</time><ele>22</ele><speed>20.626</speed></trkpt><trkpt lat="24.996239" lon="121.574575"><time>2026-10-02T07:36:34Z</time><ele>23</ele><speed>20.206</speed></trkpt><trkpt lat="24.996208" lon="121.574529"><time>2026-10-02T07:36:35Z</time><ele>23</ele><speed>19.806</speed></trkpt><trkpt lat="24.996177" lon="121.574484"><time>2026-10-02T07:36:36Z</time><ele>23</ele><speed>20.182</speed></trkpt><trkpt lat="24.996146" lon="121.574438"><time>2026-10-02T07:36:37Z</time><ele>20</ele><speed>21.675</speed></trkpt><trkpt lat="24.996114" lon="121.574391"><time>2026-10-02T07:36:38Z</time><ele>23</ele><speed>22.392</speed></trkpt><trkpt lat="24.996082" lon="121.574342"><time>2026-10-02T07:36:39Z</time><ele>22</ele><speed>22.894</speed></trkpt><trkpt lat="24.99605" lon="121.574292"><time>2026-10-02T07:36:40Z</time><ele>22</ele><speed>22.227</speed></trkpt><trkpt lat="24.996018" lon="121.574242"><time>2026-10-02T07:36:41Z</time><ele>22</ele><speed>21.34</speed></trkpt><trkpt lat="24.995987" lon="121.574192"><time>2026-10-02T07:36:42Z</time><ele>23</ele><speed>20.871</speed></trkpt><trkpt lat="24.995955" lon="121.574143"><time>2026-10-02T07:36:43Z</time><ele>22</ele><speed>21.501</speed></trkpt><trkpt lat="24.995923" lon="121.574095"><time>2026-10-02T07:36:44Z</time><ele>22</ele><speed>22.833</speed></trkpt><trkpt lat="24.995891" lon="121.574046"><time>2026-10-02T07:36:45Z</time><ele>22</ele><speed>24.051</speed></trkpt><trkpt lat="24.995858" lon="121.573996"><time>2026-10-02T07:36:46Z</time><ele>22</ele><speed>23.895</speed></trkpt><trkpt lat="24.995824" lon="121.573945"><time>2026-10-02T07:36:47Z</time><ele>22</ele><speed>23.654</speed></trkpt><trkpt lat="24.995789" lon="121.573892"><time>2026-10-02T07:36:48Z</time><ele>22</ele><speed>23.29</speed></trkpt><trkpt lat="24.995753" lon="121.573839"><time>2026-10-02T07:36:49Z</time><ele>21</ele><speed>22.705</speed></trkpt><trkpt lat="24.995718" lon="121.573787"><time>2026-10-02T07:36:50Z</time><ele>21</ele><speed>22.003</speed></trkpt><trkpt lat="24.995683" lon="121.573737"><time>2026-10-02T07:36:51Z</time><ele>22</ele><speed>21.752</speed></trkpt><trkpt lat="24.995648" lon="121.573688"><time>2026-10-02T07:36:52Z</time><ele>22</ele><speed>21.434</speed></trkpt><trkpt lat="24.995613" lon="121.573642"><time>2026-10-02T07:36:53Z</time><ele>22</ele><speed>21.058</speed></trkpt><trkpt lat="24.995578" lon="121.573598"><time>2026-10-02T07:36:54Z</time><ele>22</ele><speed>21.165</speed></trkpt><trkpt lat="24.995542" lon="121.573555"><time>2026-10-02T07:36:55Z</time><ele>22</ele><speed>21.997</speed></trkpt><trkpt lat="24.995506" lon="121.573511"><time>2026-10-02T07:36:56Z</time><ele>20</ele><speed>23.054</speed></trkpt><trkpt lat="24.995468" lon="121.573467"><time>2026-10-02T07:36:57Z</time><ele>21</ele><speed>24.011</speed></trkpt><trkpt lat="24.99543" lon="121.573423"><time>2026-10-02T07:36:58Z</time><ele>22</ele><speed>23.947</speed></trkpt><trkpt lat="24.995389" lon="121.573379"><time>2026-10-02T07:36:59Z</time><ele>22</ele><speed>23.825</speed></trkpt><trkpt lat="24.995346" lon="121.573335"><time>2026-10-02T07:37:00Z</time><ele>22</ele><speed>23.575</speed></trkpt><trkpt lat="24.995302" lon="121.573293"><time>2026-10-02T07:37:01Z</time><ele>21</ele><speed>22.567</speed></trkpt><trkpt lat="24.995256" lon="121.573253"><time>2026-10-02T07:37:02Z</time><ele>21</ele><speed>22.088</speed></trkpt><trkpt lat="24.995211" lon="121.573216"><time>2026-10-02T07:37:03Z</time><ele>22</ele><speed>21.564</speed></trkpt><trkpt lat="24.995166" lon="121.57318"><time>2026-10-02T07:37:04Z</time><ele>22</ele><speed>21.452</speed></trkpt><trkpt lat="24.995121" lon="121.573144"><time>2026-10-02T07:37:05Z</time><ele>21</ele><speed>21.949</speed></trkpt><trkpt lat="24.995076" lon="121.573109"><time>2026-10-02T07:37:06Z</time><ele>22</ele><speed>22.989</speed></trkpt><trkpt lat="24.995029" lon="121.573074"><time>2026-10-02T07:37:07Z</time><ele>21</ele><speed>23.701</speed></trkpt><trkpt lat="24.994983" lon="121.573038"><time>2026-10-02T07:37:08Z</time><ele>21</ele><speed>23.629</speed></trkpt><trkpt lat="24.994936" lon="121.573002"><time>2026-10-02T07:37:09Z</time><ele>22</ele><speed>22.984</speed></trkpt><trkpt lat="24.994888" lon="121.572967"><time>2026-10-02T07:37:10Z</time><ele>21</ele><speed>22.849</speed></trkpt><trkpt lat="24.99484" lon="121.572934"><time>2026-10-02T07:37:11Z</time><ele>22</ele><speed>22.897</speed></trkpt><trkpt lat="24.994793" lon="121.572904"><time>2026-10-02T07:37:12Z</time><ele>22</ele><speed>21.908</speed></trkpt><trkpt lat="24.994743" lon="121.572876"><time>2026-10-02T07:37:13Z</time><ele>22</ele><speed>22.594</speed></trkpt><trkpt lat="24.994693" lon="121.57285"><time>2026-10-02T07:37:14Z</time><ele>22</ele><speed>21.985</speed></trkpt><trkpt lat="24.99464" lon="121.572828"><time>2026-10-02T07:37:15Z</time><ele>23</ele><speed>21.956</speed></trkpt><trkpt lat="24.994585" lon="121.572807"><time>2026-10-02T07:37:16Z</time><ele>22</ele><speed>21.544</speed></trkpt><trkpt lat="24.994531" lon="121.57279"><time>2026-10-02T07:37:17Z</time><ele>22</ele><speed>20.949</speed></trkpt><trkpt lat="24.994476" lon="121.572774"><time>2026-10-02T07:37:18Z</time><ele>22</ele><speed>20.44</speed></trkpt><trkpt lat="24.994425" lon="121.572761"><time>2026-10-02T07:37:19Z</time><ele>23</ele><speed>19.641</speed></trkpt><trkpt lat="24.994372" lon="121.572748"><time>2026-10-02T07:37:20Z</time><ele>23</ele><speed>21.303</speed></trkpt><trkpt lat="24.99432" lon="121.572734"><time>2026-10-02T07:37:21Z</time><ele>23</ele><speed>22.335</speed></trkpt><trkpt lat="24.994269" lon="121.572721"><time>2026-10-02T07:37:22Z</time><ele>23</ele><speed>22.905</speed></trkpt><trkpt lat="24.994217" lon="121.572708"><time>2026-10-02T07:37:23Z</time><ele>22</ele><speed>23.383</speed></trkpt><trkpt lat="24.994163" lon="121.572694"><time>2026-10-02T07:37:24Z</time><ele>23</ele><speed>22.975</speed></trkpt><trkpt lat="24.994108" lon="121.572682"><time>2026-10-02T07:37:25Z</time><ele>23</ele><speed>22.439</speed></trkpt><trkpt lat="24.994053" lon="121.572671"><time>2026-10-02T07:37:26Z</time><ele>23</ele><speed>22.341</speed></trkpt><trkpt lat="24.993999" lon="121.57266"><time>2026-10-02T07:37:27Z</time><ele>23</ele><speed>21.391</speed></trkpt><trkpt lat="24.993946" lon="121.57265"><time>2026-10-02T07:37:28Z</time><ele>23</ele><speed>20.816</speed></trkpt><trkpt lat="24.993895" lon="121.572641"><time>2026-10-02T07:37:29Z</time><ele>23</ele><speed>20.278</speed></trkpt><trkpt lat="24.993844" lon="121.572631"><time>2026-10-02T07:37:30Z</time><ele>24</ele><speed>20.345</speed></trkpt><trkpt lat="24.993793" lon="121.572622"><time>2026-10-02T07:37:31Z</time><ele>24</ele><speed>20.211</speed></trkpt><trkpt lat="24.993744" lon="121.572616"><time>2026-10-02T07:37:32Z</time><ele>24</ele><speed>19.936</speed></trkpt><trkpt lat="24.993695" lon="121.57261"><time>2026-10-02T07:37:33Z</time><ele>25</ele><speed>19.776</speed></trkpt><trkpt lat="24.993645" lon="121.572604"><time>2026-10-02T07:37:34Z</time><ele>24</ele><speed>20.574</speed></trkpt><trkpt lat="24.993593" lon="121.572598"><time>2026-10-02T07:37:35Z</time><ele>23</ele><speed>22.626</speed></trkpt><trkpt lat="24.99354" lon="121.572592"><time>2026-10-02T07:37:36Z</time><ele>23</ele><speed>23.375</speed></trkpt><trkpt lat="24.993487" lon="121.572585"><time>2026-10-02T07:37:37Z</time><ele>23</ele><speed>23.137</speed></trkpt><trkpt lat="24.993432" lon="121.572579"><time>2026-10-02T07:37:38Z</time><ele>24</ele><speed>22.757</speed></trkpt><trkpt lat="24.993377" lon="121.572572"><time>2026-10-02T07:37:39Z</time><ele>24</ele><speed>22.173</speed></trkpt><trkpt lat="24.993321" lon="121.572566"><time>2026-10-02T07:37:40Z</time><ele>24</ele><speed>22.101</speed></trkpt><trkpt lat="24.993266" lon="121.572559"><time>2026-10-02T07:37:41Z</time><ele>23</ele><speed>21.961</speed></trkpt><trkpt lat="24.993212" lon="121.572554"><time>2026-10-02T07:37:42Z</time><ele>23</ele><speed>21.657</speed></trkpt><trkpt lat="24.993158" lon="121.572548"><time>2026-10-02T07:37:43Z</time><ele>24</ele><speed>21.071</speed></trkpt><trkpt lat="24.993105" lon="121.572542"><time>2026-10-02T07:37:44Z</time><ele>23</ele><speed>20.502</speed></trkpt><trkpt lat="24.993053" lon="121.572537"><time>2026-10-02T07:37:45Z</time><ele>24</ele><speed>20.273</speed></trkpt><trkpt lat="24.993001" lon="121.572532"><time>2026-10-02T07:37:46Z</time><ele>24</ele><speed>20.078</speed></trkpt><trkpt lat="24.992951" lon="121.572527"><time>2026-10-02T07:37:47Z</time><ele>24</ele><speed>19.712</speed></trkpt><trkpt lat="24.992901" lon="121.572521"><time>2026-10-02T07:37:48Z</time><ele>25</ele><speed>20.316</speed></trkpt><trkpt lat="24.992849" lon="121.572514"><time>2026-10-02T07:37:49Z</time><ele>24</ele><speed>22.403</speed></trkpt><trkpt lat="24.992796" lon="121.572506"><time>2026-10-02T07:37:50Z</time><ele>24</ele><speed>23.504</speed></trkpt><trkpt lat="24.992742" lon="121.572496"><time>2026-10-02T07:37:51Z</time><ele>24</ele><speed>23.249</speed></trkpt><trkpt lat="24.992687" lon="121.572487"><time>2026-10-02T07:37:52Z</time><ele>24</ele><speed>22.612</speed></trkpt><trkpt lat="24.99263" lon="121.572479"><time>2026-10-02T07:37:53Z</time><ele>24</ele><speed>22.176</speed></trkpt><trkpt lat="24.992574" lon="121.572471"><time>2026-10-02T07:37:54Z</time><ele>24</ele><speed>21.538</speed></trkpt><trkpt lat="24.992519" lon="121.572466"><time>2026-10-02T07:37:55Z</time><ele>25</ele><speed>20.862</speed></trkpt><trkpt lat="24.992465" lon="121.572463"><time>2026-10-02T07:37:56Z</time><ele>25</ele><speed>20.398</speed></trkpt><trkpt lat="24.992413" lon="121.572457"><time>2026-10-02T07:37:57Z</time><ele>25</ele><speed>19.878</speed></trkpt><trkpt lat="24.992362" lon="121.572452"><time>2026-10-02T07:37:58Z</time><ele>25</ele><speed>19.358</speed></trkpt><trkpt lat="24.992312" lon="121.572448"><time>2026-10-02T07:37:59Z</time><ele>25</ele><speed>19.992</speed></trkpt><trkpt lat="24.99226" lon="121.572444"><time>2026-10-02T07:38:00Z</time><ele>25</ele><speed>21.773</speed></trkpt><trkpt lat="24.992206" lon="121.57244"><time>2026-10-02T07:38:01Z</time><ele>25</ele><speed>22.494</speed></trkpt><trkpt lat="24.992153" lon="121.572433"><time>2026-10-02T07:38:02Z</time><ele>25</ele><speed>22.655</speed></trkpt><trkpt lat="24.992098" lon="121.572426"><time>2026-10-02T07:38:03Z</time><ele>23</ele><speed>22.421</speed></trkpt><trkpt lat="24.99204" lon="121.572421"><time>2026-10-02T07:38:04Z</time><ele>24</ele><speed>22.346</speed></trkpt><trkpt lat="24.991983" lon="121.572414"><time>2026-10-02T07:38:05Z</time><ele>24</ele><speed>21.566</speed></trkpt><trkpt lat="24.991927" lon="121.572405"><time>2026-10-02T07:38:06Z</time><ele>24</ele><speed>21.035</speed></trkpt><trkpt lat="24.991873" lon="121.572396"><time>2026-10-02T07:38:07Z</time><ele>24</ele><speed>20.333</speed></trkpt><trkpt lat="24.991821" lon="121.572388"><time>2026-10-02T07:38:08Z</time><ele>23</ele><speed>18.485</speed></trkpt><trkpt lat="24.991771" lon="121.572381"><time>2026-10-02T07:38:09Z</time><ele>23</ele><speed>18.455</speed></trkpt><trkpt lat="24.991721" lon="121.572375"><time>2026-10-02T07:38:10Z</time><ele>23</ele><speed>18.899</speed></trkpt><trkpt lat="24.991668" lon="121.572366"><time>2026-10-02T07:38:11Z</time><ele>24</ele><speed>23.072</speed></trkpt><trkpt lat="24.991616" lon="121.572359"><time>2026-10-02T07:38:12Z</time><ele>24</ele><speed>22.099</speed></trkpt><trkpt lat="24.991567" lon="121.572357"><time>2026-10-02T07:38:13Z</time><ele>24</ele><speed>20.484</speed></trkpt><trkpt lat="24.991515" lon="121.572356"><time>2026-10-02T07:38:14Z</time><ele>25</ele><speed>20.978</speed></trkpt><trkpt lat="24.991462" lon="121.572356"><time>2026-10-02T07:38:15Z</time><ele>27</ele><speed>21.809</speed></trkpt><trkpt lat="24.991408" lon="121.572354"><time>2026-10-02T07:38:16Z</time><ele>24</ele><speed>23.215</speed></trkpt><trkpt lat="24.991355" lon="121.572353"><time>2026-10-02T07:38:17Z</time><ele>25</ele><speed>23.693</speed></trkpt><trkpt lat="24.991299" lon="121.572349"><time>2026-10-02T07:38:18Z</time><ele>24</ele><speed>24.496</speed></trkpt><trkpt lat="24.991237" lon="121.572344"><time>2026-10-02T07:38:19Z</time><ele>25</ele><speed>24.892</speed></trkpt><trkpt lat="24.991174" lon="121.572335"><time>2026-10-02T07:38:20Z</time><ele>25</ele><speed>24.189</speed></trkpt><trkpt lat="24.99111" lon="121.572326"><time>2026-10-02T07:38:21Z</time><ele>27</ele><speed>22.395</speed></trkpt><trkpt lat="24.991049" lon="121.572317"><time>2026-10-02T07:38:22Z</time><ele>26</ele><speed>21.037</speed></trkpt><trkpt lat="24.99099" lon="121.57231"><time>2026-10-02T07:38:23Z</time><ele>27</ele><speed>20.892</speed></trkpt><trkpt lat="24.990933" lon="121.572304"><time>2026-10-02T07:38:24Z</time><ele>28</ele><speed>21.146</speed></trkpt><trkpt lat="24.990878" lon="121.572299"><time>2026-10-02T07:38:25Z</time><ele>27</ele><speed>22.452</speed></trkpt><trkpt lat="24.990823" lon="121.572294"><time>2026-10-02T07:38:26Z</time><ele>27</ele><speed>22.743</speed></trkpt><trkpt lat="24.990769" lon="121.572288"><time>2026-10-02T07:38:27Z</time><ele>26</ele><speed>22.415</speed></trkpt><trkpt lat="24.990715" lon="121.572283"><time>2026-10-02T07:38:28Z</time><ele>27</ele><speed>22.048</speed></trkpt><trkpt lat="24.99066" lon="121.572276"><time>2026-10-02T07:38:29Z</time><ele>26</ele><speed>21.594</speed></trkpt><trkpt lat="24.990605" lon="121.572267"><time>2026-10-02T07:38:30Z</time><ele>26</ele><speed>21.486</speed></trkpt><trkpt lat="24.99055" lon="121.572258"><time>2026-10-02T07:38:31Z</time><ele>25</ele><speed>21.078</speed></trkpt><trkpt lat="24.990494" lon="121.572249"><time>2026-10-02T07:38:32Z</time><ele>25</ele><speed>20.558</speed></trkpt><trkpt lat="24.990438" lon="121.572241"><time>2026-10-02T07:38:33Z</time><ele>25</ele><speed>20.192</speed></trkpt><trkpt lat="24.990383" lon="121.572232"><time>2026-10-02T07:38:34Z</time><ele>26</ele><speed>19.342</speed></trkpt><trkpt lat="24.99033" lon="121.572224"><time>2026-10-02T07:38:35Z</time><ele>26</ele><speed>19.561</speed></trkpt><trkpt lat="24.990277" lon="121.572218"><time>2026-10-02T07:38:36Z</time><ele>26</ele><speed>21.594</speed></trkpt><trkpt lat="24.990223" lon="121.572212"><time>2026-10-02T07:38:37Z</time><ele>27</ele><speed>23.207</speed></trkpt><trkpt lat="24.990169" lon="121.572205"><time>2026-10-02T07:38:38Z</time><ele>27</ele><speed>23.735</speed></trkpt><trkpt lat="24.990114" lon="121.572198"><time>2026-10-02T07:38:39Z</time><ele>27</ele><speed>23.424</speed></trkpt><trkpt lat="24.990057" lon="121.572194"><time>2026-10-02T07:38:40Z</time><ele>27</ele><speed>22.892</speed></trkpt><trkpt lat="24.989998" lon="121.572189"><time>2026-10-02T07:38:41Z</time><ele>27</ele><speed>21.326</speed></trkpt><trkpt lat="24.989942" lon="121.572186"><time>2026-10-02T07:38:42Z</time><ele>27</ele><speed>19.7</speed></trkpt><trkpt lat="24.989887" lon="121.572183"><time>2026-10-02T07:38:43Z</time><ele>26</ele><speed>20.379</speed></trkpt><trkpt lat="24.989833" lon="121.57218"><time>2026-10-02T07:38:44Z</time><ele>27</ele><speed>21.844</speed></trkpt><trkpt lat="24.989779" lon="121.572178"><time>2026-10-02T07:38:45Z</time><ele>25</ele><speed>22.699</speed></trkpt><trkpt lat="24.989727" lon="121.572175"><time>2026-10-02T07:38:46Z</time><ele>26</ele><speed>22.389</speed></trkpt><trkpt lat="24.989674" lon="121.572173"><time>2026-10-02T07:38:47Z</time><ele>25</ele><speed>21.536</speed></trkpt><trkpt lat="24.989621" lon="121.57217"><time>2026-10-02T07:38:48Z</time><ele>25</ele><speed>20.648</speed></trkpt><trkpt lat="24.98957" lon="121.572165"><time>2026-10-02T07:38:49Z</time><ele>25</ele><speed>19.667</speed></trkpt><trkpt lat="24.98952" lon="121.572165"><time>2026-10-02T07:38:50Z</time><ele>25</ele><speed>18.99</speed></trkpt><trkpt lat="24.989472" lon="121.572164"><time>2026-10-02T07:38:51Z</time><ele>25</ele><speed>18.235</speed></trkpt><trkpt lat="24.989426" lon="121.572164"><time>2026-10-02T07:38:52Z</time><ele>24</ele><speed>18.273</speed></trkpt><trkpt lat="24.989379" lon="121.572167"><time>2026-10-02T07:38:53Z</time><ele>25</ele><speed>18.528</speed></trkpt><trkpt lat="24.989334" lon="121.57217"><time>2026-10-02T07:38:54Z</time><ele>25</ele><speed>17.199</speed></trkpt><trkpt lat="24.98929" lon="121.572174"><time>2026-10-02T07:38:55Z</time><ele>24</ele><speed>17.779</speed></trkpt><trkpt lat="24.989246" lon="121.572178"><time>2026-10-02T07:38:56Z</time><ele>24</ele><speed>18.183</speed></trkpt><trkpt lat="24.989202" lon="121.572183"><time>2026-10-02T07:38:57Z</time><ele>24</ele><speed>16.632</speed></trkpt><trkpt lat="24.989161" lon="121.572194"><time>2026-10-02T07:38:58Z</time><ele>24</ele><speed>14.832</speed></trkpt><trkpt lat="24.989129" lon="121.572211"><time>2026-10-02T07:38:59Z</time><ele>24</ele><speed>13.597</speed></trkpt><trkpt lat="24.989106" lon="121.572232"><time>2026-10-02T07:39:00Z</time><ele>23</ele><speed>14.943</speed></trkpt><trkpt lat="24.989092" lon="121.572259"><time>2026-10-02T07:39:01Z</time><ele>24</ele><speed>15.374</speed></trkpt><trkpt lat="24.989084" lon="121.572293"><time>2026-10-02T07:39:02Z</time><ele>23</ele><speed>15.76</speed></trkpt><trkpt lat="24.989081" lon="121.57233"><time>2026-10-02T07:39:03Z</time><ele>23</ele><speed>15.218</speed></trkpt><trkpt lat="24.98908" lon="121.572367"><time>2026-10-02T07:39:04Z</time><ele>23</ele><speed>14.632</speed></trkpt><trkpt lat="24.989072" lon="121.5724"><time>2026-10-02T07:39:05Z</time><ele>22</ele><speed>14.849</speed></trkpt><trkpt lat="24.989054" lon="121.572431"><time>2026-10-02T07:39:06Z</time><ele>23</ele><speed>16.416</speed></trkpt><trkpt lat="24.989028" lon="121.57246"><time>2026-10-02T07:39:07Z</time><ele>23</ele><speed>17.656</speed></trkpt><trkpt lat="24.988996" lon="121.572486"><time>2026-10-02T07:39:08Z</time><ele>23</ele><speed>17.778</speed></trkpt><trkpt lat="24.988959" lon="121.57251"><time>2026-10-02T07:39:09Z</time><ele>25</ele><speed>17.664</speed></trkpt><trkpt lat="24.98892" lon="121.572531"><time>2026-10-02T07:39:10Z</time><ele>24</ele><speed>17.473</speed></trkpt><trkpt lat="24.98888" lon="121.57255"><time>2026-10-02T07:39:11Z</time><ele>24</ele><speed>16.38</speed></trkpt><trkpt lat="24.988841" lon="121.572572"><time>2026-10-02T07:39:12Z</time><ele>27</ele><speed>17.108</speed></trkpt><trkpt lat="24.988803" lon="121.572593"><time>2026-10-02T07:39:13Z</time><ele>27</ele><speed>16.444</speed></trkpt><trkpt lat="24.988767" lon="121.572613"><time>2026-10-02T07:39:14Z</time><ele>26</ele><speed>15.842</speed></trkpt><trkpt lat="24.988731" lon="121.572634"><time>2026-10-02T07:39:15Z</time><ele>28</ele><speed>16.308</speed></trkpt><trkpt lat="24.988695" lon="121.572654"><time>2026-10-02T07:39:16Z</time><ele>27</ele><speed>14.891</speed></trkpt><trkpt lat="24.98866" lon="121.572675"><time>2026-10-02T07:39:17Z</time><ele>28</ele><speed>14.509</speed></trkpt><trkpt lat="24.988626" lon="121.572694"><time>2026-10-02T07:39:18Z</time><ele>28</ele><speed>14.479</speed></trkpt><trkpt lat="24.988594" lon="121.572712"><time>2026-10-02T07:39:19Z</time><ele>29</ele><speed>13.893</speed></trkpt><trkpt lat="24.988562" lon="121.572729"><time>2026-10-02T07:39:20Z</time><ele>28</ele><speed>13.318</speed></trkpt><trkpt lat="24.988532" lon="121.572745"><time>2026-10-02T07:39:21Z</time><ele>28</ele><speed>13.259</speed></trkpt><trkpt lat="24.988506" lon="121.57276"><time>2026-10-02T07:39:22Z</time><ele>28</ele><speed>6.663</speed></trkpt><trkpt lat="24.988483" lon="121.572773"><time>2026-10-02T07:39:23Z</time><ele>29</ele><speed>5.875</speed></trkpt><trkpt lat="24.988463" lon="121.572785"><time>2026-10-02T07:39:24Z</time><ele>29</ele><speed>5.621</speed></trkpt><trkpt lat="24.988446" lon="121.572797"><time>2026-10-02T07:39:25Z</time><ele>28</ele><speed>4.713</speed></trkpt><trkpt lat="24.988433" lon="121.572812"><time>2026-10-02T07:39:28Z</time><ele>29</ele><speed>3.421</speed></trkpt><trkpt lat="24.988421" lon="121.572827"><time>2026-10-02T07:39:30Z</time><ele>28</ele><speed>5.389</speed></trkpt><trkpt lat="24.988407" lon="121.572845"><time>2026-10-02T07:39:31Z</time><ele>28</ele><speed>6.254</speed></trkpt><trkpt lat="24.988392" lon="121.572861"><time>2026-10-02T07:39:32Z</time><ele>27</ele><speed>5.777</speed></trkpt><trkpt lat="24.988378" lon="121.572876"><time>2026-10-02T07:39:33Z</time><ele>27</ele><speed>5.702</speed></trkpt><trkpt lat="24.988362" lon="121.572892"><time>2026-10-02T07:39:34Z</time><ele>29</ele><speed>6.294</speed></trkpt><trkpt lat="24.988344" lon="121.572906"><time>2026-10-02T07:39:35Z</time><ele>26</ele><speed>7.143</speed></trkpt><trkpt lat="24.988327" lon="121.572916"><time>2026-10-02T07:39:36Z</time><ele>27</ele><speed>6.674</speed></trkpt><trkpt lat="24.98831" lon="121.572929"><time>2026-10-02T07:39:38Z</time><ele>26</ele><speed>5.963</speed></trkpt><trkpt lat="24.988294" lon="121.572943"><time>2026-10-02T07:39:39Z</time><ele>27</ele><speed>5.669</speed></trkpt><trkpt lat="24.988279" lon="121.572957"><time>2026-10-02T07:39:40Z</time><ele>26</ele><speed>5.658</speed></trkpt><trkpt lat="24.988269" lon="121.572974"><time>2026-10-02T07:39:46Z</time><ele>24</ele><speed>3.06</speed></trkpt><trkpt lat="24.988261" lon="121.572992"><time>2026-10-02T07:39:48Z</time><ele>24</ele><speed>4.132</speed></trkpt><trkpt lat="24.988244" lon="121.57298"><time>2026-10-02T07:40:10Z</time><ele>29</ele><speed>5.656</speed></trkpt><trkpt lat="24.988229" lon="121.572962"><time>2026-10-02T07:40:11Z</time><ele>29</ele><speed>5.887</speed></trkpt><trkpt lat="24.988215" lon="121.572938"><time>2026-10-02T07:40:12Z</time><ele>28</ele><speed>5.93</speed></trkpt><trkpt lat="24.988202" lon="121.57291"><time>2026-10-02T07:40:13Z</time><ele>28</ele><speed>5.874</speed></trkpt><trkpt lat="24.988185" lon="121.572875"><time>2026-10-02T07:40:14Z</time><ele>28</ele><speed>5.725</speed></trkpt><trkpt lat="24.988167" lon="121.572835"><time>2026-10-02T07:40:15Z</time><ele>28</ele><speed>5.341</speed></trkpt><trkpt lat="24.988159" lon="121.572816"><time>2026-10-02T07:40:18Z</time><ele>28</ele><speed>5.566</speed></trkpt><trkpt lat="24.988153" lon="121.572795"><time>2026-10-02T07:40:20Z</time><ele>28</ele><speed>5.751</speed></trkpt><trkpt lat="24.988148" lon="121.572773"><time>2026-10-02T07:40:21Z</time><ele>27</ele><speed>5.785</speed></trkpt><trkpt lat="24.988143" lon="121.572751"><time>2026-10-02T07:40:22Z</time><ele>27</ele><speed>5.812</speed></trkpt><trkpt lat="24.98814" lon="121.572728"><time>2026-10-02T07:40:23Z</time><ele>27</ele><speed>5.911</speed></trkpt><trkpt lat="24.988139" lon="121.572703"><time>2026-10-02T07:40:24Z</time><ele>27</ele><speed>5.962</speed></trkpt><trkpt lat="24.988138" lon="121.57268"><time>2026-10-02T07:40:25Z</time><ele>26</ele><speed>5.91</speed></trkpt><trkpt lat="24.988138" lon="121.572659"><time>2026-10-02T07:40:26Z</time><ele>26</ele><speed>6.076</speed></trkpt><trkpt lat="24.988137" lon="121.572636"><time>2026-10-02T07:40:27Z</time><ele>26</ele><speed>6.346</speed></trkpt><trkpt lat="24.988136" lon="121.572607"><time>2026-10-02T07:40:28Z</time><ele>26</ele><speed>12.488</speed></trkpt><trkpt lat="24.988128" lon="121.572572"><time>2026-10-02T07:40:29Z</time><ele>26</ele><speed>17.435</speed></trkpt><trkpt lat="24.988116" lon="121.572531"><time>2026-10-02T07:40:30Z</time><ele>26</ele><speed>18.312</speed></trkpt><trkpt lat="24.9881" lon="121.572486"><time>2026-10-02T07:40:31Z</time><ele>27</ele><speed>18.35</speed></trkpt><trkpt lat="24.988081" lon="121.572439"><time>2026-10-02T07:40:32Z</time><ele>28</ele><speed>17.365</speed></trkpt><trkpt lat="24.988062" lon="121.572394"><time>2026-10-02T07:40:33Z</time><ele>27</ele><speed>7.091</speed></trkpt><trkpt lat="24.988042" lon="121.572353"><time>2026-10-02T07:40:34Z</time><ele>27</ele><speed>6.964</speed></trkpt><trkpt lat="24.988027" lon="121.572317"><time>2026-10-02T07:40:35Z</time><ele>26</ele><speed>6.817</speed></trkpt><trkpt lat="24.988012" lon="121.572281"><time>2026-10-02T07:40:36Z</time><ele>27</ele><speed>13.762</speed></trkpt><trkpt lat="24.987998" lon="121.572245"><time>2026-10-02T07:40:37Z</time><ele>27</ele><speed>14.226</speed></trkpt><trkpt lat="24.987984" lon="121.572212"><time>2026-10-02T07:40:38Z</time><ele>27</ele><speed>12.072</speed></trkpt><trkpt lat="24.987967" lon="121.572176"><time>2026-10-02T07:40:39Z</time><ele>27</ele><speed>10.344</speed></trkpt><trkpt lat="24.987952" lon="121.572141"><time>2026-10-02T07:40:40Z</time><ele>27</ele><speed>8.536</speed></trkpt><trkpt lat="24.987937" lon="121.572108"><time>2026-10-02T07:40:41Z</time><ele>27</ele><speed>6.35</speed></trkpt><trkpt lat="24.987926" lon="121.572083"><time>2026-10-02T07:40:42Z</time><ele>27</ele><speed>3.702</speed></trkpt><trkpt lat="24.987935" lon="121.572106"><time>2026-10-02T07:40:55Z</time><ele>22</ele><speed>15.424</speed></trkpt><trkpt lat="24.987948" lon="121.572141"><time>2026-10-02T07:40:56Z</time><ele>23</ele><speed>15.328</speed></trkpt><trkpt lat="24.987967" lon="121.572187"><time>2026-10-02T07:40:57Z</time><ele>23</ele><speed>14.919</speed></trkpt><trkpt lat="24.987988" lon="121.572243"><time>2026-10-02T07:40:58Z</time><ele>23</ele><speed>14.459</speed></trkpt><trkpt lat="24.988011" lon="121.572309"><time>2026-10-02T07:40:59Z</time><ele>23</ele><speed>13.804</speed></trkpt><trkpt lat="24.988036" lon="121.57238"><time>2026-10-02T07:41:00Z</time><ele>22</ele><speed>12.895</speed></trkpt><trkpt lat="24.988047" lon="121.572415"><time>2026-10-02T07:41:01Z</time><ele>23</ele><speed>11.942</speed></trkpt><trkpt lat="24.988058" lon="121.572448"><time>2026-10-02T07:41:02Z</time><ele>23</ele><speed>11.268</speed></trkpt><trkpt lat="24.988068" lon="121.572478"><time>2026-10-02T07:41:03Z</time><ele>23</ele><speed>9.853</speed></trkpt><trkpt lat="24.988077" lon="121.572505"><time>2026-10-02T07:41:04Z</time><ele>23</ele><speed>9.237</speed></trkpt><trkpt lat="24.988087" lon="121.572531"><time>2026-10-02T07:41:05Z</time><ele>23</ele><speed>11.092</speed></trkpt><trkpt lat="24.988097" lon="121.572557"><time>2026-10-02T07:41:06Z</time><ele>22</ele><speed>12.647</speed></trkpt><trkpt lat="24.988108" lon="121.572586"><time>2026-10-02T07:41:07Z</time><ele>21</ele><speed>13.984</speed></trkpt><trkpt lat="24.98812" lon="121.572617"><time>2026-10-02T07:41:08Z</time><ele>21</ele><speed>15.162</speed></trkpt><trkpt lat="24.988133" lon="121.572652"><time>2026-10-02T07:41:09Z</time><ele>23</ele><speed>16.175</speed></trkpt><trkpt lat="24.988147" lon="121.572689"><time>2026-10-02T07:41:10Z</time><ele>23</ele><speed>15.15</speed></trkpt><trkpt lat="24.988161" lon="121.572726"><time>2026-10-02T07:41:11Z</time><ele>22</ele><speed>13.865</speed></trkpt><trkpt lat="24.988174" lon="121.572762"><time>2026-10-02T07:41:12Z</time><ele>22</ele><speed>12.414</speed></trkpt><trkpt lat="24.988187" lon="121.572796"><time>2026-10-02T07:41:13Z</time><ele>23</ele><speed>11.285</speed></trkpt><trkpt lat="24.988198" lon="121.572825"><time>2026-10-02T07:41:14Z</time><ele>22</ele><speed>8.987</speed></trkpt><trkpt lat="24.98821" lon="121.572847"><time>2026-10-02T07:41:15Z</time><ele>21</ele><speed>7.668</speed></trkpt><trkpt lat="24.988223" lon="121.572866"><time>2026-10-02T07:41:16Z</time><ele>22</ele><speed>7.101</speed></trkpt><trkpt lat="24.988236" lon="121.57288"><time>2026-10-02T07:41:17Z</time><ele>22</ele><speed>6.112</speed></trkpt><trkpt lat="24.988253" lon="121.572889"><time>2026-10-02T07:41:18Z</time><ele>23</ele><speed>6.294</speed></trkpt><trkpt lat="24.988272" lon="121.57289"><time>2026-10-02T07:41:24Z</time><ele>23</ele><speed>5.664</speed></trkpt><trkpt lat="24.988293" lon="121.572888"><time>2026-10-02T07:41:25Z</time><ele>24</ele><speed>6.283</speed></trkpt><trkpt lat="24.988313" lon="121.572884"><time>2026-10-02T07:41:26Z</time><ele>23</ele><speed>5.274</speed></trkpt><trkpt lat="24.988332" lon="121.572878"><time>2026-10-02T07:41:27Z</time><ele>23</ele><speed>5.842</speed></trkpt><trkpt lat="24.98835" lon="121.57287"><time>2026-10-02T07:41:28Z</time><ele>23</ele><speed>4.622</speed></trkpt><trkpt lat="24.988365" lon="121.572859"><time>2026-10-02T07:41:30Z</time><ele>22</ele><speed>4.343</speed></trkpt><trkpt lat="24.988381" lon="121.572845"><time>2026-10-02T07:41:34Z</time><ele>21</ele><speed>6.361</speed></trkpt><trkpt lat="24.9884" lon="121.572831"><time>2026-10-02T07:41:35Z</time><ele>20</ele><speed>8.495</speed></trkpt><trkpt lat="24.988418" lon="121.57282"><time>2026-10-02T07:41:36Z</time><ele>21</ele><speed>4.404</speed></trkpt><trkpt lat="24.988438" lon="121.572807"><time>2026-10-02T07:41:37Z</time><ele>21</ele><speed>5.503</speed></trkpt><trkpt lat="24.988458" lon="121.572795"><time>2026-10-02T07:41:38Z</time><ele>21</ele><speed>4.104</speed></trkpt><trkpt lat="24.988479" lon="121.572787"><time>2026-10-02T07:41:39Z</time><ele>21</ele><speed>5.358</speed></trkpt><trkpt lat="24.988502" lon="121.572784"><time>2026-10-02T07:41:40Z</time><ele>20</ele><speed>10.841</speed></trkpt><trkpt lat="24.988525" lon="121.572778"><time>2026-10-02T07:41:41Z</time><ele>20</ele><speed>12.016</speed></trkpt><trkpt lat="24.988555" lon="121.572764"><time>2026-10-02T07:41:42Z</time><ele>20</ele><speed>16.317</speed></trkpt><trkpt lat="24.988589" lon="121.572748"><time>2026-10-02T07:41:43Z</time><ele>19</ele><speed>17.543</speed></trkpt><trkpt lat="24.988627" lon="121.572725"><time>2026-10-02T07:41:44Z</time><ele>18</ele><speed>18.446</speed></trkpt><trkpt lat="24.988668" lon="121.572697"><time>2026-10-02T07:41:45Z</time><ele>19</ele><speed>18.134</speed></trkpt><trkpt lat="24.988709" lon="121.572666"><time>2026-10-02T07:41:46Z</time><ele>19</ele><speed>18.569</speed></trkpt><trkpt lat="24.988751" lon="121.572634"><time>2026-10-02T07:41:47Z</time><ele>19</ele><speed>18.258</speed></trkpt><trkpt lat="24.988791" lon="121.572602"><time>2026-10-02T07:41:48Z</time><ele>19</ele><speed>17.888</speed></trkpt><trkpt lat="24.988829" lon="121.57257"><time>2026-10-02T07:41:49Z</time><ele>17</ele><speed>17.415</speed></trkpt><trkpt lat="24.988867" lon="121.57254"><time>2026-10-02T07:41:50Z</time><ele>17</ele><speed>17.364</speed></trkpt><trkpt lat="24.988905" lon="121.572509"><time>2026-10-02T07:41:51Z</time><ele>18</ele><speed>17.219</speed></trkpt><trkpt lat="24.988943" lon="121.572478"><time>2026-10-02T07:41:52Z</time><ele>17</ele><speed>16.634</speed></trkpt><trkpt lat="24.988978" lon="121.572441"><time>2026-10-02T07:41:53Z</time><ele>17</ele><speed>15.748</speed></trkpt><trkpt lat="24.989007" lon="121.572406"><time>2026-10-02T07:41:54Z</time><ele>18</ele><speed>11.192</speed></trkpt><trkpt lat="24.989028" lon="121.572374"><time>2026-10-02T07:41:55Z</time><ele>18</ele><speed>8.6</speed></trkpt><trkpt lat="24.989038" lon="121.572347"><time>2026-10-02T07:41:56Z</time><ele>18</ele><speed>6.958</speed></trkpt><trkpt lat="24.989028" lon="121.57233"><time>2026-10-02T07:42:00Z</time><ele>20</ele><speed>8.679</speed></trkpt><trkpt lat="24.989011" lon="121.572317"><time>2026-10-02T07:42:01Z</time><ele>19</ele><speed>7.133</speed></trkpt><trkpt lat="24.988989" lon="121.572316"><time>2026-10-02T07:42:02Z</time><ele>19</ele><speed>3.941</speed></trkpt><trkpt lat="24.988972" lon="121.572323"><time>2026-10-02T07:42:03Z</time><ele>20</ele><speed>2.851</speed></trkpt><trkpt lat="24.988964" lon="121.572301"><time>2026-10-02T07:42:14Z</time><ele>18</ele><speed>8.912</speed></trkpt><trkpt lat="24.988956" lon="121.572278"><time>2026-10-02T07:42:15Z</time><ele>18</ele><speed>8.754</speed></trkpt><trkpt lat="24.988957" lon="121.572255"><time>2026-10-02T07:42:16Z</time><ele>19</ele><speed>9.185</speed></trkpt><trkpt lat="24.988934" lon="121.572245"><time>2026-10-02T07:42:20Z</time><ele>20</ele><speed>18.244</speed></trkpt><trkpt lat="24.988906" lon="121.572238"><time>2026-10-02T07:42:21Z</time><ele>20</ele><speed>18.052</speed></trkpt><trkpt lat="24.988866" lon="121.572231"><time>2026-10-02T07:42:22Z</time><ele>21</ele><speed>18.631</speed></trkpt><trkpt lat="24.988812" lon="121.572256"><time>2026-10-02T07:42:23Z</time><ele>20</ele><speed>18.119</speed></trkpt><trkpt lat="24.988757" lon="121.572284"><time>2026-10-02T07:42:24Z</time><ele>21</ele><speed>17.83</speed></trkpt><trkpt lat="24.988697" lon="121.572309"><time>2026-10-02T07:42:25Z</time><ele>21</ele><speed>18.154</speed></trkpt><trkpt lat="24.988654" lon="121.572324"><time>2026-10-02T07:42:26Z</time><ele>21</ele><speed>18.42</speed></trkpt><trkpt lat="24.988611" lon="121.572341"><time>2026-10-02T07:42:27Z</time><ele>22</ele><speed>18.586</speed></trkpt><trkpt lat="24.988566" lon="121.572356"><time>2026-10-02T07:42:28Z</time><ele>22</ele><speed>19.298</speed></trkpt><trkpt lat="24.98852" lon="121.572378"><time>2026-10-02T07:42:29Z</time><ele>22</ele><speed>19.857</speed></trkpt><trkpt lat="24.988474" lon="121.572403"><time>2026-10-02T07:42:30Z</time><ele>22</ele><speed>19.105</speed></trkpt><trkpt lat="24.988432" lon="121.572431"><time>2026-10-02T07:42:31Z</time><ele>22</ele><speed>18.704</speed></trkpt><trkpt lat="24.988404" lon="121.572455"><time>2026-10-02T07:42:32Z</time><ele>21</ele><speed>4.957</speed></trkpt><trkpt lat="24.988378" lon="121.572472"><time>2026-10-02T07:42:33Z</time><ele>21</ele><speed>5.187</speed></trkpt><trkpt lat="24.988353" lon="121.57249"><time>2026-10-02T07:42:34Z</time><ele>21</ele><speed>8.533</speed></trkpt><trkpt lat="24.988332" lon="121.572506"><time>2026-10-02T07:42:35Z</time><ele>22</ele><speed>5.77</speed></trkpt><trkpt lat="24.988314" lon="121.572517"><time>2026-10-02T07:42:36Z</time><ele>21</ele><speed>5.806</speed></trkpt><trkpt lat="24.988293" lon="121.572526"><time>2026-10-02T07:42:39Z</time><ele>22</ele><speed>6.708</speed></trkpt><trkpt lat="24.988262" lon="121.572544"><time>2026-10-02T07:42:40Z</time><ele>23</ele><speed>8.51</speed></trkpt><trkpt lat="24.98822" lon="121.57257"><time>2026-10-02T07:42:41Z</time><ele>23</ele><speed>16.312</speed></trkpt><trkpt lat="24.98817" lon="121.572602"><time>2026-10-02T07:42:42Z</time><ele>21</ele><speed>20.603</speed></trkpt><trkpt lat="24.98813" lon="121.572629"><time>2026-10-02T07:42:43Z</time><ele>22</ele><speed>6.187</speed></trkpt><trkpt lat="24.98808" lon="121.572655"><time>2026-10-02T07:42:44Z</time><ele>22</ele><speed>7.521</speed></trkpt><trkpt lat="24.988032" lon="121.57268"><time>2026-10-02T07:42:45Z</time><ele>23</ele><speed>5.695</speed></trkpt><trkpt lat="24.987979" lon="121.572706"><time>2026-10-02T07:42:46Z</time><ele>23</ele><speed>8.164</speed></trkpt><trkpt lat="24.987936" lon="121.572726"><time>2026-10-02T07:42:47Z</time><ele>23</ele><speed>6.25</speed></trkpt><trkpt lat="24.987902" lon="121.572741"><time>2026-10-02T07:42:48Z</time><ele>23</ele><speed>5.843</speed></trkpt><trkpt lat="24.987858" lon="121.572759"><time>2026-10-02T07:42:49Z</time><ele>24</ele><speed>6.878</speed></trkpt><trkpt lat="24.987821" lon="121.572781"><time>2026-10-02T07:42:50Z</time><ele>24</ele><speed>6.119</speed></trkpt><trkpt lat="24.987785" lon="121.572805"><time>2026-10-02T07:42:51Z</time><ele>25</ele><speed>9.7</speed></trkpt><trkpt lat="24.987744" lon="121.572825"><time>2026-10-02T07:42:52Z</time><ele>24</ele><speed>15.687</speed></trkpt><trkpt lat="24.987708" lon="121.572842"><time>2026-10-02T07:42:53Z</time><ele>23</ele><speed>5.795</speed></trkpt><trkpt lat="24.987668" lon="121.572855"><time>2026-10-02T07:42:54Z</time><ele>24</ele><speed>9.633</speed></trkpt><trkpt lat="24.987627" lon="121.572876"><time>2026-10-02T07:42:55Z</time><ele>24</ele><speed>6.053</speed></trkpt><trkpt lat="24.987581" lon="121.572897"><time>2026-10-02T07:42:56Z</time><ele>24</ele><speed>6.68</speed></trkpt><trkpt lat="24.987534" lon="121.572915"><time>2026-10-02T07:42:57Z</time><ele>23</ele><speed>7.016</speed></trkpt><trkpt lat="24.987494" lon="121.572933"><time>2026-10-02T07:42:58Z</time><ele>24</ele><speed>5.653</speed></trkpt><trkpt lat="24.987447" lon="121.57295"><time>2026-10-02T07:42:59Z</time><ele>24</ele><speed>6.009</speed></trkpt><trkpt lat="24.987404" lon="121.572964"><time>2026-10-02T07:43:00Z</time><ele>23</ele><speed>6.252</speed></trkpt><trkpt lat="24.98736" lon="121.572963"><time>2026-10-02T07:43:01Z</time><ele>23</ele><speed>10.012</speed></trkpt><trkpt lat="24.987321" lon="121.572959"><time>2026-10-02T07:43:02Z</time><ele>23</ele><speed>4.864</speed></trkpt><trkpt lat="24.987283" lon="121.572955"><time>2026-10-02T07:43:03Z</time><ele>23</ele><speed>8.401</speed></trkpt><trkpt lat="24.987249" lon="121.572959"><time>2026-10-02T07:43:04Z</time><ele>23</ele><speed>5.624</speed></trkpt><trkpt lat="24.987212" lon="121.57297"><time>2026-10-02T07:43:05Z</time><ele>23</ele><speed>10.121</speed></trkpt><trkpt lat="24.987167" lon="121.572983"><time>2026-10-02T07:43:06Z</time><ele>23</ele><speed>17.516</speed></trkpt><trkpt lat="24.98712" lon="121.573005"><time>2026-10-02T07:43:07Z</time><ele>23</ele><speed>16.656</speed></trkpt><trkpt lat="24.987066" lon="121.573031"><time>2026-10-02T07:43:08Z</time><ele>23</ele><speed>18.668</speed></trkpt><trkpt lat="24.987008" lon="121.573054"><time>2026-10-02T07:43:09Z</time><ele>22</ele><speed>18.463</speed></trkpt><trkpt lat="24.986942" lon="121.573065"><time>2026-10-02T07:43:10Z</time><ele>23</ele><speed>18.337</speed></trkpt><trkpt lat="24.986875" lon="121.573067"><time>2026-10-02T07:43:11Z</time><ele>22</ele><speed>18.934</speed></trkpt><trkpt lat="24.986811" lon="121.573068"><time>2026-10-02T07:43:12Z</time><ele>22</ele><speed>17.968</speed></trkpt><trkpt lat="24.98675" lon="121.573062"><time>2026-10-02T07:43:13Z</time><ele>22</ele><speed>17.387</speed></trkpt><trkpt lat="24.986692" lon="121.573051"><time>2026-10-02T07:43:14Z</time><ele>22</ele><speed>17.155</speed></trkpt><trkpt lat="24.986637" lon="121.573035"><time>2026-10-02T07:43:15Z</time><ele>22</ele><speed>16.614</speed></trkpt><trkpt lat="24.986585" lon="121.57302"><time>2026-10-02T07:43:16Z</time><ele>22</ele><speed>16.249</speed></trkpt><trkpt lat="24.986537" lon="121.573005"><time>2026-10-02T07:43:17Z</time><ele>22</ele><speed>15.365</speed></trkpt><trkpt lat="24.986491" lon="121.572992"><time>2026-10-02T07:43:18Z</time><ele>21</ele><speed>14.62</speed></trkpt><trkpt lat="24.986447" lon="121.572984"><time>2026-10-02T07:43:19Z</time><ele>21</ele><speed>14.416</speed></trkpt><trkpt lat="24.986405" lon="121.57298"><time>2026-10-02T07:43:20Z</time><ele>21</ele><speed>14.297</speed></trkpt><trkpt lat="24.986369" lon="121.572983"><time>2026-10-02T07:43:21Z</time><ele>21</ele><speed>14.579</speed></trkpt><trkpt lat="24.986342" lon="121.57299"><time>2026-10-02T07:43:22Z</time><ele>21</ele><speed>14.221</speed></trkpt><trkpt lat="24.986327" lon="121.573006"><time>2026-10-02T07:43:23Z</time><ele>20</ele><speed>16.179</speed></trkpt><trkpt lat="24.986332" lon="121.573028"><time>2026-10-02T07:43:25Z</time><ele>20</ele><speed>16.222</speed></trkpt><trkpt lat="24.986351" lon="121.573052"><time>2026-10-02T07:43:26Z</time><ele>19</ele><speed>17.756</speed></trkpt><trkpt lat="24.98638" lon="121.573077"><time>2026-10-02T07:43:27Z</time><ele>19</ele><speed>16.228</speed></trkpt><trkpt lat="24.986417" lon="121.573099"><time>2026-10-02T07:43:28Z</time><ele>21</ele><speed>14.586</speed></trkpt><trkpt lat="24.986459" lon="121.573117"><time>2026-10-02T07:43:29Z</time><ele>21</ele><speed>14.368</speed></trkpt><trkpt lat="24.986502" lon="121.573128"><time>2026-10-02T07:43:30Z</time><ele>22</ele><speed>14.338</speed></trkpt><trkpt lat="24.986533" lon="121.573133"><time>2026-10-02T07:43:31Z</time><ele>23</ele><speed>6.388</speed></trkpt><trkpt lat="24.986561" lon="121.573136"><time>2026-10-02T07:43:32Z</time><ele>23</ele><speed>7.796</speed></trkpt><trkpt lat="24.986589" lon="121.573139"><time>2026-10-02T07:43:33Z</time><ele>23</ele><speed>6.731</speed></trkpt><trkpt lat="24.986617" lon="121.573141"><time>2026-10-02T07:43:34Z</time><ele>22</ele><speed>6.963</speed></trkpt><trkpt lat="24.986643" lon="121.573144"><time>2026-10-02T07:43:35Z</time><ele>23</ele><speed>6.847</speed></trkpt><trkpt lat="24.986668" lon="121.573147"><time>2026-10-02T07:43:36Z</time><ele>23</ele><speed>8.242</speed></trkpt><trkpt lat="24.986705" lon="121.573153"><time>2026-10-02T07:43:37Z</time><ele>24</ele><speed>19.306</speed></trkpt><trkpt lat="24.986745" lon="121.573158"><time>2026-10-02T07:43:38Z</time><ele>24</ele><speed>18.472</speed></trkpt><trkpt lat="24.986787" lon="121.573162"><time>2026-10-02T07:43:39Z</time><ele>24</ele><speed>17.306</speed></trkpt><trkpt lat="24.986829" lon="121.573166"><time>2026-10-02T07:43:40Z</time><ele>24</ele><speed>14.671</speed></trkpt><trkpt lat="24.986869" lon="121.57317"><time>2026-10-02T07:43:41Z</time><ele>25</ele><speed>7.151</speed></trkpt><trkpt lat="24.986908" lon="121.573173"><time>2026-10-02T07:43:42Z</time><ele>25</ele><speed>6.516</speed></trkpt><trkpt lat="24.986937" lon="121.573174"><time>2026-10-02T07:43:43Z</time><ele>25</ele><speed>6.827</speed></trkpt><trkpt lat="24.986964" lon="121.573175"><time>2026-10-02T07:43:44Z</time><ele>25</ele><speed>7.15</speed></trkpt><trkpt lat="24.986989" lon="121.573175"><time>2026-10-02T07:43:45Z</time><ele>24</ele><speed>6.962</speed></trkpt><trkpt lat="24.987013" lon="121.573179"><time>2026-10-02T07:43:46Z</time><ele>25</ele><speed>8.599</speed></trkpt><trkpt lat="24.987042" lon="121.573189"><time>2026-10-02T07:43:47Z</time><ele>24</ele><speed>13.801</speed></trkpt><trkpt lat="24.987074" lon="121.573199"><time>2026-10-02T07:43:48Z</time><ele>24</ele><speed>14.162</speed></trkpt><trkpt lat="24.987103" lon="121.573206"><time>2026-10-02T07:43:49Z</time><ele>23</ele><speed>6.799</speed></trkpt><trkpt lat="24.987133" lon="121.573214"><time>2026-10-02T07:43:50Z</time><ele>23</ele><speed>7.303</speed></trkpt><trkpt lat="24.987164" lon="121.573223"><time>2026-10-02T07:43:51Z</time><ele>22</ele><speed>7.589</speed></trkpt><trkpt lat="24.987195" lon="121.573224"><time>2026-10-02T07:43:52Z</time><ele>21</ele><speed>6.513</speed></trkpt><trkpt lat="24.987222" lon="121.573217"><time>2026-10-02T07:43:53Z</time><ele>21</ele><speed>6.259</speed></trkpt><trkpt lat="24.98725" lon="121.57321"><time>2026-10-02T07:43:54Z</time><ele>22</ele><speed>10.005</speed></trkpt><trkpt lat="24.987296" lon="121.573206"><time>2026-10-02T07:43:55Z</time><ele>23</ele><speed>24.657</speed></trkpt><trkpt lat="24.987389" lon="121.573201"><time>2026-10-02T07:43:59Z</time><ele>24</ele><speed>28.439</speed></trkpt><trkpt lat="24.987481" lon="121.573188"><time>2026-10-02T07:44:00Z</time><ele>23</ele><speed>21.909</speed></trkpt><trkpt lat="24.987577" lon="121.573173"><time>2026-10-02T07:44:01Z</time><ele>25</ele><speed>19.398</speed></trkpt><trkpt lat="24.987678" lon="121.57316"><time>2026-10-02T07:44:02Z</time><ele>25</ele><speed>18.384</speed></trkpt><trkpt lat="24.98778" lon="121.573146"><time>2026-10-02T07:44:03Z</time><ele>26</ele><speed>17.401</speed></trkpt><trkpt lat="24.987869" lon="121.573127"><time>2026-10-02T07:44:04Z</time><ele>25</ele><speed>16.01</speed></trkpt><trkpt lat="24.987912" lon="121.573108"><time>2026-10-02T07:44:05Z</time><ele>26</ele><speed>14.989</speed></trkpt><trkpt lat="24.987954" lon="121.573092"><time>2026-10-02T07:44:06Z</time><ele>26</ele><speed>13.358</speed></trkpt><trkpt lat="24.987994" lon="121.573079"><time>2026-10-02T07:44:07Z</time><ele>26</ele><speed>12.417</speed></trkpt><trkpt lat="24.988028" lon="121.573074"><time>2026-10-02T07:44:08Z</time><ele>27</ele><speed>11.373</speed></trkpt><trkpt lat="24.988058" lon="121.573081"><time>2026-10-02T07:44:09Z</time><ele>26</ele><speed>14.183</speed></trkpt><trkpt lat="24.988085" lon="121.5731"><time>2026-10-02T07:44:10Z</time><ele>25</ele><speed>16.933</speed></trkpt><trkpt lat="24.988108" lon="121.573132"><time>2026-10-02T07:44:11Z</time><ele>24</ele><speed>18.81</speed></trkpt><trkpt lat="24.98813" lon="121.573176"><time>2026-10-02T07:44:12Z</time><ele>25</ele><speed>17.258</speed></trkpt><trkpt lat="24.988146" lon="121.573234"><time>2026-10-02T07:44:13Z</time><ele>24</ele><speed>18.315</speed></trkpt><trkpt lat="24.988153" lon="121.573294"><time>2026-10-02T07:44:14Z</time><ele>23</ele><speed>18.954</speed></trkpt><trkpt lat="24.988157" lon="121.573355"><time>2026-10-02T07:44:15Z</time><ele>23</ele><speed>20.153</speed></trkpt><trkpt lat="24.988156" lon="121.573414"><time>2026-10-02T07:44:16Z</time><ele>23</ele><speed>19.76</speed></trkpt><trkpt lat="24.988154" lon="121.57347"><time>2026-10-02T07:44:17Z</time><ele>23</ele><speed>19.109</speed></trkpt><trkpt lat="24.988151" lon="121.573526"><time>2026-10-02T07:44:18Z</time><ele>23</ele><speed>18.469</speed></trkpt><trkpt lat="24.988147" lon="121.57358"><time>2026-10-02T07:44:19Z</time><ele>23</ele><speed>18.448</speed></trkpt><trkpt lat="24.988148" lon="121.573632"><time>2026-10-02T07:44:20Z</time><ele>22</ele><speed>17.51</speed></trkpt><trkpt lat="24.988151" lon="121.573681"><time>2026-10-02T07:44:21Z</time><ele>22</ele><speed>17.908</speed></trkpt><trkpt lat="24.988155" lon="121.573724"><time>2026-10-02T07:44:22Z</time><ele>22</ele><speed>9.757</speed></trkpt><trkpt lat="24.988153" lon="121.573771"><time>2026-10-02T07:44:23Z</time><ele>23</ele><speed>17.994</speed></trkpt><trkpt lat="24.988149" lon="121.573817"><time>2026-10-02T07:44:24Z</time><ele>22</ele><speed>17.291</speed></trkpt><trkpt lat="24.988144" lon="121.57386"><time>2026-10-02T07:44:25Z</time><ele>22</ele><speed>14.655</speed></trkpt><trkpt lat="24.988139" lon="121.5739"><time>2026-10-02T07:44:26Z</time><ele>22</ele><speed>12.163</speed></trkpt><trkpt lat="24.988131" lon="121.573936"><time>2026-10-02T07:44:27Z</time><ele>22</ele><speed>10.56</speed></trkpt><trkpt lat="24.98812" lon="121.573975"><time>2026-10-02T07:44:28Z</time><ele>23</ele><speed>11.473</speed></trkpt><trkpt lat="24.988112" lon="121.574009"><time>2026-10-02T07:44:29Z</time><ele>22</ele><speed>13.105</speed></trkpt><trkpt lat="24.988105" lon="121.574042"><time>2026-10-02T07:44:30Z</time><ele>23</ele><speed>13.68</speed></trkpt><trkpt lat="24.988099" lon="121.574076"><time>2026-10-02T07:44:31Z</time><ele>23</ele><speed>13.569</speed></trkpt><trkpt lat="24.988092" lon="121.574112"><time>2026-10-02T07:44:32Z</time><ele>21</ele><speed>12.822</speed></trkpt><trkpt lat="24.988081" lon="121.574151"><time>2026-10-02T07:44:33Z</time><ele>21</ele><speed>14.759</speed></trkpt><trkpt lat="24.988073" lon="121.574192"><time>2026-10-02T07:44:34Z</time><ele>21</ele><speed>15.331</speed></trkpt><trkpt lat="24.988066" lon="121.574233"><time>2026-10-02T07:44:35Z</time><ele>21</ele><speed>15.183</speed></trkpt><trkpt lat="24.988058" lon="121.574276"><time>2026-10-02T07:44:36Z</time><ele>21</ele><speed>15.992</speed></trkpt><trkpt lat="24.988052" lon="121.57432"><time>2026-10-02T07:44:37Z</time><ele>21</ele><speed>15.962</speed></trkpt><trkpt lat="24.98805" lon="121.574365"><time>2026-10-02T07:44:38Z</time><ele>21</ele><speed>15.859</speed></trkpt><trkpt lat="24.988052" lon="121.574407"><time>2026-10-02T07:44:39Z</time><ele>22</ele><speed>14.234</speed></trkpt><trkpt lat="24.988055" lon="121.574451"><time>2026-10-02T07:44:40Z</time><ele>21</ele><speed>15.493</speed></trkpt><trkpt lat="24.988062" lon="121.574493"><time>2026-10-02T07:44:41Z</time><ele>22</ele><speed>14.428</speed></trkpt><trkpt lat="24.988067" lon="121.574536"><time>2026-10-02T07:44:42Z</time><ele>22</ele><speed>13.865</speed></trkpt><trkpt lat="24.988071" lon="121.574579"><time>2026-10-02T07:44:43Z</time><ele>21</ele><speed>14.317</speed></trkpt><trkpt lat="24.988069" lon="121.57462"><time>2026-10-02T07:44:44Z</time><ele>22</ele><speed>13.118</speed></trkpt><trkpt lat="24.988065" lon="121.574662"><time>2026-10-02T07:44:45Z</time><ele>22</ele><speed>12.359</speed></trkpt><trkpt lat="24.988059" lon="121.574698"><time>2026-10-02T07:44:46Z</time><ele>22</ele><speed>10.645</speed></trkpt><trkpt lat="24.988049" lon="121.574731"><time>2026-10-02T07:44:47Z</time><ele>22</ele><speed>8.14</speed></trkpt><trkpt lat="24.988039" lon="121.574758"><time>2026-10-02T07:44:48Z</time><ele>23</ele><speed>5.837</speed></trkpt><trkpt lat="24.988028" lon="121.574779"><time>2026-10-02T07:44:49Z</time><ele>22</ele><speed>4.4</speed></trkpt><trkpt lat="24.988023" lon="121.5748"><time>2026-10-02T07:44:50Z</time><ele>22</ele><speed>3.552</speed></trkpt><trkpt lat="24.988014" lon="121.57482"><time>2026-10-02T07:44:59Z</time><ele>22</ele><speed>3.629</speed></trkpt><trkpt lat="24.988003" lon="121.574837"><time>2026-10-02T07:45:00Z</time><ele>22</ele><speed>2.632</speed></trkpt><trkpt lat="24.987993" lon="121.574854"><time>2026-10-02T07:45:01Z</time><ele>22</ele><speed>3.215</speed></trkpt><trkpt lat="24.987989" lon="121.574875"><time>2026-10-02T07:45:36Z</time><ele>23</ele><speed>5.558</speed></trkpt><trkpt lat="24.987986" lon="121.574897"><time>2026-10-02T07:45:37Z</time><ele>22</ele><speed>8.499</speed></trkpt><trkpt lat="24.987982" lon="121.574923"><time>2026-10-02T07:45:38Z</time><ele>23</ele><speed>11.68</speed></trkpt><trkpt lat="24.987982" lon="121.57495"><time>2026-10-02T07:45:39Z</time><ele>22</ele><speed>14.345</speed></trkpt><trkpt lat="24.987983" lon="121.574983"><time>2026-10-02T07:45:40Z</time><ele>23</ele><speed>14.796</speed></trkpt><trkpt lat="24.987982" lon="121.575023"><time>2026-10-02T07:45:41Z</time><ele>24</ele><speed>16.543</speed></trkpt><trkpt lat="24.987974" lon="121.575065"><time>2026-10-02T07:45:42Z</time><ele>25</ele><speed>17.24</speed></trkpt><trkpt lat="24.987963" lon="121.575111"><time>2026-10-02T07:45:43Z</time><ele>25</ele><speed>18.21</speed></trkpt><trkpt lat="24.987948" lon="121.57516"><time>2026-10-02T07:45:44Z</time><ele>24</ele><speed>19.49</speed></trkpt><trkpt lat="24.987932" lon="121.575211"><time>2026-10-02T07:45:45Z</time><ele>23</ele><speed>20.385</speed></trkpt><trkpt lat="24.987914" lon="121.575265"><time>2026-10-02T07:45:46Z</time><ele>22</ele><speed>21.413</speed></trkpt><trkpt lat="24.987897" lon="121.575321"><time>2026-10-02T07:45:47Z</time><ele>21</ele><speed>21.166</speed></trkpt><trkpt lat="24.987881" lon="121.575377"><time>2026-10-02T07:45:48Z</time><ele>21</ele><speed>19.926</speed></trkpt><trkpt lat="24.987865" lon="121.575432"><time>2026-10-02T07:45:49Z</time><ele>22</ele><speed>18.652</speed></trkpt><trkpt lat="24.98785" lon="121.575483"><time>2026-10-02T07:45:50Z</time><ele>24</ele><speed>16.699</speed></trkpt><trkpt lat="24.987838" lon="121.575533"><time>2026-10-02T07:45:51Z</time><ele>24</ele><speed>15.396</speed></trkpt><trkpt lat="24.987829" lon="121.575578"><time>2026-10-02T07:45:52Z</time><ele>23</ele><speed>14.247</speed></trkpt><trkpt lat="24.987821" lon="121.575619"><time>2026-10-02T07:45:53Z</time><ele>22</ele><speed>13.651</speed></trkpt><trkpt lat="24.987815" lon="121.575661"><time>2026-10-02T07:45:54Z</time><ele>23</ele><speed>15.214</speed></trkpt><trkpt lat="24.987812" lon="121.575701"><time>2026-10-02T07:45:55Z</time><ele>24</ele><speed>14.929</speed></trkpt><trkpt lat="24.987819" lon="121.575744"><time>2026-10-02T07:45:56Z</time><ele>25</ele><speed>16.937</speed></trkpt><trkpt lat="24.987826" lon="121.575784"><time>2026-10-02T07:45:57Z</time><ele>25</ele><speed>16.146</speed></trkpt><trkpt lat="24.987831" lon="121.575825"><time>2026-10-02T07:45:58Z</time><ele>25</ele><speed>13.872</speed></trkpt><trkpt lat="24.987831" lon="121.575863"><time>2026-10-02T07:45:59Z</time><ele>25</ele><speed>11.598</speed></trkpt><trkpt lat="24.987823" lon="121.575895"><time>2026-10-02T07:46:00Z</time><ele>24</ele><speed>9.529</speed></trkpt><trkpt lat="24.987811" lon="121.575923"><time>2026-10-02T07:46:01Z</time><ele>24</ele><speed>7.9</speed></trkpt><trkpt lat="24.987786" lon="121.575945"><time>2026-10-02T07:46:02Z</time><ele>24</ele><speed>8.229</speed></trkpt><trkpt lat="24.987754" lon="121.575962"><time>2026-10-02T07:46:03Z</time><ele>25</ele><speed>9.148</speed></trkpt><trkpt lat="24.987721" lon="121.575975"><time>2026-10-02T07:46:04Z</time><ele>25</ele><speed>8.988</speed></trkpt><trkpt lat="24.987694" lon="121.575989"><time>2026-10-02T07:46:05Z</time><ele>25</ele><speed>9.035</speed></trkpt><trkpt lat="24.987672" lon="121.576007"><time>2026-10-02T07:46:06Z</time><ele>25</ele><speed>11.593</speed></trkpt><trkpt lat="24.987654" lon="121.576031"><time>2026-10-02T07:46:07Z</time><ele>25</ele><speed>13.261</speed></trkpt><trkpt lat="24.987645" lon="121.576058"><time>2026-10-02T07:46:08Z</time><ele>24</ele><speed>13.306</speed></trkpt><trkpt lat="24.987644" lon="121.576088"><time>2026-10-02T07:46:09Z</time><ele>24</ele><speed>12.879</speed></trkpt><trkpt lat="24.98765" lon="121.576121"><time>2026-10-02T07:46:10Z</time><ele>24</ele><speed>12.699</speed></trkpt><trkpt lat="24.987659" lon="121.576156"><time>2026-10-02T07:46:11Z</time><ele>23</ele><speed>13.937</speed></trkpt><trkpt lat="24.987668" lon="121.576192"><time>2026-10-02T07:46:12Z</time><ele>23</ele><speed>15.941</speed></trkpt><trkpt lat="24.987673" lon="121.576229"><time>2026-10-02T07:46:13Z</time><ele>23</ele><speed>17.207</speed></trkpt><trkpt lat="24.987675" lon="121.576269"><time>2026-10-02T07:46:14Z</time><ele>21</ele><speed>18.516</speed></trkpt><trkpt lat="24.987673" lon="121.576314"><time>2026-10-02T07:46:15Z</time><ele>22</ele><speed>19.431</speed></trkpt><trkpt lat="24.987668" lon="121.576363"><time>2026-10-02T07:46:16Z</time><ele>21</ele><speed>19.36</speed></trkpt><trkpt lat="24.987657" lon="121.576414"><time>2026-10-02T07:46:17Z</time><ele>21</ele><speed>18.741</speed></trkpt><trkpt lat="24.987646" lon="121.576463"><time>2026-10-02T07:46:18Z</time><ele>22</ele><speed>17.25</speed></trkpt><trkpt lat="24.987633" lon="121.576512"><time>2026-10-02T07:46:19Z</time><ele>23</ele><speed>15.87</speed></trkpt><trkpt lat="24.987623" lon="121.576556"><time>2026-10-02T07:46:20Z</time><ele>23</ele><speed>13.398</speed></trkpt><trkpt lat="24.987611" lon="121.576595"><time>2026-10-02T07:46:21Z</time><ele>23</ele><speed>12.025</speed></trkpt><trkpt lat="24.987603" lon="121.576633"><time>2026-10-02T07:46:22Z</time><ele>23</ele><speed>13.134</speed></trkpt><trkpt lat="24.987599" lon="121.57667"><time>2026-10-02T07:46:23Z</time><ele>23</ele><speed>14.811</speed></trkpt><trkpt lat="24.987593" lon="121.576705"><time>2026-10-02T07:46:24Z</time><ele>23</ele><speed>14.433</speed></trkpt><trkpt lat="24.987589" lon="121.576741"><time>2026-10-02T07:46:25Z</time><ele>24</ele><speed>13.941</speed></trkpt><trkpt lat="24.987586" lon="121.576778"><time>2026-10-02T07:46:26Z</time><ele>25</ele><speed>13.531</speed></trkpt><trkpt lat="24.987583" lon="121.576815"><time>2026-10-02T07:46:27Z</time><ele>25</ele><speed>13.287</speed></trkpt><trkpt lat="24.987578" lon="121.576853"><time>2026-10-02T07:46:28Z</time><ele>25</ele><speed>14.039</speed></trkpt><trkpt lat="24.98757" lon="121.576889"><time>2026-10-02T07:46:29Z</time><ele>25</ele><speed>14.9</speed></trkpt><trkpt lat="24.987564" lon="121.576927"><time>2026-10-02T07:46:30Z</time><ele>24</ele><speed>15.338</speed></trkpt><trkpt lat="24.987553" lon="121.576965"><time>2026-10-02T07:46:31Z</time><ele>24</ele><speed>14.855</speed></trkpt><trkpt lat="24.987542" lon="121.577003"><time>2026-10-02T07:46:32Z</time><ele>24</ele><speed>13.576</speed></trkpt><trkpt lat="24.987531" lon="121.577041"><time>2026-10-02T07:46:33Z</time><ele>24</ele><speed>11.505</speed></trkpt><trkpt lat="24.98752" lon="121.577075"><time>2026-10-02T07:46:34Z</time><ele>23</ele><speed>9.092</speed></trkpt><trkpt lat="24.987508" lon="121.577105"><time>2026-10-02T07:46:35Z</time><ele>23</ele><speed>7.143</speed></trkpt><trkpt lat="24.987495" lon="121.577128"><time>2026-10-02T07:46:36Z</time><ele>23</ele><speed>5.717</speed></trkpt><trkpt lat="24.987483" lon="121.577146"><time>2026-10-02T07:46:37Z</time><ele>22</ele><speed>4.389</speed></trkpt><trkpt lat="24.987465" lon="121.577142"><time>2026-10-02T07:46:44Z</time><ele>23</ele><speed>5.707</speed></trkpt><trkpt lat="24.987448" lon="121.577133"><time>2026-10-02T07:46:45Z</time><ele>24</ele><speed>5.753</speed></trkpt><trkpt lat="24.987432" lon="121.577116"><time>2026-10-02T07:46:46Z</time><ele>23</ele><speed>6.463</speed></trkpt><trkpt lat="24.987415" lon="121.577092"><time>2026-10-02T07:46:47Z</time><ele>23</ele><speed>7.596</speed></trkpt><trkpt lat="24.987403" lon="121.577067"><time>2026-10-02T07:46:48Z</time><ele>23</ele><speed>4.187</speed></trkpt><trkpt lat="24.987394" lon="121.577041"><time>2026-10-02T07:46:49Z</time><ele>24</ele><speed>2.558</speed></trkpt><trkpt lat="24.987389" lon="121.577021"><time>2026-10-02T07:46:52Z</time><ele>24</ele><speed>5.608</speed></trkpt><trkpt lat="24.987384" lon="121.576999"><time>2026-10-02T07:46:53Z</time><ele>23</ele><speed>4.594</speed></trkpt><trkpt lat="24.987376" lon="121.576979"><time>2026-10-02T07:46:56Z</time><ele>24</ele><speed>3.395</speed></trkpt><trkpt lat="24.987367" lon="121.57696"><time>2026-10-02T07:46:57Z</time><ele>24</ele><speed>4.44</speed></trkpt><trkpt lat="24.987359" lon="121.576937"><time>2026-10-02T07:46:58Z</time><ele>24</ele><speed>4.307</speed></trkpt><trkpt lat="24.987351" lon="121.576913"><time>2026-10-02T07:46:59Z</time><ele>23</ele><speed>5.041</speed></trkpt><trkpt lat="24.987351" lon="121.576891"><time>2026-10-02T07:47:01Z</time><ele>23</ele><speed>5.551</speed></trkpt><trkpt lat="24.987369" lon="121.576867"><time>2026-10-02T07:47:16Z</time><ele>22</ele><speed>1.081</speed></trkpt><trkpt lat="24.987389" lon="121.576846"><time>2026-10-02T07:47:17Z</time><ele>22</ele><speed>1.603</speed></trkpt><trkpt lat="24.987412" lon="121.576828"><time>2026-10-02T07:47:18Z</time><ele>17</ele><speed>0.411</speed></trkpt><trkpt lat="24.987433" lon="121.576832"><time>2026-10-02T07:47:23Z</time><ele>21</ele><speed>4.198</speed></trkpt><trkpt lat="24.987455" lon="121.576848"><time>2026-10-02T07:47:24Z</time><ele>21</ele><speed>9.769</speed></trkpt><trkpt lat="24.987469" lon="121.576877"><time>2026-10-02T07:47:25Z</time><ele>21</ele><speed>10.505</speed></trkpt><trkpt lat="24.987465" lon="121.576917"><time>2026-10-02T07:47:26Z</time><ele>21</ele><speed>10.979</speed></trkpt><trkpt lat="24.987457" lon="121.576964"><time>2026-10-02T07:47:27Z</time><ele>21</ele><speed>10.61</speed></trkpt><trkpt lat="24.987447" lon="121.577018"><time>2026-10-02T07:47:28Z</time><ele>21</ele><speed>10.874</speed></trkpt><trkpt lat="24.987437" lon="121.577056"><time>2026-10-02T07:47:29Z</time><ele>21</ele><speed>10.75</speed></trkpt><trkpt lat="24.987425" lon="121.577088"><time>2026-10-02T07:47:30Z</time><ele>21</ele><speed>8.457</speed></trkpt><trkpt lat="24.987415" lon="121.577118"><time>2026-10-02T07:47:31Z</time><ele>21</ele><speed>6.25</speed></trkpt><trkpt lat="24.987407" lon="121.577142"><time>2026-10-02T07:47:32Z</time><ele>21</ele><speed>4.551</speed></trkpt><trkpt lat="24.987404" lon="121.577164"><time>2026-10-02T07:47:33Z</time><ele>20</ele><speed>6.164</speed></trkpt><trkpt lat="24.987403" lon="121.577185"><time>2026-10-02T07:47:35Z</time><ele>21</ele><speed>7.123</speed></trkpt><trkpt lat="24.987402" lon="121.577207"><time>2026-10-02T07:47:36Z</time><ele>21</ele><speed>10.766</speed></trkpt><trkpt lat="24.987403" lon="121.577233"><time>2026-10-02T07:47:37Z</time><ele>21</ele><speed>12.147</speed></trkpt><trkpt lat="24.987403" lon="121.57726"><time>2026-10-02T07:47:38Z</time><ele>22</ele><speed>10.552</speed></trkpt><trkpt lat="24.987403" lon="121.577291"><time>2026-10-02T07:47:39Z</time><ele>22</ele><speed>11.455</speed></trkpt><trkpt lat="24.987402" lon="121.577321"><time>2026-10-02T07:47:40Z</time><ele>23</ele><speed>8.724</speed></trkpt><trkpt lat="24.987401" lon="121.577349"><time>2026-10-02T07:47:41Z</time><ele>22</ele><speed>7.406</speed></trkpt><trkpt lat="24.987402" lon="121.577372"><time>2026-10-02T07:47:42Z</time><ele>22</ele><speed>5.927</speed></trkpt><trkpt lat="24.987404" lon="121.577393"><time>2026-10-02T07:47:44Z</time><ele>23</ele><speed>4.623</speed></trkpt><trkpt lat="24.987422" lon="121.577384"><time>2026-10-02T07:49:33Z</time><ele>28</ele><speed>5.806</speed></trkpt><trkpt lat="24.98744" lon="121.577367"><time>2026-10-02T07:49:34Z</time><ele>28</ele><speed>5.146</speed></trkpt><trkpt lat="24.987449" lon="121.577346"><time>2026-10-02T07:49:35Z</time><ele>28</ele><speed>4.719</speed></trkpt><trkpt lat="24.987458" lon="121.57732"><time>2026-10-02T07:49:36Z</time><ele>29</ele><speed>3.706</speed></trkpt><trkpt lat="24.987465" lon="121.577289"><time>2026-10-02T07:49:37Z</time><ele>29</ele><speed>3.318</speed></trkpt><trkpt lat="24.987471" lon="121.577253"><time>2026-10-02T07:49:38Z</time><ele>28</ele><speed>3.289</speed></trkpt><trkpt lat="24.987455" lon="121.57724"><time>2026-10-02T07:49:39Z</time><ele>28</ele><speed>4.689</speed></trkpt><trkpt lat="24.987435" lon="121.577229"><time>2026-10-02T07:49:40Z</time><ele>29</ele><speed>4.971</speed></trkpt><trkpt lat="24.987418" lon="121.577218"><time>2026-10-02T07:49:41Z</time><ele>28</ele><speed>6.656</speed></trkpt><trkpt lat="24.987396" lon="121.577209"><time>2026-10-02T07:49:42Z</time><ele>28</ele><speed>4.665</speed></trkpt><trkpt lat="24.987371" lon="121.577203"><time>2026-10-02T07:49:43Z</time><ele>27</ele><speed>5.646</speed></trkpt><trkpt lat="24.987347" lon="121.577199"><time>2026-10-02T07:49:44Z</time><ele>27</ele><speed>3.725</speed></trkpt><trkpt lat="24.987324" lon="121.577199"><time>2026-10-02T07:49:45Z</time><ele>27</ele><speed>6.246</speed></trkpt><trkpt lat="24.987305" lon="121.577199"><time>2026-10-02T07:49:46Z</time><ele>26</ele><speed>4.505</speed></trkpt><trkpt lat="24.987286" lon="121.577204"><time>2026-10-02T07:49:48Z</time><ele>27</ele><speed>5.443</speed></trkpt><trkpt lat="24.987267" lon="121.577211"><time>2026-10-02T07:49:49Z</time><ele>26</ele><speed>6.167</speed></trkpt><trkpt lat="24.987249" lon="121.577218"><time>2026-10-02T07:49:50Z</time><ele>27</ele><speed>5.533</speed></trkpt><trkpt lat="24.987229" lon="121.577227"><time>2026-10-02T07:49:51Z</time><ele>28</ele><speed>6.274</speed></trkpt><trkpt lat="24.987207" lon="121.577239"><time>2026-10-02T07:49:52Z</time><ele>28</ele><speed>8.036</speed></trkpt><trkpt lat="24.987182" lon="121.577251"><time>2026-10-02T07:49:53Z</time><ele>29</ele><speed>7.135</speed></trkpt><trkpt lat="24.98716" lon="121.57726"><time>2026-10-02T07:49:54Z</time><ele>30</ele><speed>6.586</speed></trkpt><trkpt lat="24.987138" lon="121.577267"><time>2026-10-02T07:49:55Z</time><ele>30</ele><speed>6.272</speed></trkpt><trkpt lat="24.987116" lon="121.577273"><time>2026-10-02T07:49:56Z</time><ele>29</ele><speed>6.06</speed></trkpt><trkpt lat="24.987095" lon="121.577276"><time>2026-10-02T07:49:57Z</time><ele>29</ele><speed>6.247</speed></trkpt><trkpt lat="24.987074" lon="121.577274"><time>2026-10-02T07:49:59Z</time><ele>29</ele><speed>6.59</speed></trkpt><trkpt lat="24.987054" lon="121.57727"><time>2026-10-02T07:50:00Z</time><ele>29</ele><speed>6.893</speed></trkpt><trkpt lat="24.987035" lon="121.577264"><time>2026-10-02T07:50:01Z</time><ele>29</ele><speed>7.044</speed></trkpt><trkpt lat="24.987016" lon="121.577257"><time>2026-10-02T07:50:02Z</time><ele>29</ele><speed>7.294</speed></trkpt><trkpt lat="24.986997" lon="121.577248"><time>2026-10-02T07:50:03Z</time><ele>29</ele><speed>7.623</speed></trkpt><trkpt lat="24.986977" lon="121.577235"><time>2026-10-02T07:50:04Z</time><ele>30</ele><speed>7.852</speed></trkpt><trkpt lat="24.98696" lon="121.577227"><time>2026-10-02T07:50:06Z</time><ele>29</ele><speed>5.033</speed></trkpt><trkpt lat="24.986942" lon="121.577217"><time>2026-10-02T07:50:08Z</time><ele>28</ele><speed>4.136</speed></trkpt><trkpt lat="24.986923" lon="121.577212"><time>2026-10-02T07:50:10Z</time><ele>28</ele><speed>4.5</speed></trkpt><trkpt lat="24.986905" lon="121.577207"><time>2026-10-02T07:50:11Z</time><ele>28</ele><speed>4.357</speed></trkpt><trkpt lat="24.986886" lon="121.577204"><time>2026-10-02T07:50:12Z</time><ele>28</ele><speed>4.35</speed></trkpt><trkpt lat="24.986866" lon="121.577202"><time>2026-10-02T07:50:14Z</time><ele>26</ele><speed>5.411</speed></trkpt><trkpt lat="24.986845" lon="121.577195"><time>2026-10-02T07:50:15Z</time><ele>28</ele><speed>6.589</speed></trkpt><trkpt lat="24.986825" lon="121.577191"><time>2026-10-02T07:50:16Z</time><ele>27</ele><speed>6.786</speed></trkpt><trkpt lat="24.986807" lon="121.577179"><time>2026-10-02T07:50:17Z</time><ele>27</ele><speed>7.168</speed></trkpt><trkpt lat="24.986788" lon="121.577167"><time>2026-10-02T07:50:18Z</time><ele>28</ele><speed>7.13</speed></trkpt><trkpt lat="24.986769" lon="121.577159"><time>2026-10-02T07:50:19Z</time><ele>27</ele><speed>7.522</speed></trkpt><trkpt lat="24.986749" lon="121.577153"><time>2026-10-02T07:50:21Z</time><ele>27</ele><speed>7.285</speed></trkpt><trkpt lat="24.98673" lon="121.577152"><time>2026-10-02T07:50:22Z</time><ele>28</ele><speed>7.284</speed></trkpt><trkpt lat="24.986712" lon="121.577151"><time>2026-10-02T07:50:23Z</time><ele>28</ele><speed>6.738</speed></trkpt><trkpt lat="24.986692" lon="121.577149"><time>2026-10-02T07:50:25Z</time><ele>30</ele><speed>5.692</speed></trkpt><trkpt lat="24.986667" lon="121.577146"><time>2026-10-02T07:50:26Z</time><ele>29</ele><speed>5.676</speed></trkpt><trkpt lat="24.986646" lon="121.577145"><time>2026-10-02T07:50:27Z</time><ele>30</ele><speed>4.601</speed></trkpt><trkpt lat="24.986627" lon="121.577146"><time>2026-10-02T07:50:29Z</time><ele>30</ele><speed>3.88</speed></trkpt><trkpt lat="24.986602" lon="121.577147"><time>2026-10-02T07:50:30Z</time><ele>30</ele><speed>5.476</speed></trkpt><trkpt lat="24.986576" lon="121.577148"><time>2026-10-02T07:50:31Z</time><ele>30</ele><speed>5.108</speed></trkpt><trkpt lat="24.986553" lon="121.577157"><time>2026-10-02T07:50:32Z</time><ele>30</ele><speed>4.356</speed></trkpt><trkpt lat="24.986533" lon="121.577164"><time>2026-10-02T07:50:43Z</time><ele>29</ele><speed>2.886</speed></trkpt><trkpt lat="24.98651" lon="121.577165"><time>2026-10-02T07:50:44Z</time><ele>29</ele><speed>2.952</speed></trkpt><trkpt lat="24.986487" lon="121.577162"><time>2026-10-02T07:50:45Z</time><ele>30</ele><speed>3.699</speed></trkpt><trkpt lat="24.986469" lon="121.577158"><time>2026-10-02T07:50:46Z</time><ele>31</ele><speed>5.031</speed></trkpt><trkpt lat="24.986451" lon="121.577155"><time>2026-10-02T07:50:47Z</time><ele>30</ele><speed>4.689</speed></trkpt><trkpt lat="24.986431" lon="121.577152"><time>2026-10-02T07:50:48Z</time><ele>31</ele><speed>4.073</speed></trkpt><trkpt lat="24.986412" lon="121.577157"><time>2026-10-02T07:50:50Z</time><ele>30</ele><speed>4.1</speed></trkpt><trkpt lat="24.986396" lon="121.577166"><time>2026-10-02T07:50:51Z</time><ele>29</ele><speed>2.992</speed></trkpt><trkpt lat="24.986383" lon="121.577181"><time>2026-10-02T07:50:53Z</time><ele>29</ele><speed>4.305</speed></trkpt><trkpt lat="24.986372" lon="121.577201"><time>2026-10-02T07:50:55Z</time><ele>28</ele><speed>7.147</speed></trkpt><trkpt lat="24.986364" lon="121.57722"><time>2026-10-02T07:50:56Z</time><ele>28</ele><speed>4.712</speed></trkpt><trkpt lat="24.986356" lon="121.57724"><time>2026-10-02T07:50:57Z</time><ele>27</ele><speed>4.231</speed></trkpt><trkpt lat="24.986349" lon="121.57726"><time>2026-10-02T07:51:00Z</time><ele>24</ele><speed>4.345</speed></trkpt><trkpt lat="24.986339" lon="121.577281"><time>2026-10-02T07:51:01Z</time><ele>25</ele><speed>4.939</speed></trkpt><trkpt lat="24.986329" lon="121.577298"><time>2026-10-02T07:51:02Z</time><ele>24</ele><speed>4.366</speed></trkpt><trkpt lat="24.986318" lon="121.577315"><time>2026-10-02T07:51:04Z</time><ele>24</ele><speed>5.063</speed></trkpt><trkpt lat="24.986305" lon="121.577333"><time>2026-10-02T07:51:05Z</time><ele>24</ele><speed>4.75</speed></trkpt><trkpt lat="24.986294" lon="121.577351"><time>2026-10-02T07:51:06Z</time><ele>23</ele><speed>4.807</speed></trkpt><trkpt lat="24.986288" lon="121.57737"><time>2026-10-02T07:51:08Z</time><ele>23</ele><speed>4.983</speed></trkpt><trkpt lat="24.986282" lon="121.577389"><time>2026-10-02T07:51:10Z</time><ele>23</ele><speed>4.352</speed></trkpt><trkpt lat="24.986276" lon="121.577409"><time>2026-10-02T07:51:11Z</time><ele>24</ele><speed>4.437</speed></trkpt><trkpt lat="24.986275" lon="121.577429"><time>2026-10-02T07:51:13Z</time><ele>23</ele><speed>5.276</speed></trkpt><trkpt lat="24.986277" lon="121.57745"><time>2026-10-02T07:51:14Z</time><ele>23</ele><speed>6.274</speed></trkpt><trkpt lat="24.986278" lon="121.577472"><time>2026-10-02T07:51:15Z</time><ele>23</ele><speed>6.182</speed></trkpt><trkpt lat="24.986276" lon="121.577494"><time>2026-10-02T07:51:17Z</time><ele>23</ele><speed>4.274</speed></trkpt><trkpt lat="24.986274" lon="121.577514"><time>2026-10-02T07:51:18Z</time><ele>23</ele><speed>4.707</speed></trkpt><trkpt lat="24.986274" lon="121.577534"><time>2026-10-02T07:51:19Z</time><ele>22</ele><speed>5.032</speed></trkpt><trkpt lat="24.986269" lon="121.577555"><time>2026-10-02T07:51:22Z</time><ele>22</ele><speed>4.645</speed></trkpt><trkpt lat="24.986266" lon="121.577576"><time>2026-10-02T07:51:23Z</time><ele>22</ele><speed>5.469</speed></trkpt><trkpt lat="24.986264" lon="121.577597"><time>2026-10-02T07:51:25Z</time><ele>22</ele><speed>4.594</speed></trkpt><trkpt lat="24.986264" lon="121.577617"><time>2026-10-02T07:51:26Z</time><ele>21</ele><speed>5.747</speed></trkpt><trkpt lat="24.986266" lon="121.577639"><time>2026-10-02T07:51:27Z</time><ele>21</ele><speed>6.443</speed></trkpt><trkpt lat="24.986269" lon="121.577661"><time>2026-10-02T07:51:28Z</time><ele>21</ele><speed>4.323</speed></trkpt><trkpt lat="24.986274" lon="121.577681"><time>2026-10-02T07:51:31Z</time><ele>21</ele><speed>4.107</speed></trkpt><trkpt lat="24.986278" lon="121.577702"><time>2026-10-02T07:51:32Z</time><ele>20</ele><speed>5.351</speed></trkpt><trkpt lat="24.986281" lon="121.577722"><time>2026-10-02T07:51:33Z</time><ele>21</ele><speed>4.263</speed></trkpt><trkpt lat="24.986285" lon="121.577742"><time>2026-10-02T07:51:34Z</time><ele>22</ele><speed>4.398</speed></trkpt><trkpt lat="24.986285" lon="121.577763"><time>2026-10-02T07:51:36Z</time><ele>22</ele><speed>4.078</speed></trkpt><trkpt lat="24.98628" lon="121.577784"><time>2026-10-02T07:51:37Z</time><ele>23</ele><speed>4.501</speed></trkpt><trkpt lat="24.986275" lon="121.577804"><time>2026-10-02T07:51:39Z</time><ele>24</ele><speed>3.468</speed></trkpt><trkpt lat="24.986256" lon="121.577824"><time>2026-10-02T07:52:26Z</time><ele>29</ele><speed>3.129</speed></trkpt><trkpt lat="24.986237" lon="121.577841"><time>2026-10-02T07:52:27Z</time><ele>28</ele><speed>2.785</speed></trkpt><trkpt lat="24.986216" lon="121.577855"><time>2026-10-02T07:52:28Z</time><ele>28</ele><speed>2.917</speed></trkpt><trkpt lat="24.986196" lon="121.577863"><time>2026-10-02T07:52:29Z</time><ele>27</ele><speed>3.422</speed></trkpt><trkpt lat="24.986175" lon="121.577867"><time>2026-10-02T07:52:31Z</time><ele>27</ele><speed>2.987</speed></trkpt><trkpt lat="24.986155" lon="121.577867"><time>2026-10-02T07:52:32Z</time><ele>27</ele><speed>2.898</speed></trkpt><trkpt lat="24.986137" lon="121.577861"><time>2026-10-02T07:52:37Z</time><ele>26</ele><speed>4.053</speed></trkpt><trkpt lat="24.986118" lon="121.577855"><time>2026-10-02T07:52:38Z</time><ele>27</ele><speed>4.932</speed></trkpt><trkpt lat="24.986099" lon="121.577849"><time>2026-10-02T07:52:39Z</time><ele>27</ele><speed>3.805</speed></trkpt><trkpt lat="24.986081" lon="121.577843"><time>2026-10-02T07:52:40Z</time><ele>27</ele><speed>3.502</speed></trkpt><trkpt lat="24.986062" lon="121.577839"><time>2026-10-02T07:52:42Z</time><ele>27</ele><speed>3.776</speed></trkpt><trkpt lat="24.986043" lon="121.577835"><time>2026-10-02T07:52:43Z</time><ele>27</ele><speed>4.302</speed></trkpt><trkpt lat="24.986026" lon="121.577827"><time>2026-10-02T07:52:47Z</time><ele>28</ele><speed>4.416</speed></trkpt><trkpt lat="24.986011" lon="121.577815"><time>2026-10-02T07:52:49Z</time><ele>28</ele><speed>3.877</speed></trkpt><trkpt lat="24.985998" lon="121.577802"><time>2026-10-02T07:52:50Z</time><ele>28</ele><speed>4.529</speed></trkpt><trkpt lat="24.985987" lon="121.577785"><time>2026-10-02T07:52:51Z</time><ele>27</ele><speed>5.125</speed></trkpt><trkpt lat="24.98598" lon="121.577765"><time>2026-10-02T07:52:52Z</time><ele>27</ele><speed>5.812</speed></trkpt><trkpt lat="24.985976" lon="121.577744"><time>2026-10-02T07:52:53Z</time><ele>27</ele><speed>5.317</speed></trkpt><trkpt lat="24.985979" lon="121.577723"><time>2026-10-02T07:52:55Z</time><ele>27</ele><speed>4.933</speed></trkpt><trkpt lat="24.985981" lon="121.577702"><time>2026-10-02T07:52:57Z</time><ele>27</ele><speed>5.053</speed></trkpt><trkpt lat="24.985983" lon="121.577682"><time>2026-10-02T07:52:58Z</time><ele>27</ele><speed>4.571</speed></trkpt><trkpt lat="24.985984" lon="121.57766"><time>2026-10-02T07:53:00Z</time><ele>26</ele><speed>4.98</speed></trkpt><trkpt lat="24.985987" lon="121.57764"><time>2026-10-02T07:53:01Z</time><ele>26</ele><speed>4.809</speed></trkpt><trkpt lat="24.985992" lon="121.577619"><time>2026-10-02T07:53:03Z</time><ele>27</ele><speed>4.546</speed></trkpt><trkpt lat="24.985997" lon="121.5776"><time>2026-10-02T07:53:04Z</time><ele>27</ele><speed>5.082</speed></trkpt><trkpt lat="24.986004" lon="121.577581"><time>2026-10-02T07:53:06Z</time><ele>27</ele><speed>5.344</speed></trkpt><trkpt lat="24.986011" lon="121.57756"><time>2026-10-02T07:53:07Z</time><ele>27</ele><speed>5.925</speed></trkpt><trkpt lat="24.986019" lon="121.577542"><time>2026-10-02T07:53:08Z</time><ele>27</ele><speed>5.467</speed></trkpt><trkpt lat="24.986028" lon="121.577523"><time>2026-10-02T07:53:09Z</time><ele>27</ele><speed>5.403</speed></trkpt><trkpt lat="24.986034" lon="121.577504"><time>2026-10-02T07:53:10Z</time><ele>27</ele><speed>5.98</speed></trkpt><trkpt lat="24.986042" lon="121.577484"><time>2026-10-02T07:53:12Z</time><ele>27</ele><speed>5.869</speed></trkpt><trkpt lat="24.986051" lon="121.577466"><time>2026-10-02T07:53:13Z</time><ele>27</ele><speed>5.279</speed></trkpt><trkpt lat="24.986058" lon="121.577445"><time>2026-10-02T07:53:15Z</time><ele>28</ele><speed>4.078</speed></trkpt><trkpt lat="24.986065" lon="121.577425"><time>2026-10-02T07:53:16Z</time><ele>28</ele><speed>4.23</speed></trkpt><trkpt lat="24.986071" lon="121.577402"><time>2026-10-02T07:53:17Z</time><ele>28</ele><speed>5.787</speed></trkpt><trkpt lat="24.986076" lon="121.577381"><time>2026-10-02T07:53:18Z</time><ele>28</ele><speed>5.355</speed></trkpt><trkpt lat="24.986078" lon="121.577358"><time>2026-10-02T07:53:20Z</time><ele>29</ele><speed>5.46</speed></trkpt><trkpt lat="24.986081" lon="121.577336"><time>2026-10-02T07:53:21Z</time><ele>29</ele><speed>5.4</speed></trkpt><trkpt lat="24.986086" lon="121.577315"><time>2026-10-02T07:53:23Z</time><ele>29</ele><speed>4.791</speed></trkpt><trkpt lat="24.986089" lon="121.577294"><time>2026-10-02T07:53:24Z</time><ele>29</ele><speed>4.137</speed></trkpt><trkpt lat="24.986093" lon="121.577274"><time>2026-10-02T07:53:25Z</time><ele>29</ele><speed>4.057</speed></trkpt><trkpt lat="24.986097" lon="121.577253"><time>2026-10-02T07:53:26Z</time><ele>29</ele><speed>5.161</speed></trkpt><trkpt lat="24.9861" lon="121.577232"><time>2026-10-02T07:53:28Z</time><ele>30</ele><speed>5.079</speed></trkpt><trkpt lat="24.986102" lon="121.577212"><time>2026-10-02T07:53:29Z</time><ele>30</ele><speed>4.603</speed></trkpt><trkpt lat="24.9861" lon="121.577192"><time>2026-10-02T07:53:30Z</time><ele>30</ele><speed>4.703</speed></trkpt><trkpt lat="24.986097" lon="121.577172"><time>2026-10-02T07:53:31Z</time><ele>30</ele><speed>4.337</speed></trkpt><trkpt lat="24.986091" lon="121.577152"><time>2026-10-02T07:53:32Z</time><ele>30</ele><speed>5.026</speed></trkpt><trkpt lat="24.986083" lon="121.577132"><time>2026-10-02T07:53:33Z</time><ele>29</ele><speed>5.475</speed></trkpt><trkpt lat="24.986073" lon="121.577111"><time>2026-10-02T07:53:35Z</time><ele>29</ele><speed>6.229</speed></trkpt><trkpt lat="24.986064" lon="121.577089"><time>2026-10-02T07:53:36Z</time><ele>29</ele><speed>5.958</speed></trkpt><trkpt lat="24.986054" lon="121.577068"><time>2026-10-02T07:53:37Z</time><ele>30</ele><speed>5.311</speed></trkpt><trkpt lat="24.986046" lon="121.577048"><time>2026-10-02T07:53:38Z</time><ele>29</ele><speed>4.785</speed></trkpt><trkpt lat="24.986038" lon="121.57703"><time>2026-10-02T07:53:39Z</time><ele>29</ele><speed>3.3</speed></trkpt><trkpt lat="24.986026" lon="121.577002"><time>2026-10-02T07:53:50Z</time><ele>29</ele><speed>1.196</speed></trkpt><trkpt lat="24.986015" lon="121.576979"><time>2026-10-02T07:53:51Z</time><ele>28</ele><speed>3.942</speed></trkpt><trkpt lat="24.986003" lon="121.576956"><time>2026-10-02T07:53:52Z</time><ele>29</ele><speed>5.818</speed></trkpt><trkpt lat="24.985988" lon="121.576934"><time>2026-10-02T07:53:53Z</time><ele>29</ele><speed>6.105</speed></trkpt><trkpt lat="24.985974" lon="121.576912"><time>2026-10-02T07:53:54Z</time><ele>30</ele><speed>5.611</speed></trkpt><trkpt lat="24.985959" lon="121.57689"><time>2026-10-02T07:53:55Z</time><ele>30</ele><speed>4.921</speed></trkpt><trkpt lat="24.985993" lon="121.576893"><time>2026-10-02T07:54:23Z</time><ele>28</ele><speed>0.0</speed></trkpt><trkpt lat="24.986029" lon="121.576899"><time>2026-10-02T07:54:24Z</time><ele>17</ele><speed>0.0</speed></trkpt><trkpt lat="24.986067" lon="121.576908"><time>2026-10-02T07:54:25Z</time><ele>17</ele><speed>0.0</speed></trkpt><trkpt lat="24.986107" lon="121.576919"><time>2026-10-02T07:54:26Z</time><ele>17</ele><speed>0.0</speed></trkpt><trkpt lat="24.986149" lon="121.576931"><time>2026-10-02T07:54:27Z</time><ele>17</ele><speed>0.0</speed></trkpt><trkpt lat="24.986193" lon="121.576943"><time>2026-10-02T07:54:28Z</time><ele>17</ele><speed>0.0</speed></trkpt><trkpt lat="24.986186" lon="121.576963"><time>2026-10-02T07:54:49Z</time><ele>28</ele><speed>4.503</speed></trkpt><trkpt lat="24.986178" lon="121.576984"><time>2026-10-02T07:54:50Z</time><ele>28</ele><speed>3.035</speed></trkpt><trkpt lat="24.986169" lon="121.577006"><time>2026-10-02T07:54:51Z</time><ele>28</ele><speed>3.51</speed></trkpt><trkpt lat="24.986158" lon="121.577032"><time>2026-10-02T07:54:52Z</time><ele>28</ele><speed>4.475</speed></trkpt><trkpt lat="24.986145" lon="121.577058"><time>2026-10-02T07:54:53Z</time><ele>27</ele><speed>2.657</speed></trkpt><trkpt lat="24.986131" lon="121.577084"><time>2026-10-02T07:54:54Z</time><ele>27</ele><speed>3.856</speed></trkpt><trkpt lat="24.986114" lon="121.577097"><time>2026-10-02T07:54:59Z</time><ele>26</ele><speed>4.404</speed></trkpt><trkpt lat="24.986099" lon="121.577112"><time>2026-10-02T07:55:00Z</time><ele>27</ele><speed>4.066</speed></trkpt><trkpt lat="24.986084" lon="121.577128"><time>2026-10-02T07:55:01Z</time><ele>28</ele><speed>3.753</speed></trkpt><trkpt lat="24.986069" lon="121.577141"><time>2026-10-02T07:55:02Z</time><ele>28</ele><speed>3.174</speed></trkpt><trkpt lat="24.986054" lon="121.577157"><time>2026-10-02T07:55:03Z</time><ele>28</ele><speed>4.384</speed></trkpt><trkpt lat="24.98604" lon="121.577173"><time>2026-10-02T07:55:04Z</time><ele>28</ele><speed>3.437</speed></trkpt><trkpt lat="24.986027" lon="121.577188"><time>2026-10-02T07:55:09Z</time><ele>30</ele><speed>4.059</speed></trkpt><trkpt lat="24.986012" lon="121.577202"><time>2026-10-02T07:55:10Z</time><ele>30</ele><speed>4.206</speed></trkpt><trkpt lat="24.985997" lon="121.577215"><time>2026-10-02T07:55:11Z</time><ele>30</ele><speed>3.125</speed></trkpt><trkpt lat="24.985979" lon="121.577228"><time>2026-10-02T07:55:12Z</time><ele>29</ele><speed>4.15</speed></trkpt><trkpt lat="24.98596" lon="121.577239"><time>2026-10-02T07:55:13Z</time><ele>29</ele><speed>4.272</speed></trkpt><trkpt lat="24.98594" lon="121.57725"><time>2026-10-02T07:55:14Z</time><ele>29</ele><speed>4.279</speed></trkpt><trkpt lat="24.985921" lon="121.577257"><time>2026-10-02T07:55:16Z</time><ele>29</ele><speed>4.884</speed></trkpt><trkpt lat="24.985903" lon="121.577264"><time>2026-10-02T07:55:18Z</time><ele>29</ele><speed>3.0</speed></trkpt><trkpt lat="24.985883" lon="121.577273"><time>2026-10-02T07:55:19Z</time><ele>28</ele><speed>3.912</speed></trkpt><trkpt lat="24.985865" lon="121.577281"><time>2026-10-02T07:55:20Z</time><ele>28</ele><speed>4.035</speed></trkpt><trkpt lat="24.985848" lon="121.577291"><time>2026-10-02T07:55:21Z</time><ele>27</ele><speed>4.114</speed></trkpt><trkpt lat="24.98583" lon="121.5773"><time>2026-10-02T07:55:22Z</time><ele>28</ele><speed>4.82</speed></trkpt><trkpt lat="24.985811" lon="121.577307"><time>2026-10-02T07:55:24Z</time><ele>27</ele><speed>5.644</speed></trkpt><trkpt lat="24.985791" lon="121.57731"><time>2026-10-02T07:55:25Z</time><ele>27</ele><speed>5.681</speed></trkpt><trkpt lat="24.98577" lon="121.57731"><time>2026-10-02T07:55:26Z</time><ele>28</ele><speed>5.802</speed></trkpt><trkpt lat="24.985749" lon="121.577308"><time>2026-10-02T07:55:27Z</time><ele>27</ele><speed>4.764</speed></trkpt><trkpt lat="24.98573" lon="121.577304"><time>2026-10-02T07:55:28Z</time><ele>28</ele><speed>2.84</speed></trkpt><trkpt lat="24.985711" lon="121.577302"><time>2026-10-02T07:55:29Z</time><ele>27</ele><speed>3.941</speed></trkpt><trkpt lat="24.985693" lon="121.577298"><time>2026-10-02T07:55:31Z</time><ele>28</ele><speed>5.795</speed></trkpt><trkpt lat="24.985673" lon="121.577294"><time>2026-10-02T07:55:33Z</time><ele>29</ele><speed>4.978</speed></trkpt><trkpt lat="24.985675" lon="121.577326"><time>2026-10-02T07:55:54Z</time><ele>24</ele><speed>1.15</speed></trkpt><trkpt lat="24.985679" lon="121.57736"><time>2026-10-02T07:55:55Z</time><ele>17</ele><speed>0.946</speed></trkpt><trkpt lat="24.985683" lon="121.577399"><time>2026-10-02T07:55:56Z</time><ele>24</ele><speed>1.4</speed></trkpt><trkpt lat="24.98569" lon="121.577438"><time>2026-10-02T07:55:57Z</time><ele>24</ele><speed>1.356</speed></trkpt><trkpt lat="24.985702" lon="121.57748"><time>2026-10-02T07:55:58Z</time><ele>17</ele><speed>0.904</speed></trkpt><trkpt lat="24.98572" lon="121.577524"><time>2026-10-02T07:55:59Z</time><ele>17</ele><speed>0.641</speed></trkpt><trkpt lat="24.985721" lon="121.577551"><time>2026-10-02T07:56:04Z</time><ele>22</ele><speed>3.28</speed></trkpt><trkpt lat="24.985723" lon="121.577582"><time>2026-10-02T07:56:05Z</time><ele>21</ele><speed>5.234</speed></trkpt><trkpt lat="24.985728" lon="121.57761"><time>2026-10-02T07:56:06Z</time><ele>21</ele><speed>5.611</speed></trkpt><trkpt lat="24.985733" lon="121.577638"><time>2026-10-02T07:56:07Z</time><ele>22</ele><speed>5.744</speed></trkpt><trkpt lat="24.985739" lon="121.577669"><time>2026-10-02T07:56:08Z</time><ele>22</ele><speed>5.574</speed></trkpt><trkpt lat="24.985747" lon="121.577702"><time>2026-10-02T07:56:09Z</time><ele>22</ele><speed>5.567</speed></trkpt><trkpt lat="24.985756" lon="121.57772"><time>2026-10-02T07:56:11Z</time><ele>22</ele><speed>5.688</speed></trkpt><trkpt lat="24.985767" lon="121.577739"><time>2026-10-02T07:56:13Z</time><ele>22</ele><speed>5.674</speed></trkpt><trkpt lat="24.985779" lon="121.577757"><time>2026-10-02T07:56:14Z</time><ele>22</ele><speed>5.783</speed></trkpt><trkpt lat="24.985793" lon="121.577775"><time>2026-10-02T07:56:15Z</time><ele>22</ele><speed>5.848</speed></trkpt><trkpt lat="24.985807" lon="121.577793"><time>2026-10-02T07:56:16Z</time><ele>22</ele><speed>5.776</speed></trkpt><trkpt lat="24.985821" lon="121.57781"><time>2026-10-02T07:56:17Z</time><ele>22</ele><speed>5.761</speed></trkpt><trkpt lat="24.985834" lon="121.577826"><time>2026-10-02T07:56:18Z</time><ele>22</ele><speed>5.826</speed></trkpt><trkpt lat="24.985847" lon="121.577843"><time>2026-10-02T07:56:20Z</time><ele>23</ele><speed>5.885</speed></trkpt><trkpt lat="24.985859" lon="121.57786"><time>2026-10-02T07:56:21Z</time><ele>23</ele><speed>5.843</speed></trkpt><trkpt lat="24.985872" lon="121.577876"><time>2026-10-02T07:56:22Z</time><ele>23</ele><speed>5.859</speed></trkpt><trkpt lat="24.985886" lon="121.577893"><time>2026-10-02T07:56:23Z</time><ele>23</ele><speed>7.417</speed></trkpt><trkpt lat="24.985899" lon="121.57791"><time>2026-10-02T07:56:24Z</time><ele>24</ele><speed>7.207</speed></trkpt><trkpt lat="24.985912" lon="121.577927"><time>2026-10-02T07:56:25Z</time><ele>23</ele><speed>5.88</speed></trkpt><trkpt lat="24.985924" lon="121.577943"><time>2026-10-02T07:56:27Z</time><ele>24</ele><speed>5.783</speed></trkpt><trkpt lat="24.985936" lon="121.577959"><time>2026-10-02T07:56:28Z</time><ele>24</ele><speed>6.18</speed></trkpt><trkpt lat="24.985948" lon="121.577976"><time>2026-10-02T07:56:29Z</time><ele>24</ele><speed>6.258</speed></trkpt><trkpt lat="24.985959" lon="121.577993"><time>2026-10-02T07:56:30Z</time><ele>24</ele><speed>5.964</speed></trkpt><trkpt lat="24.98597" lon="121.578009"><time>2026-10-02T07:56:31Z</time><ele>24</ele><speed>5.857</speed></trkpt><trkpt lat="24.98598" lon="121.578026"><time>2026-10-02T07:56:32Z</time><ele>24</ele><speed>5.939</speed></trkpt><trkpt lat="24.985986" lon="121.578045"><time>2026-10-02T07:56:34Z</time><ele>24</ele><speed>5.888</speed></trkpt><trkpt lat="24.98599" lon="121.578065"><time>2026-10-02T07:56:35Z</time><ele>24</ele><speed>5.949</speed></trkpt><trkpt lat="24.98599" lon="121.578085"><time>2026-10-02T07:56:36Z</time><ele>23</ele><speed>5.888</speed></trkpt><trkpt lat="24.98599" lon="121.578106"><time>2026-10-02T07:56:37Z</time><ele>23</ele><speed>5.88</speed></trkpt><trkpt lat="24.985986" lon="121.578127"><time>2026-10-02T07:56:38Z</time><ele>24</ele><speed>5.918</speed></trkpt><trkpt lat="24.985981" lon="121.578149"><time>2026-10-02T07:56:39Z</time><ele>24</ele><speed>5.955</speed></trkpt><trkpt lat="24.985975" lon="121.578169"><time>2026-10-02T07:56:40Z</time><ele>23</ele><speed>5.873</speed></trkpt><trkpt lat="24.98597" lon="121.578188"><time>2026-10-02T07:56:41Z</time><ele>24</ele><speed>5.949</speed></trkpt><trkpt lat="24.985966" lon="121.578208"><time>2026-10-02T07:56:42Z</time><ele>23</ele><speed>5.949</speed></trkpt><trkpt lat="24.985961" lon="121.578227"><time>2026-10-02T07:56:43Z</time><ele>23</ele><speed>5.999</speed></trkpt><trkpt lat="24.985958" lon="121.578249"><time>2026-10-02T07:56:45Z</time><ele>23</ele><speed>5.907</speed></trkpt><trkpt lat="24.985956" lon="121.578271"><time>2026-10-02T07:56:46Z</time><ele>23</ele><speed>5.894</speed></trkpt><trkpt lat="24.985956" lon="121.578292"><time>2026-10-02T07:56:47Z</time><ele>23</ele><speed>5.925</speed></trkpt><trkpt lat="24.985955" lon="121.578312"><time>2026-10-02T07:56:48Z</time><ele>23</ele><speed>5.948</speed></trkpt><trkpt lat="24.985956" lon="121.578334"><time>2026-10-02T07:56:50Z</time><ele>23</ele><speed>5.867</speed></trkpt><trkpt lat="24.985958" lon="121.578355"><time>2026-10-02T07:56:51Z</time><ele>24</ele><speed>4.674</speed></trkpt><trkpt lat="24.985964" lon="121.578374"><time>2026-10-02T07:56:54Z</time><ele>23</ele><speed>3.271</speed></trkpt><trkpt lat="24.985971" lon="121.578392"><time>2026-10-02T07:56:55Z</time><ele>24</ele><speed>4.031</speed></trkpt><trkpt lat="24.985981" lon="121.57841"><time>2026-10-02T07:56:56Z</time><ele>23</ele><speed>5.145</speed></trkpt><trkpt lat="24.985994" lon="121.578425"><time>2026-10-02T07:56:57Z</time><ele>23</ele><speed>4.983</speed></trkpt><trkpt lat="24.98601" lon="121.578436"><time>2026-10-02T07:56:59Z</time><ele>24</ele><speed>4.904</speed></trkpt><trkpt lat="24.986027" lon="121.578447"><time>2026-10-02T07:57:00Z</time><ele>23</ele><speed>3.292</speed></trkpt><trkpt lat="24.986046" lon="121.578453"><time>2026-10-02T07:57:02Z</time><ele>23</ele><speed>3.918</speed></trkpt><trkpt lat="24.986066" lon="121.57846"><time>2026-10-02T07:57:03Z</time><ele>24</ele><speed>5.32</speed></trkpt><trkpt lat="24.986088" lon="121.578466"><time>2026-10-02T07:57:04Z</time><ele>24</ele><speed>5.942</speed></trkpt><trkpt lat="24.98611" lon="121.578473"><time>2026-10-02T07:57:05Z</time><ele>24</ele><speed>5.826</speed></trkpt><trkpt lat="24.986127" lon="121.578481"><time>2026-10-02T07:57:06Z</time><ele>24</ele><speed>5.497</speed></trkpt><trkpt lat="24.986143" lon="121.578492"><time>2026-10-02T07:57:07Z</time><ele>24</ele><speed>5.846</speed></trkpt><trkpt lat="24.986154" lon="121.578509"><time>2026-10-02T07:57:09Z</time><ele>25</ele><speed>5.932</speed></trkpt><trkpt lat="24.986161" lon="121.57853"><time>2026-10-02T07:57:11Z</time><ele>25</ele><speed>5.969</speed></trkpt><trkpt lat="24.986164" lon="121.578552"><time>2026-10-02T07:57:12Z</time><ele>25</ele><speed>5.536</speed></trkpt><trkpt lat="24.986165" lon="121.578573"><time>2026-10-02T07:57:13Z</time><ele>26</ele><speed>5.018</speed></trkpt><trkpt lat="24.98618" lon="121.578561"><time>2026-10-02T07:57:25Z</time><ele>31</ele><speed>5.625</speed></trkpt><trkpt lat="24.986196" lon="121.578543"><time>2026-10-02T07:57:26Z</time><ele>31</ele><speed>5.882</speed></trkpt><trkpt lat="24.986213" lon="121.578516"><time>2026-10-02T07:57:27Z</time><ele>31</ele><speed>5.87</speed></trkpt><trkpt lat="24.986231" lon="121.578482"><time>2026-10-02T07:57:28Z</time><ele>31</ele><speed>5.892</speed></trkpt><trkpt lat="24.986249" lon="121.578442"><time>2026-10-02T07:57:29Z</time><ele>31</ele><speed>5.893</speed></trkpt><trkpt lat="24.986267" lon="121.578399"><time>2026-10-02T07:57:30Z</time><ele>32</ele><speed>5.909</speed></trkpt><trkpt lat="24.986273" lon="121.578379"><time>2026-10-02T07:57:33Z</time><ele>32</ele><speed>5.843</speed></trkpt><trkpt lat="24.986278" lon="121.578359"><time>2026-10-02T07:57:34Z</time><ele>32</ele><speed>5.806</speed></trkpt><trkpt lat="24.986283" lon="121.578339"><time>2026-10-02T07:57:35Z</time><ele>31</ele><speed>5.783</speed></trkpt><trkpt lat="24.986287" lon="121.578319"><time>2026-10-02T07:57:36Z</time><ele>31</ele><speed>5.778</speed></trkpt><trkpt lat="24.986292" lon="121.578299"><time>2026-10-02T07:57:37Z</time><ele>31</ele><speed>5.762</speed></trkpt><trkpt lat="24.986297" lon="121.57828"><time>2026-10-02T07:57:38Z</time><ele>30</ele><speed>5.78</speed></trkpt><trkpt lat="24.986304" lon="121.578261"><time>2026-10-02T07:57:41Z</time><ele>30</ele><speed>5.676</speed></trkpt><trkpt lat="24.986313" lon="121.578243"><time>2026-10-02T07:57:42Z</time><ele>29</ele><speed>5.478</speed></trkpt><trkpt lat="24.986323" lon="121.578225"><time>2026-10-02T07:57:43Z</time><ele>29</ele><speed>5.606</speed></trkpt><trkpt lat="24.986332" lon="121.578207"><time>2026-10-02T07:57:44Z</time><ele>29</ele><speed>5.672</speed></trkpt><trkpt lat="24.986341" lon="121.578188"><time>2026-10-02T07:57:45Z</time><ele>28</ele><speed>5.775</speed></trkpt><trkpt lat="24.986348" lon="121.578169"><time>2026-10-02T07:57:46Z</time><ele>28</ele><speed>4.868</speed></trkpt><trkpt lat="24.986354" lon="121.578147"><time>2026-10-02T07:57:50Z</time><ele>27</ele><speed>5.719</speed></trkpt><trkpt lat="24.986357" lon="121.578123"><time>2026-10-02T07:57:51Z</time><ele>28</ele><speed>5.782</speed></trkpt><trkpt lat="24.986359" lon="121.578099"><time>2026-10-02T07:57:52Z</time><ele>28</ele><speed>4.164</speed></trkpt><trkpt lat="24.986361" lon="121.578075"><time>2026-10-02T07:57:53Z</time><ele>28</ele><speed>3.894</speed></trkpt><trkpt lat="24.986364" lon="121.578052"><time>2026-10-02T07:57:54Z</time><ele>29</ele><speed>2.739</speed></trkpt><trkpt lat="24.986366" lon="121.578026"><time>2026-10-02T07:57:56Z</time><ele>29</ele><speed>3.509</speed></trkpt><trkpt lat="24.986367" lon="121.578005"><time>2026-10-02T07:57:57Z</time><ele>28</ele><speed>5.338</speed></trkpt><trkpt lat="24.986368" lon="121.577985"><time>2026-10-02T07:57:58Z</time><ele>29</ele><speed>5.418</speed></trkpt><trkpt lat="24.986369" lon="121.577963"><time>2026-10-02T07:57:59Z</time><ele>29</ele><speed>5.616</speed></trkpt><trkpt lat="24.986371" lon="121.577942"><time>2026-10-02T07:58:00Z</time><ele>28</ele><speed>5.293</speed></trkpt><trkpt lat="24.986371" lon="121.57792"><time>2026-10-02T07:58:01Z</time><ele>28</ele><speed>5.04</speed></trkpt><trkpt lat="24.986371" lon="121.577899"><time>2026-10-02T07:58:02Z</time><ele>28</ele><speed>5.39</speed></trkpt><trkpt lat="24.986371" lon="121.577878"><time>2026-10-02T07:58:04Z</time><ele>28</ele><speed>5.696</speed></trkpt><trkpt lat="24.986371" lon="121.577857"><time>2026-10-02T07:58:05Z</time><ele>28</ele><speed>5.726</speed></trkpt><trkpt lat="24.986371" lon="121.577836"><time>2026-10-02T07:58:06Z</time><ele>29</ele><speed>5.639</speed></trkpt><trkpt lat="24.986371" lon="121.577816"><time>2026-10-02T07:58:07Z</time><ele>29</ele><speed>5.66</speed></trkpt><trkpt lat="24.986371" lon="121.577792"><time>2026-10-02T07:58:09Z</time><ele>30</ele><speed>5.679</speed></trkpt><trkpt lat="24.98637" lon="121.57777"><time>2026-10-02T07:58:10Z</time><ele>31</ele><speed>5.205</speed></trkpt><trkpt lat="24.98637" lon="121.577748"><time>2026-10-02T07:58:15Z</time><ele>31</ele><speed>3.778</speed></trkpt><trkpt lat="24.986366" lon="121.577721"><time>2026-10-02T07:58:18Z</time><ele>28</ele><speed>2.678</speed></trkpt><trkpt lat="24.986364" lon="121.57769"><time>2026-10-02T07:58:21Z</time><ele>29</ele><speed>3.479</speed></trkpt><trkpt lat="24.986361" lon="121.577657"><time>2026-10-02T07:58:22Z</time><ele>29</ele><speed>3.712</speed></trkpt><trkpt lat="24.986358" lon="121.577626"><time>2026-10-02T07:58:23Z</time><ele>28</ele><speed>5.396</speed></trkpt><trkpt lat="24.986354" lon="121.577595"><time>2026-10-02T07:58:24Z</time><ele>29</ele><speed>5.406</speed></trkpt><trkpt lat="24.98635" lon="121.577567"><time>2026-10-02T07:58:25Z</time><ele>29</ele><speed>5.418</speed></trkpt><trkpt lat="24.986347" lon="121.577544"><time>2026-10-02T07:58:26Z</time><ele>30</ele><speed>4.475</speed></trkpt><trkpt lat="24.986364" lon="121.577535"><time>2026-10-02T07:58:32Z</time><ele>33</ele><speed>5.749</speed></trkpt><trkpt lat="24.986384" lon="121.577528"><time>2026-10-02T07:58:33Z</time><ele>33</ele><speed>4.897</speed></trkpt><trkpt lat="24.986407" lon="121.577526"><time>2026-10-02T07:58:34Z</time><ele>32</ele><speed>2.628</speed></trkpt><trkpt lat="24.986433" lon="121.577527"><time>2026-10-02T07:58:35Z</time><ele>32</ele><speed>2.689</speed></trkpt><trkpt lat="24.986464" lon="121.577532"><time>2026-10-02T07:58:36Z</time><ele>31</ele><speed>4.858</speed></trkpt><trkpt lat="24.986501" lon="121.577538"><time>2026-10-02T07:58:37Z</time><ele>31</ele><speed>5.17</speed></trkpt><trkpt lat="24.98652" lon="121.577541"><time>2026-10-02T07:58:38Z</time><ele>32</ele><speed>5.725</speed></trkpt><trkpt lat="24.986538" lon="121.577545"><time>2026-10-02T07:58:39Z</time><ele>31</ele><speed>5.794</speed></trkpt><trkpt lat="24.986558" lon="121.57755"><time>2026-10-02T07:58:40Z</time><ele>32</ele><speed>5.824</speed></trkpt><trkpt lat="24.986579" lon="121.577557"><time>2026-10-02T07:58:41Z</time><ele>32</ele><speed>5.847</speed></trkpt><trkpt lat="24.986597" lon="121.577565"><time>2026-10-02T07:58:42Z</time><ele>32</ele><speed>5.942</speed></trkpt><trkpt lat="24.986614" lon="121.577573"><time>2026-10-02T07:58:43Z</time><ele>33</ele><speed>5.838</speed></trkpt><trkpt lat="24.986633" lon="121.577577"><time>2026-10-02T07:58:45Z</time><ele>33</ele><speed>5.627</speed></trkpt><trkpt lat="24.986652" lon="121.57758"><time>2026-10-02T07:58:46Z</time><ele>34</ele><speed>5.719</speed></trkpt><trkpt lat="24.98667" lon="121.577579"><time>2026-10-02T07:58:47Z</time><ele>35</ele><speed>4.587</speed></trkpt><trkpt lat="24.98669" lon="121.577576"><time>2026-10-02T07:58:49Z</time><ele>33</ele><speed>3.751</speed></trkpt><trkpt lat="24.986711" lon="121.577573"><time>2026-10-02T07:58:50Z</time><ele>33</ele><speed>6.147</speed></trkpt><trkpt lat="24.986731" lon="121.57757"><time>2026-10-02T07:58:51Z</time><ele>33</ele><speed>5.704</speed></trkpt><trkpt lat="24.98675" lon="121.577573"><time>2026-10-02T07:58:52Z</time><ele>34</ele><speed>5.571</speed></trkpt><trkpt lat="24.986769" lon="121.577575"><time>2026-10-02T07:58:53Z</time><ele>35</ele><speed>4.76</speed></trkpt><trkpt lat="24.98679" lon="121.577577"><time>2026-10-02T07:58:54Z</time><ele>34</ele><speed>5.43</speed></trkpt><trkpt lat="24.986812" lon="121.577579"><time>2026-10-02T07:58:55Z</time><ele>34</ele><speed>5.825</speed></trkpt><trkpt lat="24.986832" lon="121.577578"><time>2026-10-02T07:58:56Z</time><ele>34</ele><speed>5.718</speed></trkpt><trkpt lat="24.986854" lon="121.577577"><time>2026-10-02T07:58:57Z</time><ele>34</ele><speed>5.858</speed></trkpt><trkpt lat="24.986875" lon="121.577574"><time>2026-10-02T07:58:58Z</time><ele>33</ele><speed>5.925</speed></trkpt><trkpt lat="24.986896" lon="121.57757"><time>2026-10-02T07:58:59Z</time><ele>33</ele><speed>5.8</speed></trkpt><trkpt lat="24.986915" lon="121.577568"><time>2026-10-02T07:59:00Z</time><ele>32</ele><speed>5.939</speed></trkpt><trkpt lat="24.986933" lon="121.577567"><time>2026-10-02T07:59:01Z</time><ele>32</ele><speed>5.684</speed></trkpt><trkpt lat="24.986952" lon="121.577567"><time>2026-10-02T07:59:02Z</time><ele>32</ele><speed>5.85</speed></trkpt><trkpt lat="24.986971" lon="121.577566"><time>2026-10-02T07:59:04Z</time><ele>30</ele><speed>5.225</speed></trkpt><trkpt lat="24.98699" lon="121.577563"><time>2026-10-02T07:59:05Z</time><ele>30</ele><speed>5.366</speed></trkpt><trkpt lat="24.987007" lon="121.577556"><time>2026-10-02T07:59:07Z</time><ele>29</ele><speed>5.703</speed></trkpt><trkpt lat="24.987024" lon="121.577546"><time>2026-10-02T07:59:08Z</time><ele>29</ele><speed>5.828</speed></trkpt><trkpt lat="24.987041" lon="121.577535"><time>2026-10-02T07:59:09Z</time><ele>29</ele><speed>6.151</speed></trkpt><trkpt lat="24.987058" lon="121.577523"><time>2026-10-02T07:59:10Z</time><ele>29</ele><speed>6.701</speed></trkpt><trkpt lat="24.987075" lon="121.577512"><time>2026-10-02T07:59:11Z</time><ele>28</ele><speed>8.382</speed></trkpt><trkpt lat="24.987093" lon="121.577503"><time>2026-10-02T07:59:13Z</time><ele>30</ele><speed>5.797</speed></trkpt><trkpt lat="24.987111" lon="121.577498"><time>2026-10-02T07:59:14Z</time><ele>30</ele><speed>5.811</speed></trkpt><trkpt lat="24.98713" lon="121.577495"><time>2026-10-02T07:59:15Z</time><ele>30</ele><speed>4.933</speed></trkpt><trkpt lat="24.987148" lon="121.577491"><time>2026-10-02T07:59:17Z</time><ele>29</ele><speed>2.873</speed></trkpt><trkpt lat="24.987166" lon="121.577487"><time>2026-10-02T07:59:18Z</time><ele>29</ele><speed>4.337</speed></trkpt><trkpt lat="24.987185" lon="121.577483"><time>2026-10-02T07:59:19Z</time><ele>29</ele><speed>6.384</speed></trkpt><trkpt lat="24.987205" lon="121.577477"><time>2026-10-02T07:59:21Z</time><ele>28</ele><speed>6.051</speed></trkpt><trkpt lat="24.987227" lon="121.577473"><time>2026-10-02T07:59:22Z</time><ele>26</ele><speed>5.934</speed></trkpt><trkpt lat="24.987249" lon="121.577469"><time>2026-10-02T07:59:23Z</time><ele>25</ele><speed>5.967</speed></trkpt><trkpt lat="24.98727" lon="121.577467"><time>2026-10-02T07:59:24Z</time><ele>26</ele><speed>5.992</speed></trkpt><trkpt lat="24.98729" lon="121.57747"><time>2026-10-02T07:59:25Z</time><ele>25</ele><speed>5.931</speed></trkpt><trkpt lat="24.987299" lon="121.577489"><time>2026-10-02T07:59:30Z</time><ele>24</ele><speed>5.846</speed></trkpt><trkpt lat="24.987302" lon="121.577511"><time>2026-10-02T07:59:31Z</time><ele>24</ele><speed>5.867</speed></trkpt><trkpt lat="24.987301" lon="121.577537"><time>2026-10-02T07:59:32Z</time><ele>24</ele><speed>5.851</speed></trkpt><trkpt lat="24.987297" lon="121.577566"><time>2026-10-02T07:59:33Z</time><ele>24</ele><speed>5.838</speed></trkpt><trkpt lat="24.98729" lon="121.577596"><time>2026-10-02T07:59:34Z</time><ele>24</ele><speed>5.943</speed></trkpt><trkpt lat="24.987282" lon="121.577626"><time>2026-10-02T07:59:35Z</time><ele>23</ele><speed>5.891</speed></trkpt><trkpt lat="24.98728" lon="121.577647"><time>2026-10-02T07:59:37Z</time><ele>23</ele><speed>5.98</speed></trkpt><trkpt lat="24.987278" lon="121.577668"><time>2026-10-02T07:59:38Z</time><ele>23</ele><speed>5.747</speed></trkpt><trkpt lat="24.987276" lon="121.577688"><time>2026-10-02T07:59:39Z</time><ele>23</ele><speed>5.08</speed></trkpt><trkpt lat="24.987274" lon="121.577709"><time>2026-10-02T07:59:40Z</time><ele>23</ele><speed>5.591</speed></trkpt><trkpt lat="24.987271" lon="121.57773"><time>2026-10-02T07:59:41Z</time><ele>23</ele><speed>6.036</speed></trkpt><trkpt lat="24.987267" lon="121.57775"><time>2026-10-02T07:59:42Z</time><ele>23</ele><speed>6.08</speed></trkpt><trkpt lat="24.98726" lon="121.577769"><time>2026-10-02T07:59:45Z</time><ele>22</ele><speed>2.776</speed></trkpt><trkpt lat="24.987261" lon="121.577789"><time>2026-10-02T07:59:49Z</time><ele>22</ele><speed>5.635</speed></trkpt><trkpt lat="24.987261" lon="121.57781"><time>2026-10-02T07:59:50Z</time><ele>24</ele><speed>5.795</speed></trkpt><trkpt lat="24.987261" lon="121.57783"><time>2026-10-02T07:59:51Z</time><ele>25</ele><speed>5.845</speed></trkpt><trkpt lat="24.987264" lon="121.57785"><time>2026-10-02T07:59:52Z</time><ele>24</ele><speed>5.967</speed></trkpt><trkpt lat="24.987269" lon="121.577871"><time>2026-10-02T07:59:53Z</time><ele>24</ele><speed>5.961</speed></trkpt><trkpt lat="24.987279" lon="121.577889"><time>2026-10-02T07:59:54Z</time><ele>25</ele><speed>3.77</speed></trkpt><trkpt lat="24.987281" lon="121.57791"><time>2026-10-02T07:59:56Z</time><ele>25</ele><speed>5.11</speed></trkpt><trkpt lat="24.987285" lon="121.577931"><time>2026-10-02T07:59:57Z</time><ele>25</ele><speed>5.539</speed></trkpt><trkpt lat="24.98729" lon="121.577954"><time>2026-10-02T07:59:58Z</time><ele>26</ele><speed>5.691</speed></trkpt><trkpt lat="24.987293" lon="121.577977"><time>2026-10-02T07:59:59Z</time><ele>26</ele><speed>5.919</speed></trkpt><trkpt lat="24.987295" lon="121.578"><time>2026-10-02T08:00:00Z</time><ele>25</ele><speed>5.95</speed></trkpt><trkpt lat="24.987292" lon="121.578024"><time>2026-10-02T08:00:01Z</time><ele>25</ele><speed>5.875</speed></trkpt><trkpt lat="24.987289" lon="121.578044"><time>2026-10-02T08:00:02Z</time><ele>25</ele><speed>5.713</speed></trkpt><trkpt lat="24.98728" lon="121.578063"><time>2026-10-02T08:00:04Z</time><ele>25</ele><speed>5.686</speed></trkpt><trkpt lat="24.987269" lon="121.578081"><time>2026-10-02T08:00:05Z</time><ele>25</ele><speed>5.766</speed></trkpt><trkpt lat="24.987257" lon="121.578096"><time>2026-10-02T08:00:06Z</time><ele>25</ele><speed>5.859</speed></trkpt><trkpt lat="24.987247" lon="121.578115"><time>2026-10-02T08:00:08Z</time><ele>24</ele><speed>3.744</speed></trkpt><trkpt lat="24.98724" lon="121.578138"><time>2026-10-02T08:00:20Z</time><ele>26</ele><speed>2.633</speed></trkpt><trkpt lat="24.987232" lon="121.578161"><time>2026-10-02T08:00:21Z</time><ele>26</ele><speed>3.487</speed></trkpt><trkpt lat="24.987228" lon="121.578184"><time>2026-10-02T08:00:22Z</time><ele>25</ele><speed>4.636</speed></trkpt><trkpt lat="24.987226" lon="121.578206"><time>2026-10-02T08:00:23Z</time><ele>26</ele><speed>4.346</speed></trkpt><trkpt lat="24.987224" lon="121.578227"><time>2026-10-02T08:00:24Z</time><ele>26</ele><speed>4.272</speed></trkpt><trkpt lat="24.987219" lon="121.578247"><time>2026-10-02T08:00:26Z</time><ele>25</ele><speed>5.148</speed></trkpt><trkpt lat="24.987206" lon="121.578263"><time>2026-10-02T08:00:30Z</time><ele>24</ele><speed>3.033</speed></trkpt><trkpt lat="24.987225" lon="121.578273"><time>2026-10-02T08:01:18Z</time><ele>25</ele><speed>6.487</speed></trkpt><trkpt lat="24.987246" lon="121.578281"><time>2026-10-02T08:01:19Z</time><ele>26</ele><speed>5.767</speed></trkpt><trkpt lat="24.987269" lon="121.578287"><time>2026-10-02T08:01:20Z</time><ele>26</ele><speed>5.271</speed></trkpt><trkpt lat="24.987294" lon="121.578292"><time>2026-10-02T08:01:21Z</time><ele>26</ele><speed>4.564</speed></trkpt><trkpt lat="24.987324" lon="121.578291"><time>2026-10-02T08:01:22Z</time><ele>26</ele><speed>5.178</speed></trkpt><trkpt lat="24.987363" lon="121.578285"><time>2026-10-02T08:01:23Z</time><ele>27</ele><speed>5.924</speed></trkpt><trkpt lat="24.98738" lon="121.578275"><time>2026-10-02T08:01:27Z</time><ele>27</ele><speed>5.938</speed></trkpt><trkpt lat="24.987397" lon="121.578263"><time>2026-10-02T08:01:28Z</time><ele>27</ele><speed>5.455</speed></trkpt><trkpt lat="24.987415" lon="121.578248"><time>2026-10-02T08:01:29Z</time><ele>27</ele><speed>5.684</speed></trkpt><trkpt lat="24.987433" lon="121.578232"><time>2026-10-02T08:01:30Z</time><ele>27</ele><speed>6.276</speed></trkpt><trkpt lat="24.98745" lon="121.578214"><time>2026-10-02T08:01:31Z</time><ele>27</ele><speed>5.117</speed></trkpt><trkpt lat="24.987467" lon="121.578195"><time>2026-10-02T08:01:32Z</time><ele>27</ele><speed>5.758</speed></trkpt><trkpt lat="24.987479" lon="121.578179"><time>2026-10-02T08:01:34Z</time><ele>27</ele><speed>6.225</speed></trkpt><trkpt lat="24.987493" lon="121.578166"><time>2026-10-02T08:01:35Z</time><ele>27</ele><speed>6.041</speed></trkpt><trkpt lat="24.987506" lon="121.578151"><time>2026-10-02T08:01:37Z</time><ele>28</ele><speed>3.968</speed></trkpt><trkpt lat="24.987518" lon="121.578137"><time>2026-10-02T08:01:38Z</time><ele>27</ele><speed>4.991</speed></trkpt><trkpt lat="24.987531" lon="121.578121"><time>2026-10-02T08:01:39Z</time><ele>27</ele><speed>5.353</speed></trkpt><trkpt lat="24.987543" lon="121.578106"><time>2026-10-02T08:01:41Z</time><ele>26</ele><speed>3.902</speed></trkpt><trkpt lat="24.987553" lon="121.578088"><time>2026-10-02T08:01:43Z</time><ele>26</ele><speed>5.425</speed></trkpt><trkpt lat="24.987561" lon="121.578068"><time>2026-10-02T08:01:44Z</time><ele>26</ele><speed>5.346</speed></trkpt><trkpt lat="24.987569" lon="121.578047"><time>2026-10-02T08:01:45Z</time><ele>26</ele><speed>5.529</speed></trkpt><trkpt lat="24.987576" lon="121.578026"><time>2026-10-02T08:01:46Z</time><ele>25</ele><speed>5.013</speed></trkpt><trkpt lat="24.987582" lon="121.578004"><time>2026-10-02T08:01:47Z</time><ele>25</ele><speed>4.927</speed></trkpt><trkpt lat="24.987586" lon="121.577983"><time>2026-10-02T08:01:48Z</time><ele>25</ele><speed>4.327</speed></trkpt><trkpt lat="24.98759" lon="121.577963"><time>2026-10-02T08:01:50Z</time><ele>24</ele><speed>4.63</speed></trkpt><trkpt lat="24.987594" lon="121.577943"><time>2026-10-02T08:01:51Z</time><ele>24</ele><speed>4.927</speed></trkpt><trkpt lat="24.987597" lon="121.57792"><time>2026-10-02T08:01:53Z</time><ele>23</ele><speed>5.247</speed></trkpt><trkpt lat="24.9876" lon="121.577898"><time>2026-10-02T08:01:54Z</time><ele>23</ele><speed>5.236</speed></trkpt><trkpt lat="24.987601" lon="121.577877"><time>2026-10-02T08:01:55Z</time><ele>23</ele><speed>3.501</speed></trkpt><trkpt lat="24.987605" lon="121.577856"><time>2026-10-02T08:01:56Z</time><ele>22</ele><speed>4.067</speed></trkpt><trkpt lat="24.987612" lon="121.577837"><time>2026-10-02T08:01:58Z</time><ele>21</ele><speed>4.714</speed></trkpt><trkpt lat="24.987623" lon="121.577819"><time>2026-10-02T08:02:01Z</time><ele>23</ele><speed>3.037</speed></trkpt><trkpt lat="24.987637" lon="121.577806"><time>2026-10-02T08:02:02Z</time><ele>24</ele><speed>3.738</speed></trkpt><trkpt lat="24.987653" lon="121.577794"><time>2026-10-02T08:02:03Z</time><ele>25</ele><speed>4.564</speed></trkpt><trkpt lat="24.987672" lon="121.577784"><time>2026-10-02T08:02:04Z</time><ele>25</ele><speed>5.115</speed></trkpt><trkpt lat="24.987693" lon="121.577775"><time>2026-10-02T08:02:05Z</time><ele>26</ele><speed>5.408</speed></trkpt><trkpt lat="24.987712" lon="121.577769"><time>2026-10-02T08:02:06Z</time><ele>26</ele><speed>5.372</speed></trkpt><trkpt lat="24.98773" lon="121.577766"><time>2026-10-02T08:02:07Z</time><ele>27</ele><speed>5.38</speed></trkpt><trkpt lat="24.98775" lon="121.577762"><time>2026-10-02T08:02:09Z</time><ele>27</ele><speed>5.415</speed></trkpt><trkpt lat="24.987769" lon="121.57776"><time>2026-10-02T08:02:10Z</time><ele>28</ele><speed>5.642</speed></trkpt><trkpt lat="24.987788" lon="121.577758"><time>2026-10-02T08:02:11Z</time><ele>28</ele><speed>5.422</speed></trkpt><trkpt lat="24.987809" lon="121.577755"><time>2026-10-02T08:02:13Z</time><ele>28</ele><speed>5.574</speed></trkpt><trkpt lat="24.987829" lon="121.577754"><time>2026-10-02T08:02:14Z</time><ele>28</ele><speed>5.551</speed></trkpt><trkpt lat="24.98785" lon="121.577752"><time>2026-10-02T08:02:15Z</time><ele>28</ele><speed>5.513</speed></trkpt><trkpt lat="24.987868" lon="121.577751"><time>2026-10-02T08:02:16Z</time><ele>28</ele><speed>5.485</speed></trkpt><trkpt lat="24.987887" lon="121.57775"><time>2026-10-02T08:02:17Z</time><ele>28</ele><speed>5.563</speed></trkpt><trkpt lat="24.987905" lon="121.577748"><time>2026-10-02T08:02:18Z</time><ele>27</ele><speed>5.494</speed></trkpt><trkpt lat="24.987924" lon="121.577747"><time>2026-10-02T08:02:20Z</time><ele>27</ele><speed>5.506</speed></trkpt><trkpt lat="24.987942" lon="121.577746"><time>2026-10-02T08:02:21Z</time><ele>27</ele><speed>5.417</speed></trkpt><trkpt lat="24.987962" lon="121.577743"><time>2026-10-02T08:02:23Z</time><ele>26</ele><speed>5.095</speed></trkpt><trkpt lat="24.98798" lon="121.57774"><time>2026-10-02T08:02:24Z</time><ele>26</ele><speed>4.74</speed></trkpt><trkpt lat="24.987998" lon="121.577739"><time>2026-10-02T08:02:25Z</time><ele>27</ele><speed>5.067</speed></trkpt><trkpt lat="24.988017" lon="121.577737"><time>2026-10-02T08:02:26Z</time><ele>26</ele><speed>5.37</speed></trkpt><trkpt lat="24.988035" lon="121.577734"><time>2026-10-02T08:02:28Z</time><ele>26</ele><speed>5.34</speed></trkpt><trkpt lat="24.988054" lon="121.577732"><time>2026-10-02T08:02:29Z</time><ele>26</ele><speed>5.304</speed></trkpt><trkpt lat="24.988073" lon="121.577731"><time>2026-10-02T08:02:30Z</time><ele>27</ele><speed>5.317</speed></trkpt><trkpt lat="24.988093" lon="121.577729"><time>2026-10-02T08:02:31Z</time><ele>26</ele><speed>5.742</speed></trkpt><trkpt lat="24.988114" lon="121.577728"><time>2026-10-02T08:02:32Z</time><ele>27</ele><speed>6.107</speed></trkpt><trkpt lat="24.988136" lon="121.577727"><time>2026-10-02T08:02:33Z</time><ele>28</ele><speed>6.698</speed></trkpt><trkpt lat="24.988154" lon="121.577726"><time>2026-10-02T08:02:34Z</time><ele>27</ele><speed>4.805</speed></trkpt><trkpt lat="24.988173" lon="121.577725"><time>2026-10-02T08:02:35Z</time><ele>27</ele><speed>6.036</speed></trkpt><trkpt lat="24.988193" lon="121.577723"><time>2026-10-02T08:02:37Z</time><ele>27</ele><speed>5.611</speed></trkpt><trkpt lat="24.988211" lon="121.577723"><time>2026-10-02T08:02:38Z</time><ele>27</ele><speed>4.678</speed></trkpt><trkpt lat="24.988229" lon="121.577731"><time>2026-10-02T08:02:47Z</time><ele>27</ele><speed>6.349</speed></trkpt><trkpt lat="24.988245" lon="121.577741"><time>2026-10-02T08:02:48Z</time><ele>27</ele><speed>6.212</speed></trkpt><trkpt lat="24.98826" lon="121.577754"><time>2026-10-02T08:02:49Z</time><ele>26</ele><speed>5.595</speed></trkpt><trkpt lat="24.988274" lon="121.577769"><time>2026-10-02T08:02:50Z</time><ele>27</ele><speed>6.68</speed></trkpt><trkpt lat="24.988284" lon="121.577787"><time>2026-10-02T08:02:51Z</time><ele>27</ele><speed>5.636</speed></trkpt><trkpt lat="24.988294" lon="121.577807"><time>2026-10-02T08:02:52Z</time><ele>27</ele><speed>5.624</speed></trkpt><trkpt lat="24.988305" lon="121.577825"><time>2026-10-02T08:02:55Z</time><ele>27</ele><speed>5.613</speed></trkpt><trkpt lat="24.988316" lon="121.577843"><time>2026-10-02T08:02:56Z</time><ele>27</ele><speed>5.571</speed></trkpt><trkpt lat="24.988328" lon="121.577862"><time>2026-10-02T08:02:57Z</time><ele>27</ele><speed>6.101</speed></trkpt><trkpt lat="24.988337" lon="121.577881"><time>2026-10-02T08:02:58Z</time><ele>27</ele><speed>6.102</speed></trkpt><trkpt lat="24.988345" lon="121.577901"><time>2026-10-02T08:02:59Z</time><ele>28</ele><speed>5.866</speed></trkpt><trkpt lat="24.988351" lon="121.577922"><time>2026-10-02T08:03:00Z</time><ele>28</ele><speed>5.704</speed></trkpt><trkpt lat="24.988355" lon="121.577943"><time>2026-10-02T08:03:03Z</time><ele>28</ele><speed>5.951</speed></trkpt><trkpt lat="24.988358" lon="121.577964"><time>2026-10-02T08:03:04Z</time><ele>28</ele><speed>5.868</speed></trkpt><trkpt lat="24.988362" lon="121.577985"><time>2026-10-02T08:03:05Z</time><ele>28</ele><speed>5.881</speed></trkpt><trkpt lat="24.988366" lon="121.578005"><time>2026-10-02T08:03:06Z</time><ele>27</ele><speed>5.874</speed></trkpt><trkpt lat="24.988371" lon="121.578024"><time>2026-10-02T08:03:07Z</time><ele>27</ele><speed>5.781</speed></trkpt><trkpt lat="24.988377" lon="121.578046"><time>2026-10-02T08:03:09Z</time><ele>28</ele><speed>5.768</speed></trkpt><trkpt lat="24.98838" lon="121.578067"><time>2026-10-02T08:03:12Z</time><ele>28</ele><speed>5.843</speed></trkpt><trkpt lat="24.988382" lon="121.578089"><time>2026-10-02T08:03:13Z</time><ele>27</ele><speed>5.645</speed></trkpt><trkpt lat="24.988382" lon="121.57811"><time>2026-10-02T08:03:14Z</time><ele>27</ele><speed>5.805</speed></trkpt><trkpt lat="24.98838" lon="121.578132"><time>2026-10-02T08:03:15Z</time><ele>27</ele><speed>4.5</speed></trkpt><trkpt lat="24.988378" lon="121.578153"><time>2026-10-02T08:03:16Z</time><ele>27</ele><speed>4.26</speed></trkpt><trkpt lat="24.988373" lon="121.578173"><time>2026-10-02T08:03:18Z</time><ele>28</ele><speed>4.731</speed></trkpt><trkpt lat="24.98837" lon="121.578194"><time>2026-10-02T08:03:22Z</time><ele>29</ele><speed>3.959</speed></trkpt><trkpt lat="24.988367" lon="121.578214"><time>2026-10-02T08:03:24Z</time><ele>29</ele><speed>2.583</speed></trkpt><trkpt lat="24.988365" lon="121.578234"><time>2026-10-02T08:03:25Z</time><ele>29</ele><speed>3.451</speed></trkpt><trkpt lat="24.988363" lon="121.578255"><time>2026-10-02T08:03:26Z</time><ele>29</ele><speed>4.403</speed></trkpt><trkpt lat="24.988361" lon="121.578276"><time>2026-10-02T08:03:27Z</time><ele>29</ele><speed>4.254</speed></trkpt><trkpt lat="24.988359" lon="121.578296"><time>2026-10-02T08:03:28Z</time><ele>29</ele><speed>4.29</speed></trkpt><trkpt lat="24.988356" lon="121.578316"><time>2026-10-02T08:03:33Z</time><ele>29</ele><speed>4.205</speed></trkpt><trkpt lat="24.988353" lon="121.578337"><time>2026-10-02T08:03:35Z</time><ele>29</ele><speed>2.861</speed></trkpt><trkpt lat="24.98835" lon="121.57836"><time>2026-10-02T08:03:36Z</time><ele>30</ele><speed>3.569</speed></trkpt><trkpt lat="24.988347" lon="121.578381"><time>2026-10-02T08:03:37Z</time><ele>30</ele><speed>3.053</speed></trkpt><trkpt lat="24.988344" lon="121.578403"><time>2026-10-02T08:03:38Z</time><ele>31</ele><speed>4.237</speed></trkpt><trkpt lat="24.988342" lon="121.578425"><time>2026-10-02T08:03:39Z</time><ele>31</ele><speed>3.975</speed></trkpt><trkpt lat="24.988343" lon="121.578446"><time>2026-10-02T08:03:41Z</time><ele>32</ele><speed>5.462</speed></trkpt><trkpt lat="24.988344" lon="121.578467"><time>2026-10-02T08:03:42Z</time><ele>32</ele><speed>4.437</speed></trkpt><trkpt lat="24.988345" lon="121.578488"><time>2026-10-02T08:03:44Z</time><ele>32</ele><speed>4.5</speed></trkpt><trkpt lat="24.988347" lon="121.578509"><time>2026-10-02T08:03:45Z</time><ele>32</ele><speed>4.623</speed></trkpt><trkpt lat="24.988348" lon="121.578529"><time>2026-10-02T08:03:46Z</time><ele>32</ele><speed>4.379</speed></trkpt><trkpt lat="24.98835" lon="121.578551"><time>2026-10-02T08:03:48Z</time><ele>33</ele><speed>5.07</speed></trkpt><trkpt lat="24.988349" lon="121.578573"><time>2026-10-02T08:03:51Z</time><ele>32</ele><speed>5.364</speed></trkpt><trkpt lat="24.988347" lon="121.578595"><time>2026-10-02T08:03:53Z</time><ele>32</ele><speed>3.565</speed></trkpt><trkpt lat="24.988351" lon="121.578623"><time>2026-10-02T08:03:58Z</time><ele>32</ele><speed>4.109</speed></trkpt><trkpt lat="24.98836" lon="121.578656"><time>2026-10-02T08:03:59Z</time><ele>32</ele><speed>7.453</speed></trkpt><trkpt lat="24.98837" lon="121.578692"><time>2026-10-02T08:04:00Z</time><ele>33</ele><speed>7.399</speed></trkpt><trkpt lat="24.988382" lon="121.578728"><time>2026-10-02T08:04:01Z</time><ele>32</ele><speed>5.963</speed></trkpt><trkpt lat="24.988393" lon="121.578755"><time>2026-10-02T08:04:02Z</time><ele>32</ele><speed>2.623</speed></trkpt><trkpt lat="24.988413" lon="121.578777"><time>2026-10-02T08:04:05Z</time><ele>33</ele><speed>3.761</speed></trkpt><trkpt lat="24.9884" lon="121.578793"><time>2026-10-02T08:04:24Z</time><ele>29</ele><speed>2.523</speed></trkpt><trkpt lat="24.988378" lon="121.578815"><time>2026-10-02T08:04:25Z</time><ele>29</ele><speed>5.694</speed></trkpt><trkpt lat="24.988353" lon="121.578834"><time>2026-10-02T08:04:26Z</time><ele>29</ele><speed>5.864</speed></trkpt><trkpt lat="24.988323" lon="121.578858"><time>2026-10-02T08:04:27Z</time><ele>29</ele><speed>8.229</speed></trkpt><trkpt lat="24.988296" lon="121.578891"><time>2026-10-02T08:04:28Z</time><ele>28</ele><speed>8.881</speed></trkpt><trkpt lat="24.988265" lon="121.578933"><time>2026-10-02T08:04:29Z</time><ele>28</ele><speed>9.919</speed></trkpt><trkpt lat="24.988264" lon="121.578971"><time>2026-10-02T08:04:30Z</time><ele>28</ele><speed>7.394</speed></trkpt><trkpt lat="24.988268" lon="121.578998"><time>2026-10-02T08:04:31Z</time><ele>28</ele><speed>6.41</speed></trkpt><trkpt lat="24.988277" lon="121.57902"><time>2026-10-02T08:04:32Z</time><ele>28</ele><speed>6.409</speed></trkpt><trkpt lat="24.988294" lon="121.579034"><time>2026-10-02T08:04:34Z</time><ele>29</ele><speed>6.386</speed></trkpt><trkpt lat="24.988313" lon="121.579043"><time>2026-10-02T08:04:35Z</time><ele>28</ele><speed>6.227</speed></trkpt><trkpt lat="24.988328" lon="121.579054"><time>2026-10-02T08:04:40Z</time><ele>30</ele><speed>5.477</speed></trkpt><trkpt lat="24.988343" lon="121.579069"><time>2026-10-02T08:04:42Z</time><ele>30</ele><speed>5.307</speed></trkpt><trkpt lat="24.988361" lon="121.579085"><time>2026-10-02T08:04:43Z</time><ele>30</ele><speed>5.368</speed></trkpt><trkpt lat="24.988375" lon="121.579103"><time>2026-10-02T08:04:44Z</time><ele>30</ele><speed>5.294</speed></trkpt><trkpt lat="24.988388" lon="121.57912"><time>2026-10-02T08:04:45Z</time><ele>30</ele><speed>5.198</speed></trkpt><trkpt lat="24.9884" lon="121.579139"><time>2026-10-02T08:04:46Z</time><ele>31</ele><speed>4.833</speed></trkpt><trkpt lat="24.988417" lon="121.579148"><time>2026-10-02T08:04:49Z</time><ele>31</ele><speed>5.281</speed></trkpt><trkpt lat="24.988434" lon="121.579156"><time>2026-10-02T08:04:51Z</time><ele>32</ele><speed>4.781</speed></trkpt><trkpt lat="24.988453" lon="121.579161"><time>2026-10-02T08:04:52Z</time><ele>33</ele><speed>6.287</speed></trkpt><trkpt lat="24.988472" lon="121.579165"><time>2026-10-02T08:04:53Z</time><ele>33</ele><speed>6.186</speed></trkpt><trkpt lat="24.988491" lon="121.579168"><time>2026-10-02T08:04:54Z</time><ele>32</ele><speed>5.391</speed></trkpt><trkpt lat="24.988511" lon="121.57917"><time>2026-10-02T08:04:55Z</time><ele>32</ele><speed>5.358</speed></trkpt><trkpt lat="24.98853" lon="121.579172"><time>2026-10-02T08:04:58Z</time><ele>32</ele><speed>5.143</speed></trkpt><trkpt lat="24.988548" lon="121.579171"><time>2026-10-02T08:04:59Z</time><ele>32</ele><speed>5.349</speed></trkpt><trkpt lat="24.988568" lon="121.579175"><time>2026-10-02T08:05:04Z</time><ele>31</ele><speed>4.496</speed></trkpt><trkpt lat="24.988587" lon="121.579175"><time>2026-10-02T08:05:05Z</time><ele>31</ele><speed>5.038</speed></trkpt><trkpt lat="24.988607" lon="121.579178"><time>2026-10-02T08:05:06Z</time><ele>32</ele><speed>5.405</speed></trkpt><trkpt lat="24.988627" lon="121.579182"><time>2026-10-02T08:05:07Z</time><ele>32</ele><speed>5.168</speed></trkpt><trkpt lat="24.988607" lon="121.579187"><time>2026-10-02T08:05:23Z</time><ele>31</ele><speed>5.361</speed></trkpt><trkpt lat="24.988584" lon="121.579193"><time>2026-10-02T08:05:24Z</time><ele>32</ele><speed>4.933</speed></trkpt><trkpt lat="24.988554" lon="121.579194"><time>2026-10-02T08:05:25Z</time><ele>32</ele><speed>5.379</speed></trkpt><trkpt lat="24.988518" lon="121.579197"><time>2026-10-02T08:05:26Z</time><ele>32</ele><speed>5.498</speed></trkpt><trkpt lat="24.988479" lon="121.579199"><time>2026-10-02T08:05:27Z</time><ele>32</ele><speed>5.245</speed></trkpt><trkpt lat="24.988435" lon="121.579196"><time>2026-10-02T08:05:28Z</time><ele>32</ele><speed>5.287</speed></trkpt><trkpt lat="24.98842" lon="121.579184"><time>2026-10-02T08:05:32Z</time><ele>35</ele><speed>4.442</speed></trkpt><trkpt lat="24.988405" lon="121.57917"><time>2026-10-02T08:05:33Z</time><ele>35</ele><speed>4.795</speed></trkpt><trkpt lat="24.988393" lon="121.579156"><time>2026-10-02T08:05:34Z</time><ele>36</ele><speed>3.765</speed></trkpt><trkpt lat="24.988383" lon="121.579138"><time>2026-10-02T08:05:35Z</time><ele>36</ele><speed>4.169</speed></trkpt><trkpt lat="24.988375" lon="121.579118"><time>2026-10-02T08:05:36Z</time><ele>35</ele><speed>5.019</speed></trkpt><trkpt lat="24.988367" lon="121.579098"><time>2026-10-02T08:05:37Z</time><ele>35</ele><speed>4.326</speed></trkpt><trkpt lat="24.988366" lon="121.579077"><time>2026-10-02T08:05:40Z</time><ele>34</ele><speed>4.666</speed></trkpt><trkpt lat="24.988366" lon="121.579056"><time>2026-10-02T08:05:41Z</time><ele>33</ele><speed>5.017</speed></trkpt><trkpt lat="24.988366" lon="121.579034"><time>2026-10-02T08:05:42Z</time><ele>33</ele><speed>4.557</speed></trkpt><trkpt lat="24.988366" lon="121.579013"><time>2026-10-02T08:05:43Z</time><ele>33</ele><speed>4.58</speed></trkpt><trkpt lat="24.988368" lon="121.578993"><time>2026-10-02T08:05:44Z</time><ele>33</ele><speed>4.726</speed></trkpt><trkpt lat="24.98837" lon="121.578971"><time>2026-10-02T08:05:46Z</time><ele>33</ele><speed>4.893</speed></trkpt><trkpt lat="24.988371" lon="121.57895"><time>2026-10-02T08:05:49Z</time><ele>32</ele><speed>4.801</speed></trkpt><trkpt lat="24.988369" lon="121.578928"><time>2026-10-02T08:05:50Z</time><ele>32</ele><speed>5.699</speed></trkpt><trkpt lat="24.988363" lon="121.578907"><time>2026-10-02T08:05:53Z</time><ele>32</ele><speed>3.496</speed></trkpt><trkpt lat="24.988356" lon="121.578887"><time>2026-10-02T08:05:54Z</time><ele>31</ele><speed>3.668</speed></trkpt><trkpt lat="24.988347" lon="121.578867"><time>2026-10-02T08:05:55Z</time><ele>31</ele><speed>3.658</speed></trkpt><trkpt lat="24.98834" lon="121.578848"><time>2026-10-02T08:05:56Z</time><ele>31</ele><speed>4.444</speed></trkpt><trkpt lat="24.988344" lon="121.578828"><time>2026-10-02T08:06:01Z</time><ele>31</ele><speed>4.911</speed></trkpt><trkpt lat="24.988353" lon="121.578809"><time>2026-10-02T08:06:03Z</time><ele>30</ele><speed>5.075</speed></trkpt><trkpt lat="24.988369" lon="121.57879"><time>2026-10-02T08:06:04Z</time><ele>30</ele><speed>5.484</speed></trkpt><trkpt lat="24.988388" lon="121.578771"><time>2026-10-02T08:06:05Z</time><ele>29</ele><speed>6.345</speed></trkpt><trkpt lat="24.988411" lon="121.578753"><time>2026-10-02T08:06:06Z</time><ele>29</ele><speed>6.672</speed></trkpt><trkpt lat="24.988435" lon="121.578737"><time>2026-10-02T08:06:07Z</time><ele>30</ele><speed>6.792</speed></trkpt><trkpt lat="24.988411" lon="121.578734"><time>2026-10-02T08:06:08Z</time><ele>31</ele><speed>3.419</speed></trkpt><trkpt lat="24.988384" lon="121.578731"><time>2026-10-02T08:06:09Z</time><ele>31</ele><speed>3.419</speed></trkpt><trkpt lat="24.988354" lon="121.578728"><time>2026-10-02T08:06:10Z</time><ele>31</ele><speed>3.239</speed></trkpt><trkpt lat="24.988321" lon="121.578725"><time>2026-10-02T08:06:11Z</time><ele>31</ele><speed>3.239</speed></trkpt><trkpt lat="24.988287" lon="121.578722"><time>2026-10-02T08:06:12Z</time><ele>31</ele><speed>3.239</speed></trkpt><trkpt lat="24.98825" lon="121.57872"><time>2026-10-02T08:06:13Z</time><ele>31</ele><speed>3.239</speed></trkpt><trkpt lat="24.988276" lon="121.578712"><time>2026-10-02T08:06:32Z</time><ele>29</ele><speed>4.261</speed></trkpt><trkpt lat="24.988307" lon="121.578721"><time>2026-10-02T08:11:01Z</time><ele>33</ele><speed>1.877</speed></trkpt><trkpt lat="24.98834" lon="121.578732"><time>2026-10-02T08:11:02Z</time><ele>28</ele><speed>3.425</speed></trkpt><trkpt lat="24.988375" lon="121.578744"><time>2026-10-02T08:11:03Z</time><ele>27</ele><speed>3.243</speed></trkpt><trkpt lat="24.988418" lon="121.578755"><time>2026-10-02T08:11:04Z</time><ele>27</ele><speed>7.612</speed></trkpt><trkpt lat="24.988457" lon="121.578771"><time>2026-10-02T08:11:05Z</time><ele>28</ele><speed>2.559</speed></trkpt><trkpt lat="24.988472" lon="121.578785"><time>2026-10-02T08:11:06Z</time><ele>28</ele><speed>3.913</speed></trkpt><trkpt lat="24.988488" lon="121.578794"><time>2026-10-02T08:11:20Z</time><ele>32</ele><speed>3.708</speed></trkpt><trkpt lat="24.988509" lon="121.578799"><time>2026-10-02T08:11:22Z</time><ele>32</ele><speed>4.595</speed></trkpt><trkpt lat="24.988532" lon="121.578807"><time>2026-10-02T08:11:23Z</time><ele>32</ele><speed>4.887</speed></trkpt><trkpt lat="24.988517" lon="121.57882"><time>2026-10-02T08:12:04Z</time><ele>28</ele><speed>3.875</speed></trkpt><trkpt lat="24.988505" lon="121.578842"><time>2026-10-02T08:12:09Z</time><ele>24</ele><speed>2.771</speed></trkpt><trkpt lat="24.98849" lon="121.578868"><time>2026-10-02T08:12:10Z</time><ele>24</ele><speed>2.771</speed></trkpt><trkpt lat="24.988452" lon="121.578928"><time>2026-10-02T08:12:11Z</time><ele>44</ele><speed>10.512</speed></trkpt><trkpt lat="24.988407" lon="121.578998"><time>2026-10-02T08:12:12Z</time><ele>43</ele><speed>10.187</speed></trkpt><trkpt lat="24.988357" lon="121.579072"><time>2026-10-02T08:12:13Z</time><ele>42</ele><speed>10.512</speed></trkpt><trkpt lat="24.988336" lon="121.579149"><time>2026-10-02T08:12:14Z</time><ele>42</ele><speed>11.268</speed></trkpt><trkpt lat="24.988314" lon="121.579219"><time>2026-10-02T08:12:15Z</time><ele>42</ele><speed>11.268</speed></trkpt><trkpt lat="24.988327" lon="121.579296"><time>2026-10-02T08:12:16Z</time><ele>42</ele><speed>11.268</speed></trkpt><trkpt lat="24.988356" lon="121.579262"><time>2026-10-02T08:12:17Z</time><ele>42</ele><speed>7.812</speed></trkpt><trkpt lat="24.988387" lon="121.579223"><time>2026-10-02T08:12:18Z</time><ele>39</ele><speed>4.896</speed></trkpt><trkpt lat="24.988413" lon="121.579182"><time>2026-10-02T08:12:19Z</time><ele>39</ele><speed>5.184</speed></trkpt><trkpt lat="24.988438" lon="121.579135"><time>2026-10-02T08:12:20Z</time><ele>40</ele><speed>4.896</speed></trkpt><trkpt lat="24.988464" lon="121.579083"><time>2026-10-02T08:12:21Z</time><ele>42</ele><speed>4.788</speed></trkpt><trkpt lat="24.988456" lon="121.579023"><time>2026-10-02T08:12:22Z</time><ele>44</ele><speed>3.023</speed></trkpt><trkpt lat="24.988451" lon="121.578976"><time>2026-10-02T08:12:27Z</time><ele>29</ele><speed>9.187</speed></trkpt><trkpt lat="24.988446" lon="121.578928"><time>2026-10-02T08:12:28Z</time><ele>31</ele><speed>9.187</speed></trkpt><trkpt lat="24.988441" lon="121.578885"><time>2026-10-02T08:12:29Z</time><ele>29</ele><speed>9.036</speed></trkpt><trkpt lat="24.988437" lon="121.578837"><time>2026-10-02T08:12:30Z</time><ele>28</ele><speed>9.099</speed></trkpt><trkpt lat="24.988431" lon="121.578784"><time>2026-10-02T08:12:31Z</time><ele>29</ele><speed>9.174</speed></trkpt><trkpt lat="24.988423" lon="121.57873"><time>2026-10-02T08:12:32Z</time><ele>28</ele><speed>9.207</speed></trkpt><trkpt lat="24.988427" lon="121.578752"><time>2026-10-02T08:14:47Z</time><ele>41</ele><speed>3.914</speed></trkpt><trkpt lat="24.988428" lon="121.578775"><time>2026-10-02T08:14:48Z</time><ele>38</ele><speed>3.893</speed></trkpt><trkpt lat="24.988451" lon="121.578778"><time>2026-10-02T08:15:36Z</time><ele>33</ele><speed>9.328</speed></trkpt><trkpt lat="24.988477" lon="121.578787"><time>2026-10-02T08:15:37Z</time><ele>32</ele><speed>7.221</speed></trkpt><trkpt lat="24.988507" lon="121.578799"><time>2026-10-02T08:15:38Z</time><ele>32</ele><speed>4.655</speed></trkpt><trkpt lat="24.988538" lon="121.578813"><time>2026-10-02T08:15:39Z</time><ele>32</ele><speed>2.711</speed></trkpt><trkpt lat="24.988552" lon="121.578799"><time>2026-10-02T08:15:48Z</time><ele>30</ele><speed>2.72</speed></trkpt><trkpt lat="24.988569" lon="121.578784"><time>2026-10-02T08:15:49Z</time><ele>30</ele><speed>5.634</speed></trkpt><trkpt lat="24.988552" lon="121.578774"><time>2026-10-02T08:15:51Z</time><ele>31</ele><speed>4.901</speed></trkpt><trkpt lat="24.988527" lon="121.578762"><time>2026-10-02T08:15:52Z</time><ele>32</ele><speed>5.399</speed></trkpt><trkpt lat="24.9885" lon="121.57875"><time>2026-10-02T08:15:53Z</time><ele>33</ele><speed>2.45</speed></trkpt><trkpt lat="24.988469" lon="121.578738"><time>2026-10-02T08:15:54Z</time><ele>33</ele><speed>2.315</speed></trkpt><trkpt lat="24.988439" lon="121.57873"><time>2026-10-02T08:15:55Z</time><ele>32</ele><speed>0.655</speed></trkpt><trkpt lat="24.988408" lon="121.578721"><time>2026-10-02T08:15:56Z</time><ele>32</ele><speed>0.058</speed></trkpt><trkpt lat="24.988393" lon="121.578709"><time>2026-10-02T08:16:23Z</time><ele>29</ele><speed>5.558</speed></trkpt><trkpt lat="24.988372" lon="121.578744"><time>2026-10-02T08:16:48Z</time><ele>28</ele><speed>5.525</speed></trkpt><trkpt lat="24.988377" lon="121.578773"><time>2026-10-02T08:16:49Z</time><ele>28</ele><speed>5.651</speed></trkpt><trkpt lat="24.988375" lon="121.578821"><time>2026-10-02T08:16:50Z</time><ele>28</ele><speed>3.577</speed></trkpt><trkpt lat="24.988377" lon="121.578863"><time>2026-10-02T08:16:51Z</time><ele>30</ele><speed>2.068</speed></trkpt><trkpt lat="24.988379" lon="121.578906"><time>2026-10-02T08:16:52Z</time><ele>36</ele><speed>0.745</speed></trkpt><trkpt lat="24.988385" lon="121.578955"><time>2026-10-02T08:16:53Z</time><ele>32</ele><speed>0.0</speed></trkpt><trkpt lat="24.988407" lon="121.578955"><time>2026-10-02T08:17:11Z</time><ele>36</ele><speed>3.465</speed></trkpt><trkpt lat="24.988423" lon="121.578967"><time>2026-10-02T08:18:53Z</time><ele>24</ele><speed>5.076</speed></trkpt><trkpt lat="24.988451" lon="121.578964"><time>2026-10-02T08:18:54Z</time><ele>24</ele><speed>5.218</speed></trkpt><trkpt lat="24.988475" lon="121.578967"><time>2026-10-02T08:18:57Z</time><ele>24</ele><speed>2.623</speed></trkpt><trkpt lat="24.988509" lon="121.578913"><time>2026-10-02T08:20:25Z</time><ele>59</ele><speed>5.111</speed></trkpt><trkpt lat="24.988543" lon="121.578863"><time>2026-10-02T08:20:26Z</time><ele>19</ele><speed>0.06</speed></trkpt><trkpt lat="24.988571" lon="121.578817"><time>2026-10-02T08:20:27Z</time><ele>19</ele><speed>0.113</speed></trkpt><trkpt lat="24.988581" lon="121.578767"><time>2026-10-02T08:20:28Z</time><ele>26</ele><speed>0.0</speed></trkpt><trkpt lat="24.988591" lon="121.578715"><time>2026-10-02T08:20:29Z</time><ele>19</ele><speed>0.0</speed></trkpt><trkpt lat="24.988602" lon="121.578663"><time>2026-10-02T08:20:30Z</time><ele>19</ele><speed>0.0</speed></trkpt><trkpt lat="24.9886" lon="121.578684"><time>2026-10-02T08:20:45Z</time><ele>25</ele><speed>6.093</speed></trkpt><trkpt lat="24.988591" lon="121.578706"><time>2026-10-02T08:20:46Z</time><ele>25</ele><speed>6.032</speed></trkpt><trkpt lat="24.988574" lon="121.578728"><time>2026-10-02T08:20:47Z</time><ele>25</ele><speed>7.61</speed></trkpt><trkpt lat="24.988555" lon="121.578749"><time>2026-10-02T08:20:48Z</time><ele>25</ele><speed>7.295</speed></trkpt><trkpt lat="24.988534" lon="121.578771"><time>2026-10-02T08:20:49Z</time><ele>25</ele><speed>6.649</speed></trkpt><trkpt lat="24.988512" lon="121.578795"><time>2026-10-02T08:20:50Z</time><ele>25</ele><speed>4.828</speed></trkpt><trkpt lat="24.98849" lon="121.578801"><time>2026-10-02T08:20:51Z</time><ele>25</ele><speed>4.234</speed></trkpt><trkpt lat="24.988477" lon="121.578814"><time>2026-10-02T08:21:13Z</time><ele>25</ele><speed>3.924</speed></trkpt><trkpt lat="24.988467" lon="121.578832"><time>2026-10-02T08:21:17Z</time><ele>25</ele><speed>2.824</speed></trkpt><trkpt lat="24.988453" lon="121.578845"><time>2026-10-02T08:21:25Z</time><ele>25</ele><speed>5.686</speed></trkpt><trkpt lat="24.988439" lon="121.57886"><time>2026-10-02T08:21:29Z</time><ele>26</ele><speed>4.036</speed></trkpt><trkpt lat="24.988424" lon="121.578875"><time>2026-10-02T08:21:30Z</time><ele>26</ele><speed>4.394</speed></trkpt><trkpt lat="24.988409" lon="121.578891"><time>2026-10-02T08:21:31Z</time><ele>26</ele><speed>3.484</speed></trkpt><trkpt lat="24.988393" lon="121.578906"><time>2026-10-02T08:21:51Z</time><ele>27</ele><speed>5.385</speed></trkpt><trkpt lat="24.988374" lon="121.57889"><time>2026-10-02T08:22:52Z</time><ele>26</ele><speed>6.112</speed></trkpt><trkpt lat="24.988364" lon="121.578864"><time>2026-10-02T08:22:55Z</time><ele>26</ele><speed>5.334</speed></trkpt><trkpt lat="24.988351" lon="121.578833"><time>2026-10-02T08:22:56Z</time><ele>26</ele><speed>7.017</speed></trkpt><trkpt lat="24.988339" lon="121.5788"><time>2026-10-02T08:22:57Z</time><ele>26</ele><speed>8.256</speed></trkpt><trkpt lat="24.988334" lon="121.578766"><time>2026-10-02T08:22:58Z</time><ele>27</ele><speed>7.993</speed></trkpt><trkpt lat="24.988334" lon="121.578728"><time>2026-10-02T08:22:59Z</time><ele>27</ele><speed>7.372</speed></trkpt><trkpt lat="24.988346" lon="121.57871"><time>2026-10-02T08:23:02Z</time><ele>29</ele><speed>4.423</speed></trkpt><trkpt lat="24.988353" lon="121.57869"><time>2026-10-02T08:23:05Z</time><ele>30</ele><speed>4.696</speed></trkpt><trkpt lat="24.988365" lon="121.578668"><time>2026-10-02T08:23:06Z</time><ele>29</ele><speed>4.847</speed></trkpt><trkpt lat="24.988377" lon="121.578644"><time>2026-10-02T08:23:07Z</time><ele>29</ele><speed>4.99</speed></trkpt><trkpt lat="24.988384" lon="121.578619"><time>2026-10-02T08:23:08Z</time><ele>29</ele><speed>4.095</speed></trkpt><trkpt lat="24.988386" lon="121.578589"><time>2026-10-02T08:23:09Z</time><ele>29</ele><speed>4.098</speed></trkpt><trkpt lat="24.988384" lon="121.578562"><time>2026-10-02T08:23:10Z</time><ele>29</ele><speed>4.085</speed></trkpt><trkpt lat="24.988384" lon="121.57854"><time>2026-10-02T08:23:15Z</time><ele>28</ele><speed>5.683</speed></trkpt><trkpt lat="24.988387" lon="121.578518"><time>2026-10-02T08:23:18Z</time><ele>31</ele><speed>2.928</speed></trkpt><trkpt lat="24.98839" lon="121.578497"><time>2026-10-02T08:23:19Z</time><ele>31</ele><speed>3.336</speed></trkpt><trkpt lat="24.988395" lon="121.578476"><time>2026-10-02T08:23:20Z</time><ele>32</ele><speed>3.205</speed></trkpt><trkpt lat="24.9884" lon="121.578456"><time>2026-10-02T08:23:21Z</time><ele>31</ele><speed>2.888</speed></trkpt><trkpt lat="24.988406" lon="121.578433"><time>2026-10-02T08:23:22Z</time><ele>32</ele><speed>4.986</speed></trkpt><trkpt lat="24.988409" lon="121.578413"><time>2026-10-02T08:23:24Z</time><ele>33</ele><speed>4.797</speed></trkpt><trkpt lat="24.98841" lon="121.57839"><time>2026-10-02T08:23:26Z</time><ele>34</ele><speed>4.897</speed></trkpt><trkpt lat="24.988411" lon="121.578368"><time>2026-10-02T08:23:27Z</time><ele>34</ele><speed>3.107</speed></trkpt><trkpt lat="24.988411" lon="121.578344"><time>2026-10-02T08:23:28Z</time><ele>34</ele><speed>4.724</speed></trkpt><trkpt lat="24.988412" lon="121.578319"><time>2026-10-02T08:23:29Z</time><ele>34</ele><speed>4.726</speed></trkpt><trkpt lat="24.988412" lon="121.578295"><time>2026-10-02T08:23:30Z</time><ele>34</ele><speed>4.499</speed></trkpt><trkpt lat="24.988414" lon="121.578274"><time>2026-10-02T08:23:32Z</time><ele>34</ele><speed>5.135</speed></trkpt><trkpt lat="24.988417" lon="121.578254"><time>2026-10-02T08:23:34Z</time><ele>34</ele><speed>5.24</speed></trkpt><trkpt lat="24.98842" lon="121.578233"><time>2026-10-02T08:23:35Z</time><ele>34</ele><speed>4.786</speed></trkpt><trkpt lat="24.988423" lon="121.578213"><time>2026-10-02T08:23:36Z</time><ele>34</ele><speed>5.807</speed></trkpt><trkpt lat="24.988424" lon="121.578193"><time>2026-10-02T08:23:37Z</time><ele>34</ele><speed>5.675</speed></trkpt><trkpt lat="24.988426" lon="121.578172"><time>2026-10-02T08:23:38Z</time><ele>34</ele><speed>5.591</speed></trkpt><trkpt lat="24.988427" lon="121.578151"><time>2026-10-02T08:23:40Z</time><ele>33</ele><speed>5.916</speed></trkpt><trkpt lat="24.988426" lon="121.57813"><time>2026-10-02T08:23:42Z</time><ele>33</ele><speed>5.022</speed></trkpt><trkpt lat="24.988425" lon="121.578109"><time>2026-10-02T08:23:43Z</time><ele>33</ele><speed>5.912</speed></trkpt><trkpt lat="24.988423" lon="121.578088"><time>2026-10-02T08:23:44Z</time><ele>33</ele><speed>5.52</speed></trkpt><trkpt lat="24.988422" lon="121.578068"><time>2026-10-02T08:23:45Z</time><ele>32</ele><speed>5.468</speed></trkpt><trkpt lat="24.988422" lon="121.578048"><time>2026-10-02T08:23:46Z</time><ele>33</ele><speed>5.497</speed></trkpt><trkpt lat="24.988423" lon="121.578026"><time>2026-10-02T08:23:49Z</time><ele>33</ele><speed>5.447</speed></trkpt><trkpt lat="24.988426" lon="121.578006"><time>2026-10-02T08:23:50Z</time><ele>32</ele><speed>5.385</speed></trkpt><trkpt lat="24.988429" lon="121.577986"><time>2026-10-02T08:23:51Z</time><ele>32</ele><speed>5.509</speed></trkpt><trkpt lat="24.988434" lon="121.577965"><time>2026-10-02T08:23:53Z</time><ele>32</ele><speed>4.195</speed></trkpt><trkpt lat="24.988435" lon="121.577944"><time>2026-10-02T08:24:08Z</time><ele>31</ele><speed>4.23</speed></trkpt><trkpt lat="24.988435" lon="121.577924"><time>2026-10-02T08:24:09Z</time><ele>31</ele><speed>3.307</speed></trkpt><trkpt lat="24.98843" lon="121.577902"><time>2026-10-02T08:24:21Z</time><ele>32</ele><speed>4.145</speed></trkpt><trkpt lat="24.988421" lon="121.577881"><time>2026-10-02T08:24:22Z</time><ele>32</ele><speed>5.935</speed></trkpt><trkpt lat="24.988411" lon="121.577862"><time>2026-10-02T08:24:23Z</time><ele>32</ele><speed>4.848</speed></trkpt><trkpt lat="24.988397" lon="121.577844"><time>2026-10-02T08:24:24Z</time><ele>32</ele><speed>4.394</speed></trkpt><trkpt lat="24.988385" lon="121.57783"><time>2026-10-02T08:24:25Z</time><ele>31</ele><speed>4.473</speed></trkpt><trkpt lat="24.988371" lon="121.577815"><time>2026-10-02T08:24:26Z</time><ele>32</ele><speed>4.439</speed></trkpt><trkpt lat="24.988356" lon="121.577804"><time>2026-10-02T08:24:30Z</time><ele>32</ele><speed>5.501</speed></trkpt><trkpt lat="24.98834" lon="121.577793"><time>2026-10-02T08:24:32Z</time><ele>32</ele><speed>4.544</speed></trkpt><trkpt lat="24.988326" lon="121.577779"><time>2026-10-02T08:24:37Z</time><ele>32</ele><speed>3.804</speed></trkpt><trkpt lat="24.988312" lon="121.577762"><time>2026-10-02T08:24:38Z</time><ele>31</ele><speed>5.679</speed></trkpt><trkpt lat="24.988297" lon="121.577744"><time>2026-10-02T08:24:39Z</time><ele>31</ele><speed>5.554</speed></trkpt><trkpt lat="24.988282" lon="121.577728"><time>2026-10-02T08:24:40Z</time><ele>31</ele><speed>4.671</speed></trkpt><trkpt lat="24.988266" lon="121.577718"><time>2026-10-02T08:24:43Z</time><ele>30</ele><speed>6.221</speed></trkpt><trkpt lat="24.988248" lon="121.577714"><time>2026-10-02T08:24:45Z</time><ele>31</ele><speed>5.156</speed></trkpt><trkpt lat="24.988227" lon="121.577715"><time>2026-10-02T08:24:46Z</time><ele>31</ele><speed>4.97</speed></trkpt><trkpt lat="24.988204" lon="121.577719"><time>2026-10-02T08:24:47Z</time><ele>32</ele><speed>5.07</speed></trkpt><trkpt lat="24.988181" lon="121.577726"><time>2026-10-02T08:24:48Z</time><ele>32</ele><speed>6.282</speed></trkpt><trkpt lat="24.988157" lon="121.577733"><time>2026-10-02T08:24:49Z</time><ele>33</ele><speed>5.226</speed></trkpt><trkpt lat="24.988137" lon="121.577739"><time>2026-10-02T08:24:51Z</time><ele>33</ele><speed>5.233</speed></trkpt><trkpt lat="24.988118" lon="121.577743"><time>2026-10-02T08:24:52Z</time><ele>33</ele><speed>6.199</speed></trkpt><trkpt lat="24.988101" lon="121.577746"><time>2026-10-02T08:24:53Z</time><ele>33</ele><speed>5.048</speed></trkpt><trkpt lat="24.988081" lon="121.577751"><time>2026-10-02T08:24:55Z</time><ele>33</ele><speed>5.604</speed></trkpt><trkpt lat="24.988061" lon="121.577755"><time>2026-10-02T08:24:56Z</time><ele>33</ele><speed>5.633</speed></trkpt><trkpt lat="24.988042" lon="121.57776"><time>2026-10-02T08:24:57Z</time><ele>34</ele><speed>5.277</speed></trkpt><trkpt lat="24.988022" lon="121.577764"><time>2026-10-02T08:24:59Z</time><ele>34</ele><speed>4.72</speed></trkpt><trkpt lat="24.988002" lon="121.577769"><time>2026-10-02T08:25:00Z</time><ele>34</ele><speed>5.816</speed></trkpt><trkpt lat="24.987982" lon="121.577774"><time>2026-10-02T08:25:01Z</time><ele>34</ele><speed>5.486</speed></trkpt><trkpt lat="24.987964" lon="121.577779"><time>2026-10-02T08:25:02Z</time><ele>34</ele><speed>5.004</speed></trkpt><trkpt lat="24.987946" lon="121.577784"><time>2026-10-02T08:25:03Z</time><ele>34</ele><speed>5.512</speed></trkpt><trkpt lat="24.987927" lon="121.57779"><time>2026-10-02T08:25:04Z</time><ele>34</ele><speed>5.226</speed></trkpt><trkpt lat="24.987907" lon="121.577797"><time>2026-10-02T08:25:07Z</time><ele>35</ele><speed>5.048</speed></trkpt><trkpt lat="24.987888" lon="121.577803"><time>2026-10-02T08:25:08Z</time><ele>35</ele><speed>4.926</speed></trkpt><trkpt lat="24.987869" lon="121.577809"><time>2026-10-02T08:25:09Z</time><ele>36</ele><speed>4.63</speed></trkpt><trkpt lat="24.98785" lon="121.577815"><time>2026-10-02T08:25:10Z</time><ele>36</ele><speed>4.789</speed></trkpt><trkpt lat="24.987832" lon="121.577819"><time>2026-10-02T08:25:11Z</time><ele>35</ele><speed>4.697</speed></trkpt><trkpt lat="24.987813" lon="121.577824"><time>2026-10-02T08:25:13Z</time><ele>35</ele><speed>2.907</speed></trkpt><trkpt lat="24.987793" lon="121.577831"><time>2026-10-02T08:25:20Z</time><ele>34</ele><speed>4.824</speed></trkpt><trkpt lat="24.987772" lon="121.577838"><time>2026-10-02T08:25:21Z</time><ele>33</ele><speed>5.07</speed></trkpt><trkpt lat="24.987753" lon="121.577843"><time>2026-10-02T08:25:22Z</time><ele>33</ele><speed>3.789</speed></trkpt><trkpt lat="24.987734" lon="121.577847"><time>2026-10-02T08:25:23Z</time><ele>32</ele><speed>3.232</speed></trkpt><trkpt lat="24.987714" lon="121.577852"><time>2026-10-02T08:25:24Z</time><ele>31</ele><speed>4.281</speed></trkpt><trkpt lat="24.987695" lon="121.577857"><time>2026-10-02T08:25:25Z</time><ele>31</ele><speed>4.85</speed></trkpt><trkpt lat="24.987678" lon="121.577862"><time>2026-10-02T08:25:28Z</time><ele>30</ele><speed>4.59</speed></trkpt><trkpt lat="24.98766" lon="121.577871"><time>2026-10-02T08:25:30Z</time><ele>30</ele><speed>5.557</speed></trkpt><trkpt lat="24.987641" lon="121.577883"><time>2026-10-02T08:25:31Z</time><ele>30</ele><speed>5.55</speed></trkpt><trkpt lat="24.987623" lon="121.577897"><time>2026-10-02T08:25:32Z</time><ele>29</ele><speed>5.139</speed></trkpt><trkpt lat="24.987607" lon="121.577913"><time>2026-10-02T08:25:33Z</time><ele>29</ele><speed>5.627</speed></trkpt><trkpt lat="24.987592" lon="121.577928"><time>2026-10-02T08:25:34Z</time><ele>29</ele><speed>5.038</speed></trkpt><trkpt lat="24.987583" lon="121.577945"><time>2026-10-02T08:25:36Z</time><ele>28</ele><speed>5.622</speed></trkpt><trkpt lat="24.987576" lon="121.577966"><time>2026-10-02T08:25:39Z</time><ele>28</ele><speed>5.66</speed></trkpt><trkpt lat="24.987569" lon="121.577987"><time>2026-10-02T08:25:40Z</time><ele>28</ele><speed>5.625</speed></trkpt><trkpt lat="24.987561" lon="121.578009"><time>2026-10-02T08:25:41Z</time><ele>27</ele><speed>5.589</speed></trkpt><trkpt lat="24.987554" lon="121.578031"><time>2026-10-02T08:25:42Z</time><ele>27</ele><speed>5.324</speed></trkpt><trkpt lat="24.987547" lon="121.578054"><time>2026-10-02T08:25:43Z</time><ele>27</ele><speed>5.225</speed></trkpt><trkpt lat="24.987539" lon="121.578073"><time>2026-10-02T08:25:44Z</time><ele>27</ele><speed>5.31</speed></trkpt><trkpt lat="24.987528" lon="121.578089"><time>2026-10-02T08:25:47Z</time><ele>27</ele><speed>5.413</speed></trkpt><trkpt lat="24.987516" lon="121.578105"><time>2026-10-02T08:25:48Z</time><ele>27</ele><speed>5.607</speed></trkpt><trkpt lat="24.987504" lon="121.57812"><time>2026-10-02T08:25:49Z</time><ele>28</ele><speed>5.523</speed></trkpt><trkpt lat="24.987492" lon="121.578135"><time>2026-10-02T08:25:50Z</time><ele>27</ele><speed>5.036</speed></trkpt><trkpt lat="24.987478" lon="121.578152"><time>2026-10-02T08:25:52Z</time><ele>28</ele><speed>4.818</speed></trkpt><trkpt lat="24.987464" lon="121.578167"><time>2026-10-02T08:25:53Z</time><ele>28</ele><speed>4.806</speed></trkpt><trkpt lat="24.987451" lon="121.578183"><time>2026-10-02T08:25:56Z</time><ele>27</ele><speed>4.849</speed></trkpt><trkpt lat="24.987439" lon="121.578198"><time>2026-10-02T08:25:57Z</time><ele>27</ele><speed>5.04</speed></trkpt><trkpt lat="24.987427" lon="121.578215"><time>2026-10-02T08:25:58Z</time><ele>27</ele><speed>5.562</speed></trkpt><trkpt lat="24.987414" lon="121.57823"><time>2026-10-02T08:25:59Z</time><ele>26</ele><speed>5.445</speed></trkpt><trkpt lat="24.9874" lon="121.578246"><time>2026-10-02T08:26:01Z</time><ele>26</ele><speed>5.177</speed></trkpt><trkpt lat="24.987384" lon="121.57826"><time>2026-10-02T08:26:02Z</time><ele>27</ele><speed>5.33</speed></trkpt><trkpt lat="24.987366" lon="121.578268"><time>2026-10-02T08:26:06Z</time><ele>28</ele><speed>2.577</speed></trkpt><trkpt lat="24.987349" lon="121.578265"><time>2026-10-02T08:26:10Z</time><ele>28</ele><speed>2.615</speed></trkpt><trkpt lat="24.987331" lon="121.578256"><time>2026-10-02T08:26:11Z</time><ele>28</ele><speed>3.625</speed></trkpt><trkpt lat="24.987316" lon="121.578243"><time>2026-10-02T08:26:12Z</time><ele>28</ele><speed>3.236</speed></trkpt><trkpt lat="24.987304" lon="121.578225"><time>2026-10-02T08:26:13Z</time><ele>29</ele><speed>3.04</speed></trkpt><trkpt lat="24.987294" lon="121.578204"><time>2026-10-02T08:26:14Z</time><ele>29</ele><speed>3.569</speed></trkpt><trkpt lat="24.987292" lon="121.578181"><time>2026-10-02T08:26:15Z</time><ele>29</ele><speed>3.565</speed></trkpt><trkpt lat="24.987291" lon="121.578161"><time>2026-10-02T08:26:18Z</time><ele>29</ele><speed>3.337</speed></trkpt><trkpt lat="24.98729" lon="121.578133"><time>2026-10-02T08:26:24Z</time><ele>30</ele><speed>3.692</speed></trkpt><trkpt lat="24.987289" lon="121.578106"><time>2026-10-02T08:26:25Z</time><ele>30</ele><speed>4.086</speed></trkpt><trkpt lat="24.987289" lon="121.578078"><time>2026-10-02T08:26:26Z</time><ele>30</ele><speed>4.297</speed></trkpt><trkpt lat="24.987289" lon="121.578051"><time>2026-10-02T08:26:27Z</time><ele>30</ele><speed>4.157</speed></trkpt><trkpt lat="24.987287" lon="121.578025"><time>2026-10-02T08:26:28Z</time><ele>30</ele><speed>3.142</speed></trkpt><trkpt lat="24.987286" lon="121.578003"><time>2026-10-02T08:26:32Z</time><ele>30</ele><speed>2.511</speed></trkpt><trkpt lat="24.987288" lon="121.577983"><time>2026-10-02T08:26:36Z</time><ele>30</ele><speed>3.96</speed></trkpt><trkpt lat="24.987289" lon="121.577961"><time>2026-10-02T08:26:37Z</time><ele>30</ele><speed>4.31</speed></trkpt><trkpt lat="24.987289" lon="121.577938"><time>2026-10-02T08:26:38Z</time><ele>30</ele><speed>4.969</speed></trkpt><trkpt lat="24.987287" lon="121.577914"><time>2026-10-02T08:26:39Z</time><ele>30</ele><speed>4.436</speed></trkpt><trkpt lat="24.987286" lon="121.57789"><time>2026-10-02T08:26:40Z</time><ele>31</ele><speed>3.688</speed></trkpt><trkpt lat="24.987288" lon="121.577867"><time>2026-10-02T08:26:41Z</time><ele>30</ele><speed>3.888</speed></trkpt><trkpt lat="24.987289" lon="121.577846"><time>2026-10-02T08:26:44Z</time><ele>32</ele><speed>4.335</speed></trkpt><trkpt lat="24.987293" lon="121.577825"><time>2026-10-02T08:26:46Z</time><ele>32</ele><speed>4.54</speed></trkpt><trkpt lat="24.987299" lon="121.577805"><time>2026-10-02T08:26:47Z</time><ele>32</ele><speed>4.526</speed></trkpt><trkpt lat="24.987309" lon="121.577786"><time>2026-10-02T08:26:48Z</time><ele>33</ele><speed>4.986</speed></trkpt><trkpt lat="24.987318" lon="121.577765"><time>2026-10-02T08:26:49Z</time><ele>33</ele><speed>5.709</speed></trkpt><trkpt lat="24.987324" lon="121.577745"><time>2026-10-02T08:26:50Z</time><ele>33</ele><speed>4.107</speed></trkpt><trkpt lat="24.987329" lon="121.577723"><time>2026-10-02T08:26:58Z</time><ele>34</ele><speed>2.884</speed></trkpt><trkpt lat="24.987329" lon="121.577694"><time>2026-10-02T08:27:07Z</time><ele>34</ele><speed>3.296</speed></trkpt><trkpt lat="24.98733" lon="121.577665"><time>2026-10-02T08:27:08Z</time><ele>33</ele><speed>3.106</speed></trkpt><trkpt lat="24.987329" lon="121.577636"><time>2026-10-02T08:27:09Z</time><ele>33</ele><speed>3.97</speed></trkpt><trkpt lat="24.987328" lon="121.577608"><time>2026-10-02T08:27:10Z</time><ele>33</ele><speed>3.9</speed></trkpt><trkpt lat="24.987326" lon="121.577581"><time>2026-10-02T08:27:11Z</time><ele>33</ele><speed>3.316</speed></trkpt><trkpt lat="24.987323" lon="121.57756"><time>2026-10-02T08:27:12Z</time><ele>33</ele><speed>3.122</speed></trkpt><trkpt lat="24.987322" lon="121.577539"><time>2026-10-02T08:27:19Z</time><ele>33</ele><speed>3.279</speed></trkpt><trkpt lat="24.987323" lon="121.577519"><time>2026-10-02T08:27:20Z</time><ele>33</ele><speed>2.723</speed></trkpt><trkpt lat="24.987324" lon="121.577495"><time>2026-10-02T08:27:22Z</time><ele>34</ele><speed>4.161</speed></trkpt><trkpt lat="24.987327" lon="121.57747"><time>2026-10-02T08:27:23Z</time><ele>33</ele><speed>5.754</speed></trkpt><trkpt lat="24.987332" lon="121.577444"><time>2026-10-02T08:27:24Z</time><ele>33</ele><speed>4.862</speed></trkpt><trkpt lat="24.987337" lon="121.577416"><time>2026-10-02T08:27:25Z</time><ele>33</ele><speed>4.365</speed></trkpt><trkpt lat="24.987343" lon="121.577397"><time>2026-10-02T08:27:26Z</time><ele>33</ele><speed>3.846</speed></trkpt><trkpt lat="24.987347" lon="121.577376"><time>2026-10-02T08:27:27Z</time><ele>34</ele><speed>3.67</speed></trkpt><trkpt lat="24.98735" lon="121.577357"><time>2026-10-02T08:27:29Z</time><ele>34</ele><speed>3.938</speed></trkpt><trkpt lat="24.987352" lon="121.577337"><time>2026-10-02T08:27:31Z</time><ele>34</ele><speed>3.586</speed></trkpt><trkpt lat="24.987355" lon="121.577317"><time>2026-10-02T08:27:35Z</time><ele>32</ele><speed>4.899</speed></trkpt><trkpt lat="24.98736" lon="121.577297"><time>2026-10-02T08:27:36Z</time><ele>32</ele><speed>5.905</speed></trkpt><trkpt lat="24.987365" lon="121.577276"><time>2026-10-02T08:27:37Z</time><ele>32</ele><speed>4.942</speed></trkpt><trkpt lat="24.987372" lon="121.577252"><time>2026-10-02T08:27:38Z</time><ele>32</ele><speed>5.296</speed></trkpt><trkpt lat="24.98738" lon="121.57723"><time>2026-10-02T08:27:39Z</time><ele>32</ele><speed>4.883</speed></trkpt><trkpt lat="24.987389" lon="121.577209"><time>2026-10-02T08:27:40Z</time><ele>32</ele><speed>4.59</speed></trkpt><trkpt lat="24.987397" lon="121.577189"><time>2026-10-02T08:27:41Z</time><ele>33</ele><speed>3.655</speed></trkpt><trkpt lat="24.987405" lon="121.577169"><time>2026-10-02T08:27:44Z</time><ele>33</ele><speed>2.707</speed></trkpt><trkpt lat="24.98741" lon="121.577147"><time>2026-10-02T08:27:46Z</time><ele>32</ele><speed>3.039</speed></trkpt><trkpt lat="24.987412" lon="121.577126"><time>2026-10-02T08:27:48Z</time><ele>32</ele><speed>3.265</speed></trkpt><trkpt lat="24.987415" lon="121.577105"><time>2026-10-02T08:27:51Z</time><ele>31</ele><speed>4.986</speed></trkpt><trkpt lat="24.987418" lon="121.577084"><time>2026-10-02T08:27:52Z</time><ele>31</ele><speed>3.689</speed></trkpt><trkpt lat="24.987418" lon="121.57706"><time>2026-10-02T08:27:53Z</time><ele>32</ele><speed>3.755</speed></trkpt><trkpt lat="24.987418" lon="121.57704"><time>2026-10-02T08:27:54Z</time><ele>32</ele><speed>3.096</speed></trkpt><trkpt lat="24.987422" lon="121.577019"><time>2026-10-02T08:27:57Z</time><ele>32</ele><speed>2.947</speed></trkpt><trkpt lat="24.987427" lon="121.577"><time>2026-10-02T08:27:59Z</time><ele>32</ele><speed>3.082</speed></trkpt><trkpt lat="24.987429" lon="121.576978"><time>2026-10-02T08:28:02Z</time><ele>32</ele><speed>3.084</speed></trkpt><trkpt lat="24.987431" lon="121.576956"><time>2026-10-02T08:28:05Z</time><ele>32</ele><speed>3.055</speed></trkpt><trkpt lat="24.987433" lon="121.576934"><time>2026-10-02T08:28:06Z</time><ele>32</ele><speed>3.28</speed></trkpt><trkpt lat="24.987434" lon="121.576913"><time>2026-10-02T08:28:07Z</time><ele>32</ele><speed>3.202</speed></trkpt><trkpt lat="24.987435" lon="121.576893"><time>2026-10-02T08:28:10Z</time><ele>32</ele><speed>2.808</speed></trkpt><trkpt lat="24.987437" lon="121.57687"><time>2026-10-02T08:28:14Z</time><ele>32</ele><speed>3.19</speed></trkpt><trkpt lat="24.987441" lon="121.57685"><time>2026-10-02T08:28:16Z</time><ele>32</ele><speed>2.86</speed></trkpt><trkpt lat="24.987446" lon="121.576831"><time>2026-10-02T08:28:18Z</time><ele>32</ele><speed>3.296</speed></trkpt><trkpt lat="24.987453" lon="121.57681"><time>2026-10-02T08:28:20Z</time><ele>32</ele><speed>4.762</speed></trkpt><trkpt lat="24.987461" lon="121.576789"><time>2026-10-02T08:28:21Z</time><ele>32</ele><speed>5.58</speed></trkpt><trkpt lat="24.987468" lon="121.57677"><time>2026-10-02T08:28:22Z</time><ele>33</ele><speed>4.995</speed></trkpt><trkpt lat="24.987472" lon="121.576749"><time>2026-10-02T08:28:24Z</time><ele>32</ele><speed>5.113</speed></trkpt><trkpt lat="24.987475" lon="121.576726"><time>2026-10-02T08:28:25Z</time><ele>32</ele><speed>5.375</speed></trkpt><trkpt lat="24.987477" lon="121.576703"><time>2026-10-02T08:28:26Z</time><ele>32</ele><speed>5.186</speed></trkpt><trkpt lat="24.987479" lon="121.576683"><time>2026-10-02T08:28:27Z</time><ele>32</ele><speed>4.702</speed></trkpt><trkpt lat="24.987479" lon="121.576661"><time>2026-10-02T08:28:28Z</time><ele>32</ele><speed>4.777</speed></trkpt><trkpt lat="24.987482" lon="121.576638"><time>2026-10-02T08:28:29Z</time><ele>32</ele><speed>5.473</speed></trkpt><trkpt lat="24.987489" lon="121.576619"><time>2026-10-02T08:28:32Z</time><ele>33</ele><speed>4.709</speed></trkpt><trkpt lat="24.987495" lon="121.5766"><time>2026-10-02T08:28:34Z</time><ele>33</ele><speed>3.28</speed></trkpt><trkpt lat="24.987502" lon="121.57658"><time>2026-10-02T08:28:37Z</time><ele>34</ele><speed>3.311</speed></trkpt><trkpt lat="24.987506" lon="121.576559"><time>2026-10-02T08:28:38Z</time><ele>33</ele><speed>4.48</speed></trkpt><trkpt lat="24.987507" lon="121.576537"><time>2026-10-02T08:28:40Z</time><ele>33</ele><speed>5.184</speed></trkpt><trkpt lat="24.987504" lon="121.576514"><time>2026-10-02T08:28:41Z</time><ele>34</ele><speed>5.692</speed></trkpt><trkpt lat="24.987499" lon="121.576494"><time>2026-10-02T08:28:42Z</time><ele>34</ele><speed>4.986</speed></trkpt><trkpt lat="24.987499" lon="121.576473"><time>2026-10-02T08:28:44Z</time><ele>33</ele><speed>4.698</speed></trkpt><trkpt lat="24.987499" lon="121.576452"><time>2026-10-02T08:28:45Z</time><ele>34</ele><speed>4.961</speed></trkpt><trkpt lat="24.987504" lon="121.576431"><time>2026-10-02T08:28:46Z</time><ele>34</ele><speed>5.409</speed></trkpt><trkpt lat="24.987516" lon="121.576409"><time>2026-10-02T08:28:47Z</time><ele>33</ele><speed>5.866</speed></trkpt><trkpt lat="24.987531" lon="121.576388"><time>2026-10-02T08:28:48Z</time><ele>34</ele><speed>5.022</speed></trkpt><trkpt lat="24.987546" lon="121.576365"><time>2026-10-02T08:28:49Z</time><ele>33</ele><speed>5.245</speed></trkpt><trkpt lat="24.987558" lon="121.576345"><time>2026-10-02T08:28:50Z</time><ele>33</ele><speed>5.341</speed></trkpt><trkpt lat="24.98757" lon="121.576326"><time>2026-10-02T08:28:51Z</time><ele>33</ele><speed>5.136</speed></trkpt><trkpt lat="24.987582" lon="121.576306"><time>2026-10-02T08:28:53Z</time><ele>33</ele><speed>5.09</speed></trkpt><trkpt lat="24.987593" lon="121.576288"><time>2026-10-02T08:28:55Z</time><ele>31</ele><speed>5.43</speed></trkpt><trkpt lat="24.987604" lon="121.57627"><time>2026-10-02T08:28:56Z</time><ele>31</ele><speed>5.109</speed></trkpt><trkpt lat="24.987619" lon="121.576255"><time>2026-10-02T08:28:57Z</time><ele>31</ele><speed>3.676</speed></trkpt><trkpt lat="24.987634" lon="121.576242"><time>2026-10-02T08:28:58Z</time><ele>31</ele><speed>2.741</speed></trkpt><trkpt lat="24.987656" lon="121.576231"><time>2026-10-02T08:29:34Z</time><ele>33</ele><speed>3.26</speed></trkpt><trkpt lat="24.987676" lon="121.57622"><time>2026-10-02T08:29:35Z</time><ele>32</ele><speed>5.478</speed></trkpt><trkpt lat="24.987692" lon="121.576208"><time>2026-10-02T08:29:36Z</time><ele>32</ele><speed>6.487</speed></trkpt><trkpt lat="24.987705" lon="121.576193"><time>2026-10-02T08:29:38Z</time><ele>32</ele><speed>5.899</speed></trkpt><trkpt lat="24.987718" lon="121.576176"><time>2026-10-02T08:29:39Z</time><ele>32</ele><speed>6.281</speed></trkpt><trkpt lat="24.987731" lon="121.57616"><time>2026-10-02T08:29:40Z</time><ele>31</ele><speed>3.813</speed></trkpt><trkpt lat="24.987737" lon="121.57614"><time>2026-10-02T08:29:43Z</time><ele>30</ele><speed>3.787</speed></trkpt><trkpt lat="24.987742" lon="121.57612"><time>2026-10-02T08:29:47Z</time><ele>29</ele><speed>3.87</speed></trkpt><trkpt lat="24.987742" lon="121.576099"><time>2026-10-02T08:30:09Z</time><ele>26</ele><speed>3.419</speed></trkpt><trkpt lat="24.987743" lon="121.576078"><time>2026-10-02T08:30:49Z</time><ele>24</ele><speed>6.177</speed></trkpt><trkpt lat="24.987741" lon="121.576053"><time>2026-10-02T08:30:50Z</time><ele>23</ele><speed>8.058</speed></trkpt><trkpt lat="24.987739" lon="121.576022"><time>2026-10-02T08:30:51Z</time><ele>24</ele><speed>7.938</speed></trkpt><trkpt lat="24.987734" lon="121.575991"><time>2026-10-02T08:30:52Z</time><ele>24</ele><speed>8.08</speed></trkpt><trkpt lat="24.98773" lon="121.575962"><time>2026-10-02T08:30:53Z</time><ele>24</ele><speed>8.76</speed></trkpt><trkpt lat="24.987734" lon="121.575934"><time>2026-10-02T08:30:54Z</time><ele>24</ele><speed>8.018</speed></trkpt><trkpt lat="24.987741" lon="121.575906"><time>2026-10-02T08:30:56Z</time><ele>24</ele><speed>7.615</speed></trkpt><trkpt lat="24.987749" lon="121.575883"><time>2026-10-02T08:30:57Z</time><ele>23</ele><speed>7.122</speed></trkpt><trkpt lat="24.98776" lon="121.575863"><time>2026-10-02T08:30:58Z</time><ele>23</ele><speed>5.44</speed></trkpt><trkpt lat="24.98778" lon="121.575838"><time>2026-10-02T08:31:02Z</time><ele>23</ele><speed>2.289</speed></trkpt><trkpt lat="24.987799" lon="121.575817"><time>2026-10-02T08:31:03Z</time><ele>24</ele><speed>2.502</speed></trkpt><trkpt lat="24.98781" lon="121.575794"><time>2026-10-02T08:31:09Z</time><ele>24</ele><speed>3.412</speed></trkpt><trkpt lat="24.987815" lon="121.575771"><time>2026-10-02T08:31:11Z</time><ele>23</ele><speed>4.487</speed></trkpt><trkpt lat="24.987816" lon="121.575749"><time>2026-10-02T08:31:12Z</time><ele>23</ele><speed>4.461</speed></trkpt><trkpt lat="24.987813" lon="121.575725"><time>2026-10-02T08:31:13Z</time><ele>24</ele><speed>4.276</speed></trkpt><trkpt lat="24.987802" lon="121.575708"><time>2026-10-02T08:31:14Z</time><ele>24</ele><speed>3.511</speed></trkpt><trkpt lat="24.987792" lon="121.575691"><time>2026-10-02T08:31:15Z</time><ele>24</ele><speed>2.658</speed></trkpt><trkpt lat="24.987793" lon="121.57567"><time>2026-10-02T08:31:24Z</time><ele>24</ele><speed>3.871</speed></trkpt><trkpt lat="24.987797" lon="121.575649"><time>2026-10-02T08:31:28Z</time><ele>24</ele><speed>3.719</speed></trkpt><trkpt lat="24.987807" lon="121.575626"><time>2026-10-02T08:31:29Z</time><ele>23</ele><speed>4.684</speed></trkpt><trkpt lat="24.987819" lon="121.575602"><time>2026-10-02T08:31:30Z</time><ele>24</ele><speed>5.63</speed></trkpt><trkpt lat="24.987833" lon="121.575577"><time>2026-10-02T08:31:31Z</time><ele>24</ele><speed>6.126</speed></trkpt><trkpt lat="24.98785" lon="121.575544"><time>2026-10-02T08:31:32Z</time><ele>23</ele><speed>8.491</speed></trkpt><trkpt lat="24.987866" lon="121.575512"><time>2026-10-02T08:31:33Z</time><ele>23</ele><speed>10.474</speed></trkpt><trkpt lat="24.98788" lon="121.575479"><time>2026-10-02T08:31:34Z</time><ele>24</ele><speed>0.0</speed></trkpt><trkpt lat="24.987892" lon="121.575459"><time>2026-10-02T08:31:35Z</time><ele>24</ele><speed>3.162</speed></trkpt><trkpt lat="24.987903" lon="121.575436"><time>2026-10-02T08:31:36Z</time><ele>23</ele><speed>3.706</speed></trkpt><trkpt lat="24.987913" lon="121.575412"><time>2026-10-02T08:31:37Z</time><ele>23</ele><speed>4.139</speed></trkpt><trkpt lat="24.98792" lon="121.575389"><time>2026-10-02T08:31:38Z</time><ele>23</ele><speed>5.103</speed></trkpt><trkpt lat="24.987925" lon="121.575368"><time>2026-10-02T08:31:39Z</time><ele>23</ele><speed>6.055</speed></trkpt><trkpt lat="24.987929" lon="121.575292"><time>2026-10-02T08:32:13Z</time><ele>24</ele><speed>5.076</speed></trkpt><trkpt lat="24.987936" lon="121.5752"><time>2026-10-02T08:32:14Z</time><ele>24</ele><speed>8.286</speed></trkpt><trkpt lat="24.987947" lon="121.575107"><time>2026-10-02T08:32:15Z</time><ele>24</ele><speed>10.411</speed></trkpt><trkpt lat="24.987961" lon="121.57501"><time>2026-10-02T08:32:16Z</time><ele>24</ele><speed>12.693</speed></trkpt><trkpt lat="24.987977" lon="121.57491"><time>2026-10-02T08:32:17Z</time><ele>24</ele><speed>13.953</speed></trkpt><trkpt lat="24.987993" lon="121.574811"><time>2026-10-02T08:32:18Z</time><ele>24</ele><speed>15.147</speed></trkpt><trkpt lat="24.988012" lon="121.574766"><time>2026-10-02T08:32:19Z</time><ele>24</ele><speed>15.47</speed></trkpt><trkpt lat="24.988031" lon="121.574721"><time>2026-10-02T08:32:20Z</time><ele>24</ele><speed>16.73</speed></trkpt><trkpt lat="24.988046" lon="121.574673"><time>2026-10-02T08:32:21Z</time><ele>24</ele><speed>16.809</speed></trkpt><trkpt lat="24.988059" lon="121.574624"><time>2026-10-02T08:32:22Z</time><ele>24</ele><speed>14.928</speed></trkpt><trkpt lat="24.988076" lon="121.574581"><time>2026-10-02T08:32:23Z</time><ele>24</ele><speed>13.292</speed></trkpt><trkpt lat="24.988093" lon="121.574541"><time>2026-10-02T08:32:24Z</time><ele>25</ele><speed>13.081</speed></trkpt><trkpt lat="24.988107" lon="121.574497"><time>2026-10-02T08:32:25Z</time><ele>25</ele><speed>14.57</speed></trkpt><trkpt lat="24.988114" lon="121.574447"><time>2026-10-02T08:32:26Z</time><ele>23</ele><speed>17.073</speed></trkpt><trkpt lat="24.988121" lon="121.574393"><time>2026-10-02T08:32:27Z</time><ele>24</ele><speed>18.2</speed></trkpt><trkpt lat="24.988129" lon="121.574337"><time>2026-10-02T08:32:28Z</time><ele>24</ele><speed>19.344</speed></trkpt><trkpt lat="24.988134" lon="121.574268"><time>2026-10-02T08:32:29Z</time><ele>23</ele><speed>21.543</speed></trkpt><trkpt lat="24.988139" lon="121.574188"><time>2026-10-02T08:32:30Z</time><ele>23</ele><speed>22.635</speed></trkpt><trkpt lat="24.988145" lon="121.574108"><time>2026-10-02T08:32:31Z</time><ele>23</ele><speed>20.274</speed></trkpt><trkpt lat="24.988158" lon="121.574037"><time>2026-10-02T08:32:32Z</time><ele>23</ele><speed>18.776</speed></trkpt><trkpt lat="24.988175" lon="121.573977"><time>2026-10-02T08:32:33Z</time><ele>23</ele><speed>16.052</speed></trkpt><trkpt lat="24.98819" lon="121.573922"><time>2026-10-02T08:32:34Z</time><ele>23</ele><speed>14.812</speed></trkpt><trkpt lat="24.988201" lon="121.573883"><time>2026-10-02T08:32:35Z</time><ele>23</ele><speed>10.907</speed></trkpt><trkpt lat="24.988211" lon="121.573857"><time>2026-10-02T08:32:36Z</time><ele>24</ele><speed>9.576</speed></trkpt><trkpt lat="24.988218" lon="121.573837"><time>2026-10-02T08:32:37Z</time><ele>23</ele><speed>9.461</speed></trkpt><trkpt lat="24.988219" lon="121.573808"><time>2026-10-02T08:33:11Z</time><ele>26</ele><speed>3.504</speed></trkpt><trkpt lat="24.988216" lon="121.573776"><time>2026-10-02T08:33:12Z</time><ele>26</ele><speed>2.772</speed></trkpt><trkpt lat="24.988213" lon="121.573741"><time>2026-10-02T08:33:13Z</time><ele>26</ele><speed>6.88</speed></trkpt><trkpt lat="24.988213" lon="121.573699"><time>2026-10-02T08:33:14Z</time><ele>27</ele><speed>8.361</speed></trkpt><trkpt lat="24.988212" lon="121.573653"><time>2026-10-02T08:33:15Z</time><ele>27</ele><speed>9.849</speed></trkpt><trkpt lat="24.988201" lon="121.573571"><time>2026-10-02T08:33:16Z</time><ele>28</ele><speed>21.701</speed></trkpt><trkpt lat="24.988187" lon="121.573483"><time>2026-10-02T08:33:17Z</time><ele>28</ele><speed>27.847</speed></trkpt><trkpt lat="24.988169" lon="121.573383"><time>2026-10-02T08:33:18Z</time><ele>29</ele><speed>29.774</speed></trkpt><trkpt lat="24.988143" lon="121.573265"><time>2026-10-02T08:33:19Z</time><ele>28</ele><speed>33.566</speed></trkpt><trkpt lat="24.988111" lon="121.573135"><time>2026-10-02T08:33:20Z</time><ele>28</ele><speed>33.599</speed></trkpt><trkpt lat="24.988081" lon="121.57299"><time>2026-10-02T08:33:21Z</time><ele>28</ele><speed>33.49</speed></trkpt><trkpt lat="24.988057" lon="121.572872"><time>2026-10-02T08:33:22Z</time><ele>27</ele><speed>32.701</speed></trkpt><trkpt lat="24.988036" lon="121.572766"><time>2026-10-02T08:33:23Z</time><ele>27</ele><speed>30.143</speed></trkpt><trkpt lat="24.988014" lon="121.572664"><time>2026-10-02T08:33:24Z</time><ele>27</ele><speed>29.148</speed></trkpt><trkpt lat="24.987994" lon="121.572579"><time>2026-10-02T08:33:25Z</time><ele>27</ele><speed>28.067</speed></trkpt><trkpt lat="24.987977" lon="121.5725"><time>2026-10-02T08:33:26Z</time><ele>27</ele><speed>25.326</speed></trkpt><trkpt lat="24.987956" lon="121.572437"><time>2026-10-02T08:33:27Z</time><ele>27</ele><speed>20.954</speed></trkpt><trkpt lat="24.987936" lon="121.572384"><time>2026-10-02T08:33:28Z</time><ele>27</ele><speed>17.827</speed></trkpt><trkpt lat="24.987919" lon="121.572342"><time>2026-10-02T08:33:29Z</time><ele>27</ele><speed>11.567</speed></trkpt><trkpt lat="24.987907" lon="121.572311"><time>2026-10-02T08:33:30Z</time><ele>27</ele><speed>7.19</speed></trkpt><trkpt lat="24.9879" lon="121.572291"><time>2026-10-02T08:33:31Z</time><ele>27</ele><speed>4.639</speed></trkpt><trkpt lat="24.98789" lon="121.572272"><time>2026-10-02T08:33:35Z</time><ele>29</ele><speed>5.994</speed></trkpt><trkpt lat="24.98788" lon="121.572255"><time>2026-10-02T08:33:36Z</time><ele>29</ele><speed>5.924</speed></trkpt><trkpt lat="24.987873" lon="121.572234"><time>2026-10-02T08:33:40Z</time><ele>30</ele><speed>6.18</speed></trkpt><trkpt lat="24.987863" lon="121.572209"><time>2026-10-02T08:33:41Z</time><ele>29</ele><speed>6.782</speed></trkpt><trkpt lat="24.987853" lon="121.572183"><time>2026-10-02T08:33:42Z</time><ele>30</ele><speed>6.015</speed></trkpt><trkpt lat="24.987845" lon="121.572154"><time>2026-10-02T08:33:43Z</time><ele>31</ele><speed>6.881</speed></trkpt><trkpt lat="24.987838" lon="121.57213"><time>2026-10-02T08:33:44Z</time><ele>31</ele><speed>8.451</speed></trkpt><trkpt lat="24.987829" lon="121.572106"><time>2026-10-02T08:33:45Z</time><ele>32</ele><speed>8.815</speed></trkpt><trkpt lat="24.987826" lon="121.572083"><time>2026-10-02T08:33:47Z</time><ele>32</ele><speed>8.07</speed></trkpt><trkpt lat="24.987821" lon="121.572058"><time>2026-10-02T08:33:48Z</time><ele>32</ele><speed>8.482</speed></trkpt><trkpt lat="24.987816" lon="121.572032"><time>2026-10-02T08:33:49Z</time><ele>33</ele><speed>8.091</speed></trkpt><trkpt lat="24.987809" lon="121.572009"><time>2026-10-02T08:33:50Z</time><ele>33</ele><speed>7.808</speed></trkpt><trkpt lat="24.987803" lon="121.571986"><time>2026-10-02T08:33:51Z</time><ele>33</ele><speed>8.742</speed></trkpt><trkpt lat="24.987798" lon="121.571963"><time>2026-10-02T08:33:52Z</time><ele>34</ele><speed>10.316</speed></trkpt><trkpt lat="24.98779" lon="121.571939"><time>2026-10-02T08:33:53Z</time><ele>34</ele><speed>13.737</speed></trkpt><trkpt lat="24.987781" lon="121.57191"><time>2026-10-02T08:33:54Z</time><ele>35</ele><speed>15.774</speed></trkpt><trkpt lat="24.987771" lon="121.571877"><time>2026-10-02T08:33:55Z</time><ele>35</ele><speed>17.356</speed></trkpt><trkpt lat="24.987761" lon="121.571839"><time>2026-10-02T08:33:56Z</time><ele>35</ele><speed>17.647</speed></trkpt><trkpt lat="24.987749" lon="121.571796"><time>2026-10-02T08:33:57Z</time><ele>33</ele><speed>17.381</speed></trkpt><trkpt lat="24.987737" lon="121.571749"><time>2026-10-02T08:33:58Z</time><ele>32</ele><speed>17.978</speed></trkpt><trkpt lat="24.987727" lon="121.571702"><time>2026-10-02T08:33:59Z</time><ele>32</ele><speed>17.291</speed></trkpt><trkpt lat="24.987718" lon="121.571657"><time>2026-10-02T08:34:00Z</time><ele>31</ele><speed>15.643</speed></trkpt><trkpt lat="24.98771" lon="121.571612"><time>2026-10-02T08:34:01Z</time><ele>30</ele><speed>14.726</speed></trkpt><trkpt lat="24.987704" lon="121.571568"><time>2026-10-02T08:34:02Z</time><ele>29</ele><speed>13.472</speed></trkpt><trkpt lat="24.9877" lon="121.571527"><time>2026-10-02T08:34:03Z</time><ele>29</ele><speed>11.979</speed></trkpt><trkpt lat="24.987699" lon="121.571489"><time>2026-10-02T08:34:04Z</time><ele>29</ele><speed>11.214</speed></trkpt><trkpt lat="24.9877" lon="121.571456"><time>2026-10-02T08:34:05Z</time><ele>28</ele><speed>9.435</speed></trkpt><trkpt lat="24.987702" lon="121.571425"><time>2026-10-02T08:34:06Z</time><ele>28</ele><speed>9.019</speed></trkpt><trkpt lat="24.987707" lon="121.571397"><time>2026-10-02T08:34:07Z</time><ele>28</ele><speed>9.403</speed></trkpt><trkpt lat="24.987714" lon="121.571371"><time>2026-10-02T08:34:08Z</time><ele>27</ele><speed>10.38</speed></trkpt><trkpt lat="24.987723" lon="121.571339"><time>2026-10-02T08:34:09Z</time><ele>27</ele><speed>11.493</speed></trkpt><trkpt lat="24.98773" lon="121.571307"><time>2026-10-02T08:34:10Z</time><ele>27</ele><speed>11.839</speed></trkpt><trkpt lat="24.987736" lon="121.571273"><time>2026-10-02T08:34:11Z</time><ele>26</ele><speed>11.212</speed></trkpt><trkpt lat="24.987743" lon="121.571244"><time>2026-10-02T08:34:12Z</time><ele>27</ele><speed>8.104</speed></trkpt><trkpt lat="24.987749" lon="121.571218"><time>2026-10-02T08:34:13Z</time><ele>27</ele><speed>6.359</speed></trkpt><trkpt lat="24.987753" lon="121.571198"><time>2026-10-02T08:34:14Z</time><ele>27</ele><speed>4.51</speed></trkpt></trkseg></trk></gpx>
